Using pre-set license
Built from '2022.3/respin/2022.3.62f2-4af31df585-v2' branch; Version is '2022.3.62f3 (96770f904ca7) revision 9860879'; Using compiler version '192829333'; Build Type 'Release'
OS: 'Windows 11  (10.0.26200) 64bit Core' Language: 'en' Physical Memory: 31904 MB
BatchMode: 1, IsHumanControllingUs: 0, StartBugReporterOnCrash: 0, Is64bit: 1, IsPro: 1

COMMAND LINE ARGUMENTS:
E:\Unity\2022.3.62f3\Editor\Unity.exe
-adb2
-batchMode
-noUpm
-name
AssetImportWorker4
-projectPath
E:/GIt/The_Ambush
-logFile
Logs/AssetImportWorker4.log
-srvPort
52482
Successfully changed project path to: E:/GIt/The_Ambush
E:/GIt/The_Ambush
[UnityMemory] Configuration Parameters - Can be set up in boot.config
    "memorysetup-bucket-allocator-granularity=16"
    "memorysetup-bucket-allocator-bucket-count=8"
    "memorysetup-bucket-allocator-block-size=33554432"
    "memorysetup-bucket-allocator-block-count=8"
    "memorysetup-main-allocator-block-size=16777216"
    "memorysetup-thread-allocator-block-size=16777216"
    "memorysetup-gfx-main-allocator-block-size=16777216"
    "memorysetup-gfx-thread-allocator-block-size=16777216"
    "memorysetup-cache-allocator-block-size=4194304"
    "memorysetup-typetree-allocator-block-size=2097152"
    "memorysetup-profiler-bucket-allocator-granularity=16"
    "memorysetup-profiler-bucket-allocator-bucket-count=8"
    "memorysetup-profiler-bucket-allocator-block-size=33554432"
    "memorysetup-profiler-bucket-allocator-block-count=8"
    "memorysetup-profiler-allocator-block-size=16777216"
    "memorysetup-profiler-editor-allocator-block-size=1048576"
    "memorysetup-temp-allocator-size-main=16777216"
    "memorysetup-job-temp-allocator-block-size=2097152"
    "memorysetup-job-temp-allocator-block-size-background=1048576"
    "memorysetup-job-temp-allocator-reduction-small-platforms=262144"
    "memorysetup-allocator-temp-initial-block-size-main=262144"
    "memorysetup-allocator-temp-initial-block-size-worker=262144"
    "memorysetup-temp-allocator-size-background-worker=32768"
    "memorysetup-temp-allocator-size-job-worker=262144"
    "memorysetup-temp-allocator-size-preload-manager=33554432"
    "memorysetup-temp-allocator-size-nav-mesh-worker=65536"
    "memorysetup-temp-allocator-size-audio-worker=65536"
    "memorysetup-temp-allocator-size-cloud-worker=32768"
    "memorysetup-temp-allocator-size-gi-baking-worker=262144"
    "memorysetup-temp-allocator-size-gfx=262144"
Player connection [36456]  Target information:

Player connection [36456]  * "[IP] 192.168.1.36 [Port] 0 [Flags] 2 [Guid] 1194981330 [EditorId] 1194981330 [Version] 1048832 [Id] WindowsEditor(7,DESKTOP-IJS72VE) [Debug] 1 [PackageName] WindowsEditor [ProjectName] Editor" 

Player connection [36456] Host joined multi-casting on [225.0.0.222:54997]...
Player connection [36456] Host joined alternative multi-casting on [225.0.0.222:34997]...
Input System module state changed to: Initialized.
[PhysX] Initialized MultithreadedTaskDispatcher with 16 workers.
Refreshing native plugins compatible for Editor in 5.61 ms, found 3 plugins.
Preloading 0 native plugins for Editor in 0.00 ms.
Initialize engine version: 2022.3.62f3 (96770f904ca7)
[Subsystems] Discovering subsystems at path E:/Unity/2022.3.62f3/Editor/Data/Resources/UnitySubsystems
[Subsystems] Discovering subsystems at path E:/GIt/The_Ambush/Assets
GfxDevice: creating device client; threaded=0; jobified=0
Direct3D:
    Version:  Direct3D 11.0 [level 11.1]
    Renderer: NVIDIA GeForce RTX 3070 (ID=0x2488)
    Vendor:   NVIDIA
    VRAM:     8018 MB
    Driver:   32.0.15.8088
Initialize mono
Mono path[0] = 'E:/Unity/2022.3.62f3/Editor/Data/Managed'
Mono path[1] = 'E:/Unity/2022.3.62f3/Editor/Data/MonoBleedingEdge/lib/mono/unityjit-win32'
Mono config path = 'E:/Unity/2022.3.62f3/Editor/Data/MonoBleedingEdge/etc'
Using monoOptions --debugger-agent=transport=dt_socket,embedding=1,server=y,suspend=n,address=127.0.0.1:56472
Begin MonoManager ReloadAssembly
Registering precompiled unity dll's ...
Register platform support module: E:/Unity/2022.3.62f3/Editor/Data/PlaybackEngines/WindowsStandaloneSupport/UnityEditor.WindowsStandalone.Extensions.dll
Registered in 0.002158 seconds.
- Loaded All Assemblies, in  0.202 seconds
Native extension for WindowsStandalone target not found
Mono: successfully reloaded assembly
- Finished resetting the current domain, in  0.149 seconds
Domain Reload Profiling: 350ms
	BeginReloadAssembly (68ms)
		ExecutionOrderSort (0ms)
		DisableScriptedObjects (0ms)
		BackupInstance (0ms)
		ReleaseScriptingObjects (0ms)
		CreateAndSetChildDomain (0ms)
	RebuildCommonClasses (23ms)
	RebuildNativeTypeToScriptingClass (6ms)
	initialDomainReloadingComplete (29ms)
	LoadAllAssembliesAndSetupDomain (75ms)
		LoadAssemblies (68ms)
		RebuildTransferFunctionScriptingTraits (0ms)
		AnalyzeDomain (74ms)
			TypeCache.Refresh (73ms)
				TypeCache.ScanAssembly (66ms)
			ScanForSourceGeneratedMonoScriptInfo (0ms)
			ResolveRequiredComponents (0ms)
	FinalizeReload (149ms)
		ReleaseScriptCaches (0ms)
		RebuildScriptCaches (0ms)
		SetupLoadedEditorAssemblies (123ms)
			LogAssemblyErrors (0ms)
			InitializePlatformSupportModulesInManaged (5ms)
			SetLoadedEditorAssemblies (4ms)
			RefreshPlugins (0ms)
			BeforeProcessingInitializeOnLoad (1ms)
			ProcessInitializeOnLoadAttributes (85ms)
			ProcessInitializeOnLoadMethodAttributes (27ms)
			AfterProcessingInitializeOnLoad (0ms)
			EditorAssembliesLoaded (0ms)
		ExecutionOrderSort2 (0ms)
		AwakeInstancesAfterBackupRestoration (0ms)
========================================================================
Worker process is ready to serve import requests
Caller must complete domain reload
Begin MonoManager ReloadAssembly
- Loaded All Assemblies, in  0.500 seconds
Native extension for WindowsStandalone target not found
Mono: successfully reloaded assembly
- Finished resetting the current domain, in  0.332 seconds
Domain Reload Profiling: 832ms
	BeginReloadAssembly (83ms)
		ExecutionOrderSort (0ms)
		DisableScriptedObjects (3ms)
		BackupInstance (0ms)
		ReleaseScriptingObjects (0ms)
		CreateAndSetChildDomain (13ms)
	RebuildCommonClasses (19ms)
	RebuildNativeTypeToScriptingClass (6ms)
	initialDomainReloadingComplete (21ms)
	LoadAllAssembliesAndSetupDomain (370ms)
		LoadAssemblies (307ms)
		RebuildTransferFunctionScriptingTraits (0ms)
		AnalyzeDomain (111ms)
			TypeCache.Refresh (96ms)
				TypeCache.ScanAssembly (88ms)
			ScanForSourceGeneratedMonoScriptInfo (11ms)
			ResolveRequiredComponents (3ms)
	FinalizeReload (332ms)
		ReleaseScriptCaches (0ms)
		RebuildScriptCaches (0ms)
		SetupLoadedEditorAssemblies (252ms)
			LogAssemblyErrors (0ms)
			InitializePlatformSupportModulesInManaged (4ms)
			SetLoadedEditorAssemblies (2ms)
			RefreshPlugins (0ms)
			BeforeProcessingInitializeOnLoad (36ms)
			ProcessInitializeOnLoadAttributes (196ms)
			ProcessInitializeOnLoadMethodAttributes (13ms)
			AfterProcessingInitializeOnLoad (1ms)
			EditorAssembliesLoaded (0ms)
		ExecutionOrderSort2 (0ms)
		AwakeInstancesAfterBackupRestoration (4ms)
Launched and connected shader compiler UnityShaderCompiler.exe after 0.03 seconds
Refreshing native plugins compatible for Editor in 2.21 ms, found 3 plugins.
Preloading 0 native plugins for Editor in 0.00 ms.
Unloading 3818 Unused Serialized files (Serialized files now loaded: 0)
Unloading 35 unused Assets / (1.7 MB). Loaded Objects now: 4281.
Memory consumption went from 159.7 MB to 158.0 MB.
Total: 4.182900 ms (FindLiveObjects: 0.421400 ms CreateObjectMapping: 0.139600 ms MarkObjects: 3.020100 ms  DeleteObjects: 0.601100 ms)

AssetImportParameters requested are different than current active one (requested -> active):
  custom:container-demuxer-ogg: 62fdf1f143b41e24485cea50d1cbac27 -> 
  custom:video-codec-MediaFoundation-h265: 746d11721c4dcdbdad8f713fa42b33f4 -> 
  custom:video-decoder-ogg-theora: a1e56fd34408186e4bbccfd4996cb3dc -> 
  custom:framework-win-MediaFoundation: 216162199b28c13a410421893ffa2e32 -> 
  custom:CustomObjectIndexerAttribute: 9a22284fe3817be447336de3de66b15e -> 
  custom:container-demuxer-webm: 4f35f7cbe854078d1ac9338744f61a02 -> 
  custom:container-muxer-webm: aa71ff27fc2769a1b78a27578f13a17b -> 
  custom:scripting/monoscript/fileName/ReadmeEditor.cs: ff7ced1e41c1b99ddf5dfefc88f6bd50 -> 
  custom:video-decoder-webm-vp8: 9c59270c3fd7afecdb556c50c9e8de78 -> 
  custom:SearchIndexIgnoredProperties: e643bd26f0fe6173181afceb89e7c659 -> 
  custom:AudioImporter_EditorPlatform: d09bf68614088b80899f8185d706f6e7 -> 
  custom:video-encoder-webm-vp8: eb34c28f22e8b96e1ab97ce403110664 -> 
  custom:audio-decoder-ogg-vorbis: bf7c407c2cedff20999df2af8eb42d56 -> 
  custom:audio-encoder-webm-vorbis: bf7c407c2cedff20999df2af8eb42d56 -> 
  custom:scripting/precompiled-assembly-types:Assembly-CSharp-Editor: 313400a751e441a2d874eab7f0380857 -> 
========================================================================
Received Import Request.
  Time since last request: 14709.803386 seconds.
  path: Assets/Low Poly Weapons VOL.1/Models/AK74.fbx
  artifactKey: Guid(6f966b9a7c817ed49973b4a8762cbbdf) Importer(815301076,1909f56bfc062723c751e8b465ee728b)
Start importing Assets/Low Poly Weapons VOL.1/Models/AK74.fbx using Guid(6f966b9a7c817ed49973b4a8762cbbdf) Importer(815301076,1909f56bfc062723c751e8b465ee728b) [PhysX] Initialized MultithreadedTaskDispatcher with 16 workers.
[PhysX] Initialized MultithreadedTaskDispatcher with 16 workers.
[PhysX] Initialized MultithreadedTaskDispatcher with 16 workers.
[PhysX] Initialized MultithreadedTaskDispatcher with 16 workers.
[PhysX] Initialized MultithreadedTaskDispatcher with 16 workers.
[PhysX] Initialized MultithreadedTaskDispatcher with 16 workers.
[PhysX] Initialized MultithreadedTaskDispatcher with 16 workers.
[PhysX] Initialized MultithreadedTaskDispatcher with 16 workers.
[PhysX] Initialized MultithreadedTaskDispatcher with 16 workers.
 -> (artifact id: '80eb5fa0a216db02e286c3ab88ca2c55') in 0.127515 seconds
Number of updated asset objects reloaded before import = 0
Number of asset objects unloaded after import = 24
========================================================================
Received Import Request.
  Time since last request: 0.000015 seconds.
  path: Assets/Low Poly Weapons VOL.1/Models/M2_50cal.fbx
  artifactKey: Guid(018d5bd3bfb8b6a49a8b354ba11e4a8f) Importer(815301076,1909f56bfc062723c751e8b465ee728b)
Start importing Assets/Low Poly Weapons VOL.1/Models/M2_50cal.fbx using Guid(018d5bd3bfb8b6a49a8b354ba11e4a8f) Importer(815301076,1909f56bfc062723c751e8b465ee728b) [PhysX] Initialized MultithreadedTaskDispatcher with 16 workers.
[PhysX] Initialized MultithreadedTaskDispatcher with 16 workers.
[PhysX] Initialized MultithreadedTaskDispatcher with 16 workers.
[PhysX] Initialized MultithreadedTaskDispatcher with 16 workers.
[PhysX] Initialized MultithreadedTaskDispatcher with 16 workers.
[PhysX] Initialized MultithreadedTaskDispatcher with 16 workers.
[PhysX] Initialized MultithreadedTaskDispatcher with 16 workers.
[PhysX] Initialized MultithreadedTaskDispatcher with 16 workers.
[PhysX] Initialized MultithreadedTaskDispatcher with 16 workers.
[PhysX] Initialized MultithreadedTaskDispatcher with 16 workers.
 -> (artifact id: '33d925515755252d77c47dae33fcd1d4') in 0.079258 seconds
Number of updated asset objects reloaded before import = 0
Number of asset objects unloaded after import = 43
========================================================================
Received Import Request.
  Time since last request: 41.266634 seconds.
  path: Assets/UnityTechnologies/EffectExamples/WaterEffects/Models/WaterFaucet.FBX
  artifactKey: Guid(3cd30427c314b904d8bc315f84506731) Importer(815301076,1909f56bfc062723c751e8b465ee728b)
Start importing Assets/UnityTechnologies/EffectExamples/WaterEffects/Models/WaterFaucet.FBX using Guid(3cd30427c314b904d8bc315f84506731) Importer(815301076,1909f56bfc062723c751e8b465ee728b) [PhysX] Initialized MultithreadedTaskDispatcher with 16 workers.
[PhysX] Initialized MultithreadedTaskDispatcher with 16 workers.
[PhysX] Initialized MultithreadedTaskDispatcher with 16 workers.
 -> (artifact id: '5035504c943b74f4c809ef6b181058be') in 0.012811 seconds
Number of updated asset objects reloaded before import = 0
Number of asset objects unloaded after import = 7
========================================================================
Received Import Request.
  Time since last request: 0.016684 seconds.
  path: Assets/Scenes/Map & decor/Mesh/Simple Street Props/Models/Water barrel 2.fbx
  artifactKey: Guid(d8fb3a1a82dd6af4f9288e635483944e) Importer(815301076,1909f56bfc062723c751e8b465ee728b)
Start importing Assets/Scenes/Map & decor/Mesh/Simple Street Props/Models/Water barrel 2.fbx using Guid(d8fb3a1a82dd6af4f9288e635483944e) Importer(815301076,1909f56bfc062723c751e8b465ee728b) [PhysX] Initialized MultithreadedTaskDispatcher with 16 workers.
[PhysX] Initialized MultithreadedTaskDispatcher with 16 workers.
[PhysX] Initialized MultithreadedTaskDispatcher with 16 workers.
 -> (artifact id: '763e4eeca462ae6f90d0d530dcfd83da') in 0.012992 seconds
Number of updated asset objects reloaded before import = 0
Number of asset objects unloaded after import = 11
========================================================================
Received Import Request.
  Time since last request: 0.289631 seconds.
  path: Assets/Scenes/Map & decor/Mesh/Simple Street Props/Models/Water barrel 1.fbx
  artifactKey: Guid(a9e6d76e901f38648ae0bb3e1834cc08) Importer(815301076,1909f56bfc062723c751e8b465ee728b)
Start importing Assets/Scenes/Map & decor/Mesh/Simple Street Props/Models/Water barrel 1.fbx using Guid(a9e6d76e901f38648ae0bb3e1834cc08) Importer(815301076,1909f56bfc062723c751e8b465ee728b) [PhysX] Initialized MultithreadedTaskDispatcher with 16 workers.
[PhysX] Initialized MultithreadedTaskDispatcher with 16 workers.
[PhysX] Initialized MultithreadedTaskDispatcher with 16 workers.
 -> (artifact id: '43fb1ce6e3ddae9bf2983b476a2c98de') in 0.012760 seconds
Number of updated asset objects reloaded before import = 0
Number of asset objects unloaded after import = 11
========================================================================
Received Import Request.
  Time since last request: 0.021982 seconds.
  path: Assets/Scenes/Map & decor/Mesh/Construction_Package/Construction_Vol02/Meshes/SM_WheelBarrel_01c.FBX
  artifactKey: Guid(b129705ba8ef9ce4ba6473a74dd5f716) Importer(815301076,1909f56bfc062723c751e8b465ee728b)
Start importing Assets/Scenes/Map & decor/Mesh/Construction_Package/Construction_Vol02/Meshes/SM_WheelBarrel_01c.FBX using Guid(b129705ba8ef9ce4ba6473a74dd5f716) Importer(815301076,1909f56bfc062723c751e8b465ee728b) [PhysX] Initialized MultithreadedTaskDispatcher with 16 workers.
[PhysX] Initialized MultithreadedTaskDispatcher with 16 workers.
[PhysX] Initialized MultithreadedTaskDispatcher with 16 workers.
[PhysX] Initialized MultithreadedTaskDispatcher with 16 workers.
[PhysX] Initialized MultithreadedTaskDispatcher with 16 workers.
[PhysX] Initialized MultithreadedTaskDispatcher with 16 workers.
[PhysX] Initialized MultithreadedTaskDispatcher with 16 workers.
[PhysX] Initialized MultithreadedTaskDispatcher with 16 workers.
[PhysX] Initialized MultithreadedTaskDispatcher with 16 workers.
[PhysX] Initialized MultithreadedTaskDispatcher with 16 workers.
 -> (artifact id: '6c147cf8565683ff3b6cdd4266feec6c') in 0.037488 seconds
Number of updated asset objects reloaded before import = 0
Number of asset objects unloaded after import = 38
========================================================================
Received Import Request.
  Time since last request: 1.575928 seconds.
  path: Assets/Scenes/Map & decor/Mesh/Construction_Package/Construction_Vol02/Meshes/SM_RollerMachine_WheelB_01a.FBX
  artifactKey: Guid(80630ae3257029747b19c43a2fe3ccbb) Importer(815301076,1909f56bfc062723c751e8b465ee728b)
Start importing Assets/Scenes/Map & decor/Mesh/Construction_Package/Construction_Vol02/Meshes/SM_RollerMachine_WheelB_01a.FBX using Guid(80630ae3257029747b19c43a2fe3ccbb) Importer(815301076,1909f56bfc062723c751e8b465ee728b) [PhysX] Initialized MultithreadedTaskDispatcher with 16 workers.
[PhysX] Initialized MultithreadedTaskDispatcher with 16 workers.
[PhysX] Initialized MultithreadedTaskDispatcher with 16 workers.
[PhysX] Initialized MultithreadedTaskDispatcher with 16 workers.
[PhysX] Initialized MultithreadedTaskDispatcher with 16 workers.
[PhysX] Initialized MultithreadedTaskDispatcher with 16 workers.
[PhysX] Initialized MultithreadedTaskDispatcher with 16 workers.
[PhysX] Initialized MultithreadedTaskDispatcher with 16 workers.
[PhysX] Initialized MultithreadedTaskDispatcher with 16 workers.
[PhysX] Initialized MultithreadedTaskDispatcher with 16 workers.
 -> (artifact id: '5fcd4583f481d9ccd6a324fdbf9bf8aa') in 0.033088 seconds
Number of updated asset objects reloaded before import = 0
Number of asset objects unloaded after import = 37
========================================================================
Received Import Request.
  Time since last request: 0.422430 seconds.
  path: Assets/UnityTechnologies/EffectExamples/WeaponEffects/Models/RocketWarhead.FBX
  artifactKey: Guid(c25b0e0e92e901144a739246c4539336) Importer(815301076,1909f56bfc062723c751e8b465ee728b)
Start importing Assets/UnityTechnologies/EffectExamples/WeaponEffects/Models/RocketWarhead.FBX using Guid(c25b0e0e92e901144a739246c4539336) Importer(815301076,1909f56bfc062723c751e8b465ee728b) [PhysX] Initialized MultithreadedTaskDispatcher with 16 workers.
[PhysX] Initialized MultithreadedTaskDispatcher with 16 workers.
[PhysX] Initialized MultithreadedTaskDispatcher with 16 workers.
 -> (artifact id: '4046900bb26bcbe0e0b4c728bdf2e3cb') in 0.014038 seconds
Number of updated asset objects reloaded before import = 0
Number of asset objects unloaded after import = 8
========================================================================
Received Import Request.
  Time since last request: 44.199883 seconds.
  path: Assets/TextMesh Pro/Sprites/EmojiOne.png
  artifactKey: Guid(dffef66376be4fa480fb02b19edbe903) Importer(815301076,1909f56bfc062723c751e8b465ee728b)
Start importing Assets/TextMesh Pro/Sprites/EmojiOne.png using Guid(dffef66376be4fa480fb02b19edbe903) Importer(815301076,1909f56bfc062723c751e8b465ee728b) [PhysX] Initialized MultithreadedTaskDispatcher with 16 workers.
[PhysX] Initialized MultithreadedTaskDispatcher with 16 workers.
 -> (artifact id: '47230cd1efbd18e20676b9fe9e3bd13c') in 0.013168 seconds
Number of updated asset objects reloaded before import = 0
Number of asset objects unloaded after import = 2
========================================================================
Received Import Request.
  Time since last request: 7.157983 seconds.
  path: Assets/Low Poly Weapons VOL.1
  artifactKey: Guid(3e8616b3f5cb96947a05539d2c03c7da) Importer(815301076,1909f56bfc062723c751e8b465ee728b)
Start importing Assets/Low Poly Weapons VOL.1 using Guid(3e8616b3f5cb96947a05539d2c03c7da) Importer(815301076,1909f56bfc062723c751e8b465ee728b) [PhysX] Initialized MultithreadedTaskDispatcher with 16 workers.
 -> (artifact id: '9d18c6d67a5d92bfd391ad0c23498198') in 0.000424 seconds
Number of updated asset objects reloaded before import = 0
Number of asset objects unloaded after import = 0
========================================================================
Received Import Request.
  Time since last request: 9.476742 seconds.
  path: Assets/TextMesh Pro/Fonts
  artifactKey: Guid(6ab70aee4d56447429c680537fbf93ed) Importer(815301076,1909f56bfc062723c751e8b465ee728b)
Start importing Assets/TextMesh Pro/Fonts using Guid(6ab70aee4d56447429c680537fbf93ed) Importer(815301076,1909f56bfc062723c751e8b465ee728b) [PhysX] Initialized MultithreadedTaskDispatcher with 16 workers.
 -> (artifact id: '6b2fbfe467eca281c725ab3863461304') in 0.000365 seconds
Number of updated asset objects reloaded before import = 0
Number of asset objects unloaded after import = 0
========================================================================
Received Import Request.
  Time since last request: 0.047691 seconds.
  path: Assets/TextMesh Pro/Fonts/LiberationSans.ttf
  artifactKey: Guid(e3265ab4bf004d28a9537516768c1c75) Importer(815301076,1909f56bfc062723c751e8b465ee728b)
Start importing Assets/TextMesh Pro/Fonts/LiberationSans.ttf using Guid(e3265ab4bf004d28a9537516768c1c75) Importer(815301076,1909f56bfc062723c751e8b465ee728b) [PhysX] Initialized MultithreadedTaskDispatcher with 16 workers.
[PhysX] Initialized MultithreadedTaskDispatcher with 16 workers.
[PhysX] Initialized MultithreadedTaskDispatcher with 16 workers.
 -> (artifact id: 'aaf910accc72db1552e58e752620fdca') in 0.015958 seconds
Number of updated asset objects reloaded before import = 0
Number of asset objects unloaded after import = 4
========================================================================
Received Import Request.
  Time since last request: 3.151185 seconds.
  path: Assets/TextMesh Pro/Shaders
  artifactKey: Guid(e9f693669af91aa45ad615fc681ed29f) Importer(815301076,1909f56bfc062723c751e8b465ee728b)
Start importing Assets/TextMesh Pro/Shaders using Guid(e9f693669af91aa45ad615fc681ed29f) Importer(815301076,1909f56bfc062723c751e8b465ee728b) [PhysX] Initialized MultithreadedTaskDispatcher with 16 workers.
 -> (artifact id: '9d05c74819ddcc6d180576aa4c612b94') in 0.000426 seconds
Number of updated asset objects reloaded before import = 0
Number of asset objects unloaded after import = 0
========================================================================
Received Import Request.
  Time since last request: 0.065251 seconds.
  path: Assets/TextMesh Pro/Shaders/TMPro.cginc
  artifactKey: Guid(407bc68d299748449bbf7f48ee690f8d) Importer(815301076,1909f56bfc062723c751e8b465ee728b)
Start importing Assets/TextMesh Pro/Shaders/TMPro.cginc using Guid(407bc68d299748449bbf7f48ee690f8d) Importer(815301076,1909f56bfc062723c751e8b465ee728b) [PhysX] Initialized MultithreadedTaskDispatcher with 16 workers.
 -> (artifact id: '0cbc206d813ef96ab676aebb91b99e42') in 0.000714 seconds
Number of updated asset objects reloaded before import = 0
Number of asset objects unloaded after import = 1
========================================================================
Received Import Request.
  Time since last request: 0.002761 seconds.
  path: Assets/TextMesh Pro/Shaders/TMPro_Mobile.cginc
  artifactKey: Guid(c334973cef89a9840b0b0c507e0377ab) Importer(815301076,1909f56bfc062723c751e8b465ee728b)
Start importing Assets/TextMesh Pro/Shaders/TMPro_Mobile.cginc using Guid(c334973cef89a9840b0b0c507e0377ab) Importer(815301076,1909f56bfc062723c751e8b465ee728b) [PhysX] Initialized MultithreadedTaskDispatcher with 16 workers.
 -> (artifact id: '9d50d4f71d4c41f17f55e06fadb7bd91') in 0.000463 seconds
Number of updated asset objects reloaded before import = 0
Number of asset objects unloaded after import = 1
========================================================================
Received Import Request.
  Time since last request: 0.003029 seconds.
  path: Assets/TextMesh Pro/Shaders/TMPro_Properties.cginc
  artifactKey: Guid(3997e2241185407d80309a82f9148466) Importer(815301076,1909f56bfc062723c751e8b465ee728b)
Start importing Assets/TextMesh Pro/Shaders/TMPro_Properties.cginc using Guid(3997e2241185407d80309a82f9148466) Importer(815301076,1909f56bfc062723c751e8b465ee728b) [PhysX] Initialized MultithreadedTaskDispatcher with 16 workers.
 -> (artifact id: 'cd14be5697d6eaf83ec47faf0e195855') in 0.000480 seconds
Number of updated asset objects reloaded before import = 0
Number of asset objects unloaded after import = 1
========================================================================
Received Import Request.
  Time since last request: 0.002775 seconds.
  path: Assets/TextMesh Pro/Shaders/TMPro_Surface.cginc
  artifactKey: Guid(d930090c0cd643c7b55f19a38538c162) Importer(815301076,1909f56bfc062723c751e8b465ee728b)
Start importing Assets/TextMesh Pro/Shaders/TMPro_Surface.cginc using Guid(d930090c0cd643c7b55f19a38538c162) Importer(815301076,1909f56bfc062723c751e8b465ee728b) [PhysX] Initialized MultithreadedTaskDispatcher with 16 workers.
 -> (artifact id: '8289e15322108dcd4d77c1db698425f8') in 0.000465 seconds
Number of updated asset objects reloaded before import = 0
Number of asset objects unloaded after import = 1
========================================================================
Received Import Request.
  Time since last request: 1.511910 seconds.
  path: Assets/TextMesh Pro/Documentation
  artifactKey: Guid(8e7e8f5a82a3a134e91c54efd2274ea9) Importer(815301076,1909f56bfc062723c751e8b465ee728b)
Start importing Assets/TextMesh Pro/Documentation using Guid(8e7e8f5a82a3a134e91c54efd2274ea9) Importer(815301076,1909f56bfc062723c751e8b465ee728b) [PhysX] Initialized MultithreadedTaskDispatcher with 16 workers.
 -> (artifact id: 'dce57d2cb26b939a37f4664a43939107') in 0.000373 seconds
Number of updated asset objects reloaded before import = 0
Number of asset objects unloaded after import = 0
========================================================================
Received Import Request.
  Time since last request: 3.616502 seconds.
  path: Assets/UnityTechnologies
  artifactKey: Guid(229a6d68d1810450e96cae9c6b6cf8f2) Importer(815301076,1909f56bfc062723c751e8b465ee728b)
Start importing Assets/UnityTechnologies using Guid(229a6d68d1810450e96cae9c6b6cf8f2) Importer(815301076,1909f56bfc062723c751e8b465ee728b) [PhysX] Initialized MultithreadedTaskDispatcher with 16 workers.
 -> (artifact id: '1e45279d80abea8b5a1b7e324c88491d') in 0.000354 seconds
Number of updated asset objects reloaded before import = 0
Number of asset objects unloaded after import = 0
========================================================================
Received Import Request.
  Time since last request: 0.726071 seconds.
  path: Assets/UnityTechnologies/EffectExamples
  artifactKey: Guid(6c0b056137d972f46a0312ba21b6263f) Importer(815301076,1909f56bfc062723c751e8b465ee728b)
Start importing Assets/UnityTechnologies/EffectExamples using Guid(6c0b056137d972f46a0312ba21b6263f) Importer(815301076,1909f56bfc062723c751e8b465ee728b) [PhysX] Initialized MultithreadedTaskDispatcher with 16 workers.
 -> (artifact id: '2989adac165029d5ad1d2107e077116f') in 0.000330 seconds
Number of updated asset objects reloaded before import = 0
Number of asset objects unloaded after import = 0
========================================================================
Received Import Request.
  Time since last request: 3.249170 seconds.
  path: Assets/UnityTechnologies/EffectExamples/FireExplosionEffects
  artifactKey: Guid(9c9c292c9091a7d4fbaf34fdd81b85fc) Importer(815301076,1909f56bfc062723c751e8b465ee728b)
Start importing Assets/UnityTechnologies/EffectExamples/FireExplosionEffects using Guid(9c9c292c9091a7d4fbaf34fdd81b85fc) Importer(815301076,1909f56bfc062723c751e8b465ee728b) [PhysX] Initialized MultithreadedTaskDispatcher with 16 workers.
 -> (artifact id: 'd4f4129ec4335bc68be39298e01040dc') in 0.000330 seconds
Number of updated asset objects reloaded before import = 0
Number of asset objects unloaded after import = 0
========================================================================
Received Import Request.
  Time since last request: 1.264541 seconds.
  path: Assets/UnityTechnologies/EffectExamples/FireExplosionEffects/Prefabs
  artifactKey: Guid(af557a47dae08a94cb2839384fe7ac98) Importer(815301076,1909f56bfc062723c751e8b465ee728b)
Start importing Assets/UnityTechnologies/EffectExamples/FireExplosionEffects/Prefabs using Guid(af557a47dae08a94cb2839384fe7ac98) Importer(815301076,1909f56bfc062723c751e8b465ee728b) [PhysX] Initialized MultithreadedTaskDispatcher with 16 workers.
 -> (artifact id: '8c703a3f8648a7b88cf4911307b4f519') in 0.000354 seconds
Number of updated asset objects reloaded before import = 0
Number of asset objects unloaded after import = 0
========================================================================
Received Import Request.
  Time since last request: 0.077026 seconds.
  path: Assets/UnityTechnologies/EffectExamples/FireExplosionEffects/Prefabs/BigExplosionEffect.prefab
  artifactKey: Guid(acf39d9f4addf294d93fa56fa373961b) Importer(815301076,1909f56bfc062723c751e8b465ee728b)
Start importing Assets/UnityTechnologies/EffectExamples/FireExplosionEffects/Prefabs/BigExplosionEffect.prefab using Guid(acf39d9f4addf294d93fa56fa373961b) Importer(815301076,1909f56bfc062723c751e8b465ee728b) [PhysX] Initialized MultithreadedTaskDispatcher with 16 workers.
[PhysX] Initialized MultithreadedTaskDispatcher with 16 workers.
 -> (artifact id: '22f838d2a94c86980ee0368a11d454d7') in 0.299729 seconds
Number of updated asset objects reloaded before import = 0
Number of asset objects unloaded after import = 49
========================================================================
Received Import Request.
  Time since last request: 0.000015 seconds.
  path: Assets/UnityTechnologies/EffectExamples/FireExplosionEffects/Prefabs/SmokeEffect.prefab
  artifactKey: Guid(85a8865d1bf4a63478038fae23776de8) Importer(815301076,1909f56bfc062723c751e8b465ee728b)
Start importing Assets/UnityTechnologies/EffectExamples/FireExplosionEffects/Prefabs/SmokeEffect.prefab using Guid(85a8865d1bf4a63478038fae23776de8) Importer(815301076,1909f56bfc062723c751e8b465ee728b) [PhysX] Initialized MultithreadedTaskDispatcher with 16 workers.
[PhysX] Initialized MultithreadedTaskDispatcher with 16 workers.
 -> (artifact id: '00715e1b04c6ecb167a6733cd29dfd65') in 0.011022 seconds
Number of updated asset objects reloaded before import = 0
Number of asset objects unloaded after import = 17
========================================================================
Received Import Request.
  Time since last request: 0.000017 seconds.
  path: Assets/UnityTechnologies/EffectExamples/FireExplosionEffects/Prefabs/WallFlames.prefab
  artifactKey: Guid(2c7e85f4b03483447a66947c83fb7468) Importer(815301076,1909f56bfc062723c751e8b465ee728b)
Start importing Assets/UnityTechnologies/EffectExamples/FireExplosionEffects/Prefabs/WallFlames.prefab using Guid(2c7e85f4b03483447a66947c83fb7468) Importer(815301076,1909f56bfc062723c751e8b465ee728b) [PhysX] Initialized MultithreadedTaskDispatcher with 16 workers.
[PhysX] Initialized MultithreadedTaskDispatcher with 16 workers.
 -> (artifact id: '99da237ef0c3b860fea2bdb147c3e026') in 0.179329 seconds
Number of updated asset objects reloaded before import = 0
Number of asset objects unloaded after import = 35
========================================================================
Received Import Request.
  Time since last request: 2.082733 seconds.
  path: Assets/UnityTechnologies/EffectExamples/FireExplosionEffects/Materials/SmokeDarkParticle.mat
  artifactKey: Guid(698a8134f4ebbbd4e848648685f68067) Importer(815301076,1909f56bfc062723c751e8b465ee728b)
Start importing Assets/UnityTechnologies/EffectExamples/FireExplosionEffects/Materials/SmokeDarkParticle.mat using Guid(698a8134f4ebbbd4e848648685f68067) Importer(815301076,1909f56bfc062723c751e8b465ee728b) [PhysX] Initialized MultithreadedTaskDispatcher with 16 workers.
[PhysX] Initialized MultithreadedTaskDispatcher with 16 workers.
 -> (artifact id: 'ef21e14e4eb0ae3594433e275be23e80') in 0.009822 seconds
Number of updated asset objects reloaded before import = 0
Number of asset objects unloaded after import = 2
========================================================================
Received Import Request.
  Time since last request: 12.896631 seconds.
  path: Assets/UnityTechnologies/EffectExamples/FireExplosionEffects/Materials/PlasmaFireParticle.mat
  artifactKey: Guid(b5387d3c2ba98fc44a0f5744f94ce48c) Importer(815301076,1909f56bfc062723c751e8b465ee728b)
Start importing Assets/UnityTechnologies/EffectExamples/FireExplosionEffects/Materials/PlasmaFireParticle.mat using Guid(b5387d3c2ba98fc44a0f5744f94ce48c) Importer(815301076,1909f56bfc062723c751e8b465ee728b) [PhysX] Initialized MultithreadedTaskDispatcher with 16 workers.
[PhysX] Initialized MultithreadedTaskDispatcher with 16 workers.
 -> (artifact id: '31c844f75dfafb5924d3e2b7661b8a6a') in 0.015232 seconds
Number of updated asset objects reloaded before import = 0
Number of asset objects unloaded after import = 2
========================================================================
Received Import Request.
  Time since last request: 4.177780 seconds.
  path: Assets/UnityTechnologies/EffectExamples/FireExplosionEffects/Materials/FlameRoundYellowParticle.mat
  artifactKey: Guid(d7f098ed9997e714193be5e86df013f4) Importer(815301076,1909f56bfc062723c751e8b465ee728b)
Start importing Assets/UnityTechnologies/EffectExamples/FireExplosionEffects/Materials/FlameRoundYellowParticle.mat using Guid(d7f098ed9997e714193be5e86df013f4) Importer(815301076,1909f56bfc062723c751e8b465ee728b) [PhysX] Initialized MultithreadedTaskDispatcher with 16 workers.
[PhysX] Initialized MultithreadedTaskDispatcher with 16 workers.
 -> (artifact id: '4587632c65f705319d23c7c6b73833d1') in 0.010960 seconds
Number of updated asset objects reloaded before import = 0
Number of asset objects unloaded after import = 2
========================================================================
Received Import Request.
  Time since last request: 14.705844 seconds.
  path: Assets/UnityTechnologies/EffectExamples/FireExplosionEffects/Materials/SmokeLightParticle.mat
  artifactKey: Guid(f06455b167e1b0b428c9af62d7aa6832) Importer(815301076,1909f56bfc062723c751e8b465ee728b)
Start importing Assets/UnityTechnologies/EffectExamples/FireExplosionEffects/Materials/SmokeLightParticle.mat using Guid(f06455b167e1b0b428c9af62d7aa6832) Importer(815301076,1909f56bfc062723c751e8b465ee728b) [PhysX] Initialized MultithreadedTaskDispatcher with 16 workers.
[PhysX] Initialized MultithreadedTaskDispatcher with 16 workers.
 -> (artifact id: '25c42db8c6e5c5cf9e01785169ba9535') in 0.011743 seconds
Number of updated asset objects reloaded before import = 0
Number of asset objects unloaded after import = 3
========================================================================
Received Import Request.
  Time since last request: 132.263108 seconds.
  path: Assets/Prefab/Enemy.prefab
  artifactKey: Guid(c3bdaf3c6695a924a85eb52b6f156083) Importer(815301076,1909f56bfc062723c751e8b465ee728b)
Start importing Assets/Prefab/Enemy.prefab using Guid(c3bdaf3c6695a924a85eb52b6f156083) Importer(815301076,1909f56bfc062723c751e8b465ee728b) [PhysX] Initialized MultithreadedTaskDispatcher with 16 workers.
[PhysX] Initialized MultithreadedTaskDispatcher with 16 workers.
 -> (artifact id: '3e3b5cc1a801ff7a3fb79a667562dcaf') in 0.029288 seconds
Number of updated asset objects reloaded before import = 0
Number of asset objects unloaded after import = 365
========================================================================
Received Import Request.
  Time since last request: 81.223885 seconds.
  path: Assets/Code/Enemy/Wave.cs
  artifactKey: Guid(040c4d021081e454f9c34211a7ebd061) Importer(815301076,1909f56bfc062723c751e8b465ee728b)
Start importing Assets/Code/Enemy/Wave.cs using Guid(040c4d021081e454f9c34211a7ebd061) Importer(815301076,1909f56bfc062723c751e8b465ee728b) [PhysX] Initialized MultithreadedTaskDispatcher with 16 workers.
 -> (artifact id: 'f4a183ce5686f259451a2783b3356784') in 0.000508 seconds
Number of updated asset objects reloaded before import = 0
Number of asset objects unloaded after import = 0
========================================================================
Received Import Request.
  Time since last request: 1.722413 seconds.
  path: Assets/UnityTechnologies/EffectExamples/Shared/Models/BackGround.FBX
  artifactKey: Guid(f4527c479041fc040b53171204c086a5) Importer(815301076,1909f56bfc062723c751e8b465ee728b)
Start importing Assets/UnityTechnologies/EffectExamples/Shared/Models/BackGround.FBX using Guid(f4527c479041fc040b53171204c086a5) Importer(815301076,1909f56bfc062723c751e8b465ee728b) [PhysX] Initialized MultithreadedTaskDispatcher with 16 workers.
[PhysX] Initialized MultithreadedTaskDispatcher with 16 workers.
[PhysX] Initialized MultithreadedTaskDispatcher with 16 workers.
 -> (artifact id: '5010c8ee765b8042aa2433ab8035c055') in 0.038452 seconds
Number of updated asset objects reloaded before import = 0
Number of asset objects unloaded after import = 8
========================================================================
Received Import Request.
  Time since last request: 5.431451 seconds.
  path: Assets/UnityTechnologies/EffectExamples/Blood/Prefabs/BloodSprayEffect.prefab
  artifactKey: Guid(abb9f519b142e304d9c45b56afa768bc) Importer(815301076,1909f56bfc062723c751e8b465ee728b)
Start importing Assets/UnityTechnologies/EffectExamples/Blood/Prefabs/BloodSprayEffect.prefab using Guid(abb9f519b142e304d9c45b56afa768bc) Importer(815301076,1909f56bfc062723c751e8b465ee728b) [PhysX] Initialized MultithreadedTaskDispatcher with 16 workers.
[PhysX] Initialized MultithreadedTaskDispatcher with 16 workers.
 -> (artifact id: '104688939cbedb59344eb7a527064d5f') in 0.137566 seconds
Number of updated asset objects reloaded before import = 0
Number of asset objects unloaded after import = 13
========================================================================
Received Import Request.
  Time since last request: 1.010565 seconds.
  path: Assets/Scenes/Map & decor/Mesh/Simple Street Props/Models/Concrete barrier End.fbx
  artifactKey: Guid(4b168db826d206a46a85a24df1605b67) Importer(815301076,1909f56bfc062723c751e8b465ee728b)
Start importing Assets/Scenes/Map & decor/Mesh/Simple Street Props/Models/Concrete barrier End.fbx using Guid(4b168db826d206a46a85a24df1605b67) Importer(815301076,1909f56bfc062723c751e8b465ee728b) [PhysX] Initialized MultithreadedTaskDispatcher with 16 workers.
[PhysX] Initialized MultithreadedTaskDispatcher with 16 workers.
[PhysX] Initialized MultithreadedTaskDispatcher with 16 workers.
 -> (artifact id: 'f4b17560f0627d82c3d8a3b848642c8c') in 0.039896 seconds
Number of updated asset objects reloaded before import = 0
Number of asset objects unloaded after import = 11
========================================================================
Received Import Request.
  Time since last request: 0.613978 seconds.
  path: Assets/Scenes/Map & decor/Mesh/Construction_Package/Construction_Vol01/Meshes/SM_LightGenerator_01a.FBX
  artifactKey: Guid(c99b94e26ab24e94db68f9e34c31d778) Importer(815301076,1909f56bfc062723c751e8b465ee728b)
Start importing Assets/Scenes/Map & decor/Mesh/Construction_Package/Construction_Vol01/Meshes/SM_LightGenerator_01a.FBX using Guid(c99b94e26ab24e94db68f9e34c31d778) Importer(815301076,1909f56bfc062723c751e8b465ee728b) [PhysX] Initialized MultithreadedTaskDispatcher with 16 workers.
[PhysX] Initialized MultithreadedTaskDispatcher with 16 workers.
[PhysX] Initialized MultithreadedTaskDispatcher with 16 workers.
[PhysX] Initialized MultithreadedTaskDispatcher with 16 workers.
[PhysX] Initialized MultithreadedTaskDispatcher with 16 workers.
[PhysX] Initialized MultithreadedTaskDispatcher with 16 workers.
[PhysX] Initialized MultithreadedTaskDispatcher with 16 workers.
[PhysX] Initialized MultithreadedTaskDispatcher with 16 workers.
[PhysX] Initialized MultithreadedTaskDispatcher with 16 workers.
[PhysX] Initialized MultithreadedTaskDispatcher with 16 workers.
 -> (artifact id: '8d1742a3329690f8e3c34bb3fc30cfbe') in 0.046085 seconds
Number of updated asset objects reloaded before import = 0
Number of asset objects unloaded after import = 43
========================================================================
Received Import Request.
  Time since last request: 0.000014 seconds.
  path: Assets/Scenes/Map & decor/Mesh/Construction_Package/Construction_Vol01/Prefabs/SM_LightGenerator_01b.prefab
  artifactKey: Guid(0efc5d09bdb99bc46a2f72f789c4e5d2) Importer(815301076,1909f56bfc062723c751e8b465ee728b)
Start importing Assets/Scenes/Map & decor/Mesh/Construction_Package/Construction_Vol01/Prefabs/SM_LightGenerator_01b.prefab using Guid(0efc5d09bdb99bc46a2f72f789c4e5d2) Importer(815301076,1909f56bfc062723c751e8b465ee728b) [PhysX] Initialized MultithreadedTaskDispatcher with 16 workers.
[PhysX] Initialized MultithreadedTaskDispatcher with 16 workers.
 -> (artifact id: '81a2b5025f773bc62b3dabd5e0f250fe') in 0.033329 seconds
Number of updated asset objects reloaded before import = 0
Number of asset objects unloaded after import = 128
========================================================================
Received Import Request.
  Time since last request: 0.000013 seconds.
  path: Assets/Scenes/Map & decor/Mesh/Construction_Package/Construction_Vol01/Meshes/SM_LightGenerator_01b.FBX
  artifactKey: Guid(795f7af3253aa3940b8f906e5923d20d) Importer(815301076,1909f56bfc062723c751e8b465ee728b)
Start importing Assets/Scenes/Map & decor/Mesh/Construction_Package/Construction_Vol01/Meshes/SM_LightGenerator_01b.FBX using Guid(795f7af3253aa3940b8f906e5923d20d) Importer(815301076,1909f56bfc062723c751e8b465ee728b) [PhysX] Initialized MultithreadedTaskDispatcher with 16 workers.
[PhysX] Initialized MultithreadedTaskDispatcher with 16 workers.
[PhysX] Initialized MultithreadedTaskDispatcher with 16 workers.
[PhysX] Initialized MultithreadedTaskDispatcher with 16 workers.
[PhysX] Initialized MultithreadedTaskDispatcher with 16 workers.
[PhysX] Initialized MultithreadedTaskDispatcher with 16 workers.
[PhysX] Initialized MultithreadedTaskDispatcher with 16 workers.
[PhysX] Initialized MultithreadedTaskDispatcher with 16 workers.
[PhysX] Initialized MultithreadedTaskDispatcher with 16 workers.
[PhysX] Initialized MultithreadedTaskDispatcher with 16 workers.
 -> (artifact id: '2012c3201f8f1fe46d9ccbe6c56f4bf8') in 0.034648 seconds
Number of updated asset objects reloaded before import = 0
Number of asset objects unloaded after import = 43
========================================================================
Received Import Request.
  Time since last request: 1.064295 seconds.
  path: Assets/Code/Enemy/Wave.cs
  artifactKey: Guid(040c4d021081e454f9c34211a7ebd061) Importer(815301076,1909f56bfc062723c751e8b465ee728b)
Start importing Assets/Code/Enemy/Wave.cs using Guid(040c4d021081e454f9c34211a7ebd061) Importer(815301076,1909f56bfc062723c751e8b465ee728b) [PhysX] Initialized MultithreadedTaskDispatcher with 16 workers.
 -> (artifact id: 'f4d6b5b757e5f61bff3bfd4a52e42361') in 0.000461 seconds
Number of updated asset objects reloaded before import = 0
Number of asset objects unloaded after import = 0
========================================================================
Received Import Request.
  Time since last request: 5.695121 seconds.
  path: Assets/UnityTechnologies/EffectExamples/WeaponEffects/Prefabs/BulletImpactWaterContainerEffect.prefab
  artifactKey: Guid(a60a75fdadab5de428529a5b8ef0426a) Importer(815301076,1909f56bfc062723c751e8b465ee728b)
Start importing Assets/UnityTechnologies/EffectExamples/WeaponEffects/Prefabs/BulletImpactWaterContainerEffect.prefab using Guid(a60a75fdadab5de428529a5b8ef0426a) Importer(815301076,1909f56bfc062723c751e8b465ee728b) [PhysX] Initialized MultithreadedTaskDispatcher with 16 workers.
[PhysX] Initialized MultithreadedTaskDispatcher with 16 workers.
 -> (artifact id: '9b4f47f45c01d2763d82fbdb78c6b513') in 0.027107 seconds
Number of updated asset objects reloaded before import = 0
Number of asset objects unloaded after import = 18
========================================================================
Received Import Request.
  Time since last request: 0.000011 seconds.
  path: Assets/Scenes/Map & decor/Mesh/High Matters/Free American Sedans/Art/Meshes/Classic/Car_stylized.fbx
  artifactKey: Guid(2b7f9f09d8ffdd646badcd9cf5611a39) Importer(815301076,1909f56bfc062723c751e8b465ee728b)
Start importing Assets/Scenes/Map & decor/Mesh/High Matters/Free American Sedans/Art/Meshes/Classic/Car_stylized.fbx using Guid(2b7f9f09d8ffdd646badcd9cf5611a39) Importer(815301076,1909f56bfc062723c751e8b465ee728b) [PhysX] Initialized MultithreadedTaskDispatcher with 16 workers.
[PhysX] Initialized MultithreadedTaskDispatcher with 16 workers.
[PhysX] Initialized MultithreadedTaskDispatcher with 16 workers.
[PhysX] Initialized MultithreadedTaskDispatcher with 16 workers.
[PhysX] Initialized MultithreadedTaskDispatcher with 16 workers.
[PhysX] Initialized MultithreadedTaskDispatcher with 16 workers.
[PhysX] Initialized MultithreadedTaskDispatcher with 16 workers.
[PhysX] Initialized MultithreadedTaskDispatcher with 16 workers.
[PhysX] Initialized MultithreadedTaskDispatcher with 16 workers.
[PhysX] Initialized MultithreadedTaskDispatcher with 16 workers.
 -> (artifact id: '087c83ab57a9d4667fce985a271fd70b') in 0.031860 seconds
Number of updated asset objects reloaded before import = 0
Number of asset objects unloaded after import = 37
========================================================================
Received Import Request.
  Time since last request: 0.810466 seconds.
  path: Assets/Scenes/Map & decor/Mesh/Perso/Animation/Ch18_nonPBR@Crouch Rapid Fire.fbx
  artifactKey: Guid(b5103df88139402439c878e8b5ff9cf1) Importer(815301076,1909f56bfc062723c751e8b465ee728b)
Start importing Assets/Scenes/Map & decor/Mesh/Perso/Animation/Ch18_nonPBR@Crouch Rapid Fire.fbx using Guid(b5103df88139402439c878e8b5ff9cf1) Importer(815301076,1909f56bfc062723c751e8b465ee728b) [PhysX] Initialized MultithreadedTaskDispatcher with 16 workers.
 -> (artifact id: 'c9e9f3365dbdff925521ab0d4f3c70e9') in 0.003512 seconds
Number of updated asset objects reloaded before import = 0
Number of asset objects unloaded after import = 135
========================================================================
Received Import Request.
  Time since last request: 0.000009 seconds.
  path: Assets/UnityTechnologies/EffectExamples/WeaponEffects/Prefabs/RocketTrailEffect.prefab
  artifactKey: Guid(20c0f7e297297fc468f9740f6bb08cb1) Importer(815301076,1909f56bfc062723c751e8b465ee728b)
Start importing Assets/UnityTechnologies/EffectExamples/WeaponEffects/Prefabs/RocketTrailEffect.prefab using Guid(20c0f7e297297fc468f9740f6bb08cb1) Importer(815301076,1909f56bfc062723c751e8b465ee728b) [PhysX] Initialized MultithreadedTaskDispatcher with 16 workers.
[PhysX] Initialized MultithreadedTaskDispatcher with 16 workers.
 -> (artifact id: '7935c3d507e96063bab777e15ebd0930') in 0.019505 seconds
Number of updated asset objects reloaded before import = 0
Number of asset objects unloaded after import = 29
========================================================================
Received Import Request.
  Time since last request: 3.871051 seconds.
  path: Assets/Scenes/Map & decor/Mesh/Construction_Package/Construction_Vol02/Meshes/SM_propanetank_01a.FBX
  artifactKey: Guid(c46141a6e50fc794f9c163d55454f5c7) Importer(815301076,1909f56bfc062723c751e8b465ee728b)
Start importing Assets/Scenes/Map & decor/Mesh/Construction_Package/Construction_Vol02/Meshes/SM_propanetank_01a.FBX using Guid(c46141a6e50fc794f9c163d55454f5c7) Importer(815301076,1909f56bfc062723c751e8b465ee728b) [PhysX] Initialized MultithreadedTaskDispatcher with 16 workers.
[PhysX] Initialized MultithreadedTaskDispatcher with 16 workers.
[PhysX] Initialized MultithreadedTaskDispatcher with 16 workers.
[PhysX] Initialized MultithreadedTaskDispatcher with 16 workers.
[PhysX] Initialized MultithreadedTaskDispatcher with 16 workers.
[PhysX] Initialized MultithreadedTaskDispatcher with 16 workers.
[PhysX] Initialized MultithreadedTaskDispatcher with 16 workers.
[PhysX] Initialized MultithreadedTaskDispatcher with 16 workers.
[PhysX] Initialized MultithreadedTaskDispatcher with 16 workers.
[PhysX] Initialized MultithreadedTaskDispatcher with 16 workers.
 -> (artifact id: 'b01c6d75042774cc78e62ef3e51cf907') in 0.096564 seconds
Number of updated asset objects reloaded before import = 0
Number of asset objects unloaded after import = 38
========================================================================
Received Import Request.
  Time since last request: 0.967087 seconds.
  path: Assets/Code/Enemy/Enemy.cs
  artifactKey: Guid(1daebe8666149aa4585745698ccc87d2) Importer(815301076,1909f56bfc062723c751e8b465ee728b)
Start importing Assets/Code/Enemy/Enemy.cs using Guid(1daebe8666149aa4585745698ccc87d2) Importer(815301076,1909f56bfc062723c751e8b465ee728b) [PhysX] Initialized MultithreadedTaskDispatcher with 16 workers.
 -> (artifact id: 'f4c2b67348ae58ca417f37c0ecd32001') in 0.000450 seconds
Number of updated asset objects reloaded before import = 0
Number of asset objects unloaded after import = 0
========================================================================
Received Import Request.
  Time since last request: 5.584529 seconds.
  path: Assets/Code/Enemy/Projectile.cs
  artifactKey: Guid(ba163b8f0299b3548a09d5a03afa3b43) Importer(815301076,1909f56bfc062723c751e8b465ee728b)
Start importing Assets/Code/Enemy/Projectile.cs using Guid(ba163b8f0299b3548a09d5a03afa3b43) Importer(815301076,1909f56bfc062723c751e8b465ee728b) [PhysX] Initialized MultithreadedTaskDispatcher with 16 workers.
 -> (artifact id: '1f74d2967a15a1494d916e30a8694002') in 0.000398 seconds
Number of updated asset objects reloaded before import = 0
Number of asset objects unloaded after import = 0
========================================================================
Received Import Request.
  Time since last request: 0.691316 seconds.
  path: Assets/Code/Enemy/RemoveAt.cs
  artifactKey: Guid(336ec84d549b7524389231df8028f6bf) Importer(815301076,1909f56bfc062723c751e8b465ee728b)
Start importing Assets/Code/Enemy/RemoveAt.cs using Guid(336ec84d549b7524389231df8028f6bf) Importer(815301076,1909f56bfc062723c751e8b465ee728b) [PhysX] Initialized MultithreadedTaskDispatcher with 16 workers.
 -> (artifact id: 'a3ff9052d18b49f425bd58e824a5bca6') in 0.000396 seconds
Number of updated asset objects reloaded before import = 0
Number of asset objects unloaded after import = 0
========================================================================
Received Import Request.
  Time since last request: 36.956917 seconds.
  path: Assets/Code/Joueur/GameOver.cs
  artifactKey: Guid(24cfb336f0151694fb24cb8505374252) Importer(815301076,1909f56bfc062723c751e8b465ee728b)
Start importing Assets/Code/Joueur/GameOver.cs using Guid(24cfb336f0151694fb24cb8505374252) Importer(815301076,1909f56bfc062723c751e8b465ee728b) [PhysX] Initialized MultithreadedTaskDispatcher with 16 workers.
 -> (artifact id: '990e3072555837b6930235fac42a80eb') in 0.000378 seconds
Number of updated asset objects reloaded before import = 0
Number of asset objects unloaded after import = 0
========================================================================
Received Import Request.
  Time since last request: 0.788138 seconds.
  path: Assets/Code/Joueur/Player.cs
  artifactKey: Guid(c4c5e906c35a75d41be1970392cfa36c) Importer(815301076,1909f56bfc062723c751e8b465ee728b)
Start importing Assets/Code/Joueur/Player.cs using Guid(c4c5e906c35a75d41be1970392cfa36c) Importer(815301076,1909f56bfc062723c751e8b465ee728b) [PhysX] Initialized MultithreadedTaskDispatcher with 16 workers.
 -> (artifact id: 'b3345885200b315441fbd65d6930fa87') in 0.000390 seconds
Number of updated asset objects reloaded before import = 0
Number of asset objects unloaded after import = 0
========================================================================
Received Import Request.
  Time since last request: 5.461381 seconds.
  path: Assets/Code/Joueur/Viseur.cs
  artifactKey: Guid(614f274c38824204fa118594b129620a) Importer(815301076,1909f56bfc062723c751e8b465ee728b)
Start importing Assets/Code/Joueur/Viseur.cs using Guid(614f274c38824204fa118594b129620a) Importer(815301076,1909f56bfc062723c751e8b465ee728b) [PhysX] Initialized MultithreadedTaskDispatcher with 16 workers.
 -> (artifact id: '67f5c8f2940d0581c5f10e5057dd1c76') in 0.000484 seconds
Number of updated asset objects reloaded before import = 0
Number of asset objects unloaded after import = 0
========================================================================
Received Import Request.
  Time since last request: 0.587319 seconds.
  path: Assets/Code/Joueur/Score.cs
  artifactKey: Guid(3736f29348cd3014dbc9ab3227b9f5c5) Importer(815301076,1909f56bfc062723c751e8b465ee728b)
Start importing Assets/Code/Joueur/Score.cs using Guid(3736f29348cd3014dbc9ab3227b9f5c5) Importer(815301076,1909f56bfc062723c751e8b465ee728b) [PhysX] Initialized MultithreadedTaskDispatcher with 16 workers.
 -> (artifact id: '905c8afe5035bfb2f084b47f108a62c8') in 0.000369 seconds
Number of updated asset objects reloaded before import = 0
Number of asset objects unloaded after import = 0
========================================================================
Received Import Request.
  Time since last request: 1.515481 seconds.
  path: Assets/Code/Joueur/Retry.cs
  artifactKey: Guid(3b7bebe7c3b112742ae6274bec1920ec) Importer(815301076,1909f56bfc062723c751e8b465ee728b)
Start importing Assets/Code/Joueur/Retry.cs using Guid(3b7bebe7c3b112742ae6274bec1920ec) Importer(815301076,1909f56bfc062723c751e8b465ee728b) [PhysX] Initialized MultithreadedTaskDispatcher with 16 workers.
 -> (artifact id: '31664297680a2c49e22765e51d3ef4d8') in 0.000371 seconds
Number of updated asset objects reloaded before import = 0
Number of asset objects unloaded after import = 0
========================================================================
Received Import Request.
  Time since last request: 0.756915 seconds.
  path: Assets/Code/Joueur/Reload.cs
  artifactKey: Guid(b780ae08a5f56e14d87458a4bdcb0bad) Importer(815301076,1909f56bfc062723c751e8b465ee728b)
Start importing Assets/Code/Joueur/Reload.cs using Guid(b780ae08a5f56e14d87458a4bdcb0bad) Importer(815301076,1909f56bfc062723c751e8b465ee728b) [PhysX] Initialized MultithreadedTaskDispatcher with 16 workers.
 -> (artifact id: 'e07afa9ecd39d784ecfa934093e1d342') in 0.000367 seconds
Number of updated asset objects reloaded before import = 0
Number of asset objects unloaded after import = 0
========================================================================
Received Import Request.
  Time since last request: 167.165450 seconds.
  path: Assets/Scenes/SampleScene.unity
  artifactKey: Guid(9fc0d4010bbf28b4594072e72b8655ab) Importer(815301076,1909f56bfc062723c751e8b465ee728b)
Start importing Assets/Scenes/SampleScene.unity using Guid(9fc0d4010bbf28b4594072e72b8655ab) Importer(815301076,1909f56bfc062723c751e8b465ee728b) [PhysX] Initialized MultithreadedTaskDispatcher with 16 workers.
 -> (artifact id: 'ab8c14b6c825679d5d4d7d158966b1b7') in 0.000449 seconds
Number of updated asset objects reloaded before import = 0
Number of asset objects unloaded after import = 0
========================================================================
Received Import Request.
  Time since last request: 232.033339 seconds.
  path: Assets/Low Poly Weapons VOL.1/Gun_MAT.mat
  artifactKey: Guid(28f0b13c7e9707746b5e0b3336181560) Importer(815301076,1909f56bfc062723c751e8b465ee728b)
Start importing Assets/Low Poly Weapons VOL.1/Gun_MAT.mat using Guid(28f0b13c7e9707746b5e0b3336181560) Importer(815301076,1909f56bfc062723c751e8b465ee728b) [PhysX] Initialized MultithreadedTaskDispatcher with 16 workers.
[PhysX] Initialized MultithreadedTaskDispatcher with 16 workers.
 -> (artifact id: 'd6d7fc64ba019e1d8ee13dd24e5889ce') in 0.035991 seconds
Number of updated asset objects reloaded before import = 0
Number of asset objects unloaded after import = 2
========================================================================
Received Prepare
Folder 'Packages/com.unity.postprocessing/PostProcessing/Runtime/' contains multiple assembly definition files (Packages/com.unity.postprocessing/PostProcessing/Runtime/Unity.Postprocessing.Runtime.asmdef)
Folder 'Packages/com.unity.postprocessing/PostProcessing/Runtime/' contains multiple assembly definition files (Packages/com.unity.postprocessing/PostProcessing/Runtime/com.unity.postprocessing.Runtime.asmdef)
Folder 'Packages/com.unity.postprocessing/PostProcessing/Editor/' contains multiple assembly definition files (Packages/com.unity.postprocessing/PostProcessing/Editor/com.unity.postprocessing.Editor.asmdef)
Folder 'Packages/com.unity.postprocessing/PostProcessing/Editor/' contains multiple assembly definition files (Packages/com.unity.postprocessing/PostProcessing/Editor/Unity.Postprocessing.Editor.asmdef)
ArgumentException: An item with the same key has already been added. Key: d60799ab2a985554ea1a39cd38695018
  at System.Collections.Generic.Dictionary`2[TKey,TValue].TryInsert (TKey key, TValue value, System.Collections.Generic.InsertionBehavior behavior) [0x0015a] in <1071a2cb0cb3433aae80a793c277a048>:0 
  at System.Collections.Generic.Dictionary`2[TKey,TValue].Add (TKey key, TValue value) [0x00000] in <1071a2cb0cb3433aae80a793c277a048>:0 
  at System.Linq.Enumerable.ToDictionary[TSource,TKey,TElement] (TSource[] source, System.Func`2[T,TResult] keySelector, System.Func`2[T,TResult] elementSelector, System.Collections.Generic.IEqualityComparer`1[T] comparer) [0x00029] in <ea489521390f48908a7ce45cb17a6848>:0 
  at System.Linq.Enumerable.ToDictionary[TSource,TKey,TElement] (System.Collections.Generic.IEnumerable`1[T] source, System.Func`2[T,TResult] keySelector, System.Func`2[T,TResult] elementSelector, System.Collections.Generic.IEqualityComparer`1[T] comparer) [0x00051] in <ea489521390f48908a7ce45cb17a6848>:0 
  at System.Linq.Enumerable.ToDictionary[TSource,TKey,TElement] (System.Collections.Generic.IEnumerable`1[T] source, System.Func`2[T,TResult] keySelector, System.Func`2[T,TResult] elementSelector) [0x00000] in <ea489521390f48908a7ce45cb17a6848>:0 
  at UnityEditor.Scripting.ScriptCompilation.AssemblyGraphBuilder.Initialize (System.Collections.Generic.IReadOnlyCollection`1[T] assemblies, System.Collections.Generic.IReadOnlyCollection`1[T] customScriptAssemblyReferences) [0x00046] in <4b8f645257c94d1296f440a10c6f388e>:0 
  at UnityEditor.Scripting.ScriptCompilation.AssemblyGraphBuilderFactory.GetOrCreate (System.String projectPath, System.Collections.Generic.IReadOnlyCollection`1[T] assemblies, System.Collections.Generic.IReadOnlyCollection`1[T] customScriptAssemblyReferences) [0x00038] in <4b8f645257c94d1296f440a10c6f388e>:0 
  at UnityEditor.Scripting.ScriptCompilation.EditorCompilation.GetAssemblyGraphBuilder () [0x00027] in <4b8f645257c94d1296f440a10c6f388e>:0 
  at UnityEditor.Scripting.ScriptCompilation.EditorCompilation.SetAllScripts (System.String[] allScripts) [0x0000d] in <4b8f645257c94d1296f440a10c6f388e>:0 
  at UnityEditor.Scripting.ScriptCompilation.EditorCompilationInterface.SetAllScripts (System.String[] allScripts) [0x00006] in <4b8f645257c94d1296f440a10c6f388e>:0 

Caller must complete domain reload
Folder 'Packages/com.unity.postprocessing/PostProcessing/Runtime/' contains multiple assembly definition files (Packages/com.unity.postprocessing/PostProcessing/Runtime/Unity.Postprocessing.Runtime.asmdef)
Folder 'Packages/com.unity.postprocessing/PostProcessing/Runtime/' contains multiple assembly definition files (Packages/com.unity.postprocessing/PostProcessing/Runtime/com.unity.postprocessing.Runtime.asmdef)
Folder 'Packages/com.unity.postprocessing/PostProcessing/Editor/' contains multiple assembly definition files (Packages/com.unity.postprocessing/PostProcessing/Editor/com.unity.postprocessing.Editor.asmdef)
Folder 'Packages/com.unity.postprocessing/PostProcessing/Editor/' contains multiple assembly definition files (Packages/com.unity.postprocessing/PostProcessing/Editor/Unity.Postprocessing.Editor.asmdef)
ArgumentException: An item with the same key has already been added. Key: d60799ab2a985554ea1a39cd38695018
  at System.Collections.Generic.Dictionary`2[TKey,TValue].TryInsert (TKey key, TValue value, System.Collections.Generic.InsertionBehavior behavior) [0x0015a] in <1071a2cb0cb3433aae80a793c277a048>:0 
  at System.Collections.Generic.Dictionary`2[TKey,TValue].Add (TKey key, TValue value) [0x00000] in <1071a2cb0cb3433aae80a793c277a048>:0 
  at System.Linq.Enumerable.ToDictionary[TSource,TKey,TElement] (TSource[] source, System.Func`2[T,TResult] keySelector, System.Func`2[T,TResult] elementSelector, System.Collections.Generic.IEqualityComparer`1[T] comparer) [0x00029] in <ea489521390f48908a7ce45cb17a6848>:0 
  at System.Linq.Enumerable.ToDictionary[TSource,TKey,TElement] (System.Collections.Generic.IEnumerable`1[T] source, System.Func`2[T,TResult] keySelector, System.Func`2[T,TResult] elementSelector, System.Collections.Generic.IEqualityComparer`1[T] comparer) [0x00051] in <ea489521390f48908a7ce45cb17a6848>:0 
  at System.Linq.Enumerable.ToDictionary[TSource,TKey,TElement] (System.Collections.Generic.IEnumerable`1[T] source, System.Func`2[T,TResult] keySelector, System.Func`2[T,TResult] elementSelector) [0x00000] in <ea489521390f48908a7ce45cb17a6848>:0 
  at UnityEditor.Scripting.ScriptCompilation.AssemblyGraphBuilder.Initialize (System.Collections.Generic.IReadOnlyCollection`1[T] assemblies, System.Collections.Generic.IReadOnlyCollection`1[T] customScriptAssemblyReferences) [0x00046] in <4b8f645257c94d1296f440a10c6f388e>:0 
  at UnityEditor.Scripting.ScriptCompilation.AssemblyGraphBuilderFactory.GetOrCreate (System.String projectPath, System.Collections.Generic.IReadOnlyCollection`1[T] assemblies, System.Collections.Generic.IReadOnlyCollection`1[T] customScriptAssemblyReferences) [0x00038] in <4b8f645257c94d1296f440a10c6f388e>:0 
  at UnityEditor.Scripting.ScriptCompilation.EditorCompilation.GetAssemblyGraphBuilder () [0x00027] in <4b8f645257c94d1296f440a10c6f388e>:0 
  at UnityEditor.Scripting.ScriptCompilation.EditorCompilation.SetAllScripts (System.String[] allScripts) [0x0000d] in <4b8f645257c94d1296f440a10c6f388e>:0 
  at UnityEditor.Scripting.ScriptCompilation.EditorCompilationInterface.SetAllScripts (System.String[] allScripts) [0x00006] in <4b8f645257c94d1296f440a10c6f388e>:0 

Begin MonoManager ReloadAssembly
- Loaded All Assemblies, in  0.351 seconds
Native extension for WindowsStandalone target not found
Folder 'Packages/com.unity.postprocessing/PostProcessing/Runtime/' contains multiple assembly definition files (Packages/com.unity.postprocessing/PostProcessing/Runtime/Unity.Postprocessing.Runtime.asmdef)
Folder 'Packages/com.unity.postprocessing/PostProcessing/Runtime/' contains multiple assembly definition files (Packages/com.unity.postprocessing/PostProcessing/Runtime/com.unity.postprocessing.Runtime.asmdef)
Folder 'Packages/com.unity.postprocessing/PostProcessing/Editor/' contains multiple assembly definition files (Packages/com.unity.postprocessing/PostProcessing/Editor/com.unity.postprocessing.Editor.asmdef)
Folder 'Packages/com.unity.postprocessing/PostProcessing/Editor/' contains multiple assembly definition files (Packages/com.unity.postprocessing/PostProcessing/Editor/Unity.Postprocessing.Editor.asmdef)
ArgumentException: An item with the same key has already been added. Key: d60799ab2a985554ea1a39cd38695018
  at System.Collections.Generic.Dictionary`2[TKey,TValue].TryInsert (TKey key, TValue value, System.Collections.Generic.InsertionBehavior behavior) [0x0015a] in <1071a2cb0cb3433aae80a793c277a048>:0 
  at System.Collections.Generic.Dictionary`2[TKey,TValue].Add (TKey key, TValue value) [0x00000] in <1071a2cb0cb3433aae80a793c277a048>:0 
  at System.Linq.Enumerable.ToDictionary[TSource,TKey,TElement] (TSource[] source, System.Func`2[T,TResult] keySelector, System.Func`2[T,TResult] elementSelector, System.Collections.Generic.IEqualityComparer`1[T] comparer) [0x00029] in <ea489521390f48908a7ce45cb17a6848>:0 
  at System.Linq.Enumerable.ToDictionary[TSource,TKey,TElement] (System.Collections.Generic.IEnumerable`1[T] source, System.Func`2[T,TResult] keySelector, System.Func`2[T,TResult] elementSelector, System.Collections.Generic.IEqualityComparer`1[T] comparer) [0x00051] in <ea489521390f48908a7ce45cb17a6848>:0 
  at System.Linq.Enumerable.ToDictionary[TSource,TKey,TElement] (System.Collections.Generic.IEnumerable`1[T] source, System.Func`2[T,TResult] keySelector, System.Func`2[T,TResult] elementSelector) [0x00000] in <ea489521390f48908a7ce45cb17a6848>:0 
  at UnityEditor.Scripting.ScriptCompilation.AssemblyGraphBuilder.Initialize (System.Collections.Generic.IReadOnlyCollection`1[T] assemblies, System.Collections.Generic.IReadOnlyCollection`1[T] customScriptAssemblyReferences) [0x00046] in <4b8f645257c94d1296f440a10c6f388e>:0 
  at UnityEditor.Scripting.ScriptCompilation.AssemblyGraphBuilderFactory.GetOrCreate (System.String projectPath, System.Collections.Generic.IReadOnlyCollection`1[T] assemblies, System.Collections.Generic.IReadOnlyCollection`1[T] customScriptAssemblyReferences) [0x00038] in <4b8f645257c94d1296f440a10c6f388e>:0 
  at UnityEditor.Scripting.ScriptCompilation.EditorCompilation.GetAssemblyGraphBuilder () [0x00027] in <4b8f645257c94d1296f440a10c6f388e>:0 
  at UnityEditor.Scripting.ScriptCompilation.EditorCompilation.SetAllScripts (System.String[] allScripts) [0x0000d] in <4b8f645257c94d1296f440a10c6f388e>:0 
  at UnityEditor.Scripting.ScriptCompilation.EditorCompilationInterface.SetAllScripts (System.String[] allScripts) [0x00006] in <4b8f645257c94d1296f440a10c6f388e>:0 

[ScriptCompilation] NOT recompiling all scripts because this is an import worker process. Reason to compile was: Define symbols changed
Mono: successfully reloaded assembly
- Finished resetting the current domain, in  0.689 seconds
Domain Reload Profiling: 1040ms
	BeginReloadAssembly (100ms)
		ExecutionOrderSort (0ms)
		DisableScriptedObjects (3ms)
		BackupInstance (0ms)
		ReleaseScriptingObjects (0ms)
		CreateAndSetChildDomain (26ms)
	RebuildCommonClasses (24ms)
	RebuildNativeTypeToScriptingClass (9ms)
	initialDomainReloadingComplete (21ms)
	LoadAllAssembliesAndSetupDomain (196ms)
		LoadAssemblies (172ms)
		RebuildTransferFunctionScriptingTraits (0ms)
		AnalyzeDomain (73ms)
			TypeCache.Refresh (59ms)
				TypeCache.ScanAssembly (52ms)
			ScanForSourceGeneratedMonoScriptInfo (10ms)
			ResolveRequiredComponents (3ms)
	FinalizeReload (689ms)
		ReleaseScriptCaches (0ms)
		RebuildScriptCaches (0ms)
		SetupLoadedEditorAssemblies (292ms)
			LogAssemblyErrors (0ms)
			InitializePlatformSupportModulesInManaged (4ms)
			SetLoadedEditorAssemblies (3ms)
			RefreshPlugins (0ms)
			BeforeProcessingInitializeOnLoad (61ms)
			ProcessInitializeOnLoadAttributes (209ms)
			ProcessInitializeOnLoadMethodAttributes (12ms)
			AfterProcessingInitializeOnLoad (2ms)
			EditorAssembliesLoaded (0ms)
		ExecutionOrderSort2 (0ms)
		AwakeInstancesAfterBackupRestoration (4ms)
Refreshing native plugins compatible for Editor in 1.88 ms, found 3 plugins.
Preloading 0 native plugins for Editor in 0.00 ms.
Unloading 3754 Unused Serialized files (Serialized files now loaded: 0)
Unloading 34 unused Assets / (2.6 MB). Loaded Objects now: 4346.
Memory consumption went from 152.4 MB to 149.8 MB.
Total: 3.257200 ms (FindLiveObjects: 0.251400 ms CreateObjectMapping: 0.067700 ms MarkObjects: 2.251700 ms  DeleteObjects: 0.685900 ms)

Prepare: number of updated asset objects reloaded= 25
AssetImportParameters requested are different than current active one (requested -> active):
  custom:scripting/monoscript/fileName/Decorators.cs: 4533f6715dc3f8cdabbd37ff77d1dad7 -> 
  custom:scripting/monoscript/fileName/GlobalSettings.cs: e5eb35b80bdfaee4ead1e1630fd77998 -> 
  custom:scripting/monoscript/fileName/PostProcessEffectBaseEditor.cs: 972bdf00f442be0d879dcb6868e25c8e -> 
  custom:scripting/monoscript/fileName/PostProcessRenderContext.cs: 9e034c8bf7d42a1d6c2d4339915eccb0 -> 
  custom:scripting/monoscript/fileName/Spline.cs: f8384952784bb95e08e1e29156fe4db5 -> 4e387ee563fd6b588142d262df330d27
  custom:scripting/monoscript/fileName/ColorGrading.cs: ef67493fb3cf9676ba5f25862510a595 -> 
  custom:scripting/monoscript/fileName/Monitor.cs: e0eb5d32b3aade2e0ce8680b00ac2b78 -> 
  custom:scripting/precompiled-assembly-types:Unity.Postprocessing.Runtime: 655cd018e42ac91ed9a03cfbdae17956 -> 
  custom:scripting/monoscript/fileName/TemporalAntialiasing.cs: 71e40fdab49d34f4e07f83936454d904 -> 
  custom:container-demuxer-ogg: 62fdf1f143b41e24485cea50d1cbac27 -> 
  custom:scripting/monoscript/fileName/AmbientOcclusion.cs: 7a27923f9312611f0b2898a72e3ee96a -> 
  custom:scripting/monoscript/fileName/PostProcessDebugLayer.cs: 6d8a99809398beddf11f92dfbb0e6ad4 -> 
  custom:scripting/monoscript/fileName/ColorUtilities.cs: 47918ebfa890b947a816b80444ee2882 -> 
  custom:scripting/monoscript/fileName/ParameterOverride.cs: 5475497db741ca919df708e5019e593d -> 
  custom:scripting/monoscript/fileName/TextureLerper.cs: 973e800795f77d61d647ea0c3f0cf284 -> 
  custom:scripting/precompiled-assembly-types:Unity.Postprocessing.Editor: 23b49e25b965492466cd147d7735360a -> 
  custom:scripting/monoscript/fileName/Vignette.cs: e0b99ac31b7575ef776e7be56647abb0 -> 
  custom:scripting/monoscript/fileName/DepthOfFieldEditor.cs: 64cce655bf722c851048e2ebbf401a7b -> 
  custom:scripting/monoscript/fileName/DefaultPostProcessEffectEditor.cs: 06a1d8fcea7725e08b95f21cc15fd0a1 -> 
  custom:scripting/monoscript/fileName/PostProcessLayer.cs: aa288976158dcd4c24041d5304f25d07 -> 
  custom:video-codec-MediaFoundation-h265: 746d11721c4dcdbdad8f713fa42b33f4 -> 
  custom:scripting/monoscript/fileName/MaxAttribute.cs: d661645ab8c724f24b3e19978e87b44c -> 
  custom:scripting/monoscript/fileName/PostProcessDebugEditor.cs: 1a0488d8742bf880cc7334e53e2cc73d -> 
  custom:video-decoder-ogg-theora: a1e56fd34408186e4bbccfd4996cb3dc -> 
  custom:scripting/monoscript/fileName/SerializedParameterOverride.cs: 5e4deaf96895d013d32a8e84ec179f8e -> 
  custom:scripting/monoscript/fileName/MeshUtilities.cs: dc5356b699afd34cf9728f4d65b476a0 -> 
  custom:scripting/monoscript/fileName/AmbientOcclusionEditor.cs: 61e5422c29b8f52188d508eb7d382167 -> 
  custom:scripting/monoscript/fileName/FastApproximateAntialiasing.cs: bf5588b2deec2689a812a7d2eacd9bd5 -> 
  custom:scripting/monoscript/fileName/MotionBlur.cs: 823914e335803785a19e5990c6ab2911 -> 
  custom:scripting/monoscript/fileName/DefineSetter.cs: 292ba08e52064b1a72f8d4bb04301dd3 -> 
  custom:framework-win-MediaFoundation: 216162199b28c13a410421893ffa2e32 -> 
  custom:scripting/monoscript/fileName/ShaderIDs.cs: 96024f1f873475da65a783f1404f9117 -> 
  custom:scripting/monoscript/fileName/PostProcessEditorAttribute.cs: 672a58b4d5bab60112487a31c361c481 -> 
  custom:scripting/monoscript/fileName/LensDistortionEditor.cs: dee045d29944d55e8040435a58a7ce90 -> 
  custom:scripting/monoscript/fileName/MotionBlurEditor.cs: 3bd8d3e7e9a7ea94beb2e5517b62d27b -> 
  custom:scripting/monoscript/fileName/Dithering.cs: 3014fffaa718d0ad6dd2c7bb7956ed46 -> 
  custom:scripting/monoscript/fileName/DecoratorAttribute.cs: be5bd39119e1a41ea1a019fdb3818a3f -> 
  custom:scripting/monoscript/fileName/DisplayNameAttribute.cs: 935a6ac504eb8a852fba40cbcae9292c -> 
  custom:scripting/monoscript/fileName/PostProcessEffectSettings.cs: 2ab9d33170e863b1a9c8a9079cdd12aa -> 
  custom:scripting/monoscript/fileName/Fog.cs: 07e271953e2bcf8513b6a72a2737e767 -> 
  custom:scripting/monoscript/fileName/PostProcessManager.cs: 28ef7780d543a8111635e1f5051383d0 -> 
  custom:scripting/monoscript/fileName/VolumeFactory.cs: cc77136700c9e1ff894d234886ccb852 -> 
  custom:CustomObjectIndexerAttribute: 9a22284fe3817be447336de3de66b15e -> 
  custom:scripting/monoscript/fileName/PostProcessEvent.cs: 8fb6e54ff2cf1a8be7ecdd01fbdd78f8 -> 
  custom:scripting/monoscript/fileName/TrackballAttribute.cs: 8dea8f77de7bd03137cc578af1ea6656 -> 
  custom:scripting/monoscript/fileName/TrackballDecorator.cs: 6a2b6c747937d12d8d81be8f5b21fbd2 -> 
  custom:scripting/monoscript/fileName/MultiScaleVO.cs: d4c4732956ffb536e016475d75f04c43 -> 
  custom:scripting/monoscript/fileName/CubeLutAssetFactory.cs: db1961888d7cabf6be94b37e3b663de4 -> 
  custom:container-demuxer-webm: 4f35f7cbe854078d1ac9338744f61a02 -> 
  custom:scripting/monoscript/fileName/PostProcessVolumeEditor.cs: 7aae71821512dcac422c45dc773293c3 -> 
  custom:scripting/monoscript/fileName/ChromaticAberration.cs: 4d59e57f8324f5f986e16678ed451410 -> 
  custom:scripting/monoscript/fileName/VignetteEditor.cs: 345736fc911c5e8ab23e579751a40e4a -> 
  custom:scripting/monoscript/fileName/Styling.cs: d1c4aa14ff93670753edfbb93fc91bfe -> 
  custom:scripting/monoscript/fileName/PostProcessEffectRendererExtensions.cs: e953624d113e7e1739c702512603957d -> 
  custom:scripting/monoscript/fileName/ScalableAO.cs: 2f29d71d59b754086c809cfee1cdce34 -> 
  custom:scripting/monoscript/fileName/PostProcessLayerEditor.cs: d16de665ece05cd6e27dcc8d7bac4b9a -> 
  custom:scripting/monoscript/fileName/MinMaxAttribute.cs: a4b6ac8a4377612c7135a60f905792f1 -> 
  custom:scripting/monoscript/fileName/SubpixelMorphologicalAntialiasing.cs: 02dcb8839824addec278047da0509aea -> 
  custom:scripting/monoscript/fileName/BaseEditor.cs: 90647cc400823b41df847a6cbfc29026 -> 
  custom:container-muxer-webm: aa71ff27fc2769a1b78a27578f13a17b -> 
  custom:scripting/monoscript/fileName/ReadmeEditor.cs: ff7ced1e41c1b99ddf5dfefc88f6bd50 -> 
  custom:video-decoder-webm-vp8: 9c59270c3fd7afecdb556c50c9e8de78 -> 
  custom:SearchIndexIgnoredProperties: e643bd26f0fe6173181afceb89e7c659 -> 
  custom:scripting/monoscript/fileName/ChromaticAberrationEditor.cs: 3043bf57519b71f64b7a6de970c2487b -> 
  custom:scripting/monoscript/fileName/PostProcessEffectRenderer.cs: 577c5acf8157ecea944bb95c8c6d9a95 -> 
  custom:AudioImporter_EditorPlatform: d09bf68614088b80899f8185d706f6e7 -> 
  custom:scripting/monoscript/fileName/TextureFormatUtilities.cs: ba58c57cfaabc0f8201a9ca6902fcb23 -> 
  custom:scripting/monoscript/fileName/PostProcessVolume.cs: 3883cef4be0567c54caf457a416a2095 -> 
  custom:scripting/monoscript/fileName/LightMeterMonitor.cs: a897ae0c731cb153281aea9ecd0efb03 -> 
  custom:scripting/monoscript/fileName/ColorGradingEditor.cs: 25838050e3e1f12ef51713a5dcf60349 -> 
  custom:scripting/monoscript/fileName/AttributeDecorator.cs: 39b465f08cd0a5df82fc2ef70b766ca2 -> 
  custom:scripting/monoscript/fileName/AutoExposureEditor.cs: dfd15824649ea346b717bc72a871d75b -> 
  custom:scripting/monoscript/fileName/LensDistortion.cs: b7963bb1da21ba484a7b59b9f6ea3aec -> 
  custom:scripting/monoscript/fileName/ResourceAssetFactory.cs: bf6acc988648d854bb3c5751325d0d0a -> 
  custom:scripting/monoscript/fileName/PostProcessProfileEditor.cs: 1dcd55858a4126cb33b0f2de53c74fbe -> 
  custom:scripting/monoscript/fileName/PostProcessDebug.cs: a653e9b773649e7452b035b4ce1dae82 -> 
  custom:scripting/monoscript/fileName/PostProcessAttribute.cs: e125947bf72ce7382f3b16f75797c897 -> 
  custom:scripting/monoscript/fileName/Grain.cs: 43f09a87a88d9937fbb9c4dbf3d5508e -> 
  custom:scripting/monoscript/fileName/HistogramMonitor.cs: 6fd024409d6e9db8d4c2c4e26430c2ad -> 
  custom:scripting/monoscript/fileName/PostProcessProfile.cs: f6dc030e2e953b2ed0eca334cce5d5cf -> 
  custom:scripting/monoscript/fileName/ProfileFactory.cs: f835845dfebfed501813f60a1cb006a3 -> 
  custom:scripting/monoscript/fileName/PostProcessEffectEditor.cs: 90647cc400823b41df847a6cbfc29026 -> 
  custom:scripting/monoscript/fileName/CubeLutAssetImporter.cs: 5e94ca4c74dad11cc8880f33d0ba9efb -> 
  custom:scripting/monoscript/fileName/PostProcessBundle.cs: f610f855c8ae8b896b5084e85ede373e -> 
  custom:scripting/monoscript/fileName/ScreenSpaceReflectionsEditor.cs: 59c13ba25de6098e70bafe8be94f609a -> 
  custom:video-encoder-webm-vp8: eb34c28f22e8b96e1ab97ce403110664 -> 
  custom:scripting/monoscript/fileName/RuntimeUtilities.cs: 76964d36e50cc48cfa29643bdde8d9a5 -> 
  custom:scripting/monoscript/fileName/Bloom.cs: 6f6d579a64201b97313a62a1e91b3575 -> 
  custom:audio-decoder-ogg-vorbis: bf7c407c2cedff20999df2af8eb42d56 -> 
  custom:scripting/monoscript/fileName/AutoExposure.cs: 0e7c21b17f53209ee8c5c61ab59d7835 -> 
  custom:scripting/monoscript/fileName/VectorscopeMonitor.cs: cb70c6437b976f01b752cd219cc47f32 -> 
  custom:scripting/monoscript/fileName/PropertySheetFactory.cs: cfc4667cc03e44252fafe18d99f24b25 -> 
  custom:scripting/monoscript/fileName/EditorUtilities.cs: 53a52fb113757c42f9c516115bd845ca -> 
  custom:scripting/monoscript/fileName/HaltonSeq.cs: a7590e55d6fae5328a1c395a2473d0cf -> 
  custom:scripting/monoscript/fileName/MinAttribute.cs: a3e7473301291585f4cca024ce307406 -> 
  custom:scripting/monoscript/fileName/DepthOfField.cs: d62178d8b5619f59fcdd6d24617ef5fd -> 
  custom:scripting/monoscript/fileName/BloomEditor.cs: c341bb26b40744c3a5c2a142ac3e1051 -> 
  custom:scripting/monoscript/fileName/WaveformMonitor.cs: 609651ee3f98f206575f684e9cce655d -> 
  custom:scripting/monoscript/fileName/HableCurve.cs: f244b24d6e7c556a2de06e25b0bbf4c1 -> 
  custom:audio-encoder-webm-vorbis: bf7c407c2cedff20999df2af8eb42d56 -> 
  custom:scripting/precompiled-assembly-types:Assembly-CSharp-Editor: 313400a751e441a2d874eab7f0380857 -> 
  custom:scripting/monoscript/fileName/PropertySheet.cs: e6bb03169eca9d33ea794a47ad6ce213 -> 
  custom:scripting/monoscript/fileName/TargetPool.cs: 6d29560228134c933c12fb1c113fb6ef -> 
  custom:scripting/monoscript/fileName/LogHistogram.cs: bab913d888834a1a8572eb834acec97c -> 
  custom:scripting/monoscript/fileName/ScreenSpaceReflections.cs: 8afa07200328ddfcb2536d4180c62536 -> 
  custom:scripting/monoscript/fileName/CurveEditor.cs: f5e872b2a5a6427a1785818cb10d95d1 -> 
  custom:scripting/monoscript/fileName/PostProcessResources.cs: 5089c17a701ba9b714a1f3d25fb9a9b0 -> 
  custom:scripting/monoscript/fileName/EffectListEditor.cs: 1ecdb4094d9e64024d6eb7725a86197b -> 
========================================================================
Received Prepare
Folder 'Packages/com.unity.postprocessing/PostProcessing/Runtime/' contains multiple assembly definition files (Packages/com.unity.postprocessing/PostProcessing/Runtime/Unity.Postprocessing.Runtime.asmdef)
Folder 'Packages/com.unity.postprocessing/PostProcessing/Runtime/' contains multiple assembly definition files (Packages/com.unity.postprocessing/PostProcessing/Runtime/com.unity.postprocessing.Runtime.asmdef)
Folder 'Packages/com.unity.postprocessing/PostProcessing/Editor/' contains multiple assembly definition files (Packages/com.unity.postprocessing/PostProcessing/Editor/com.unity.postprocessing.Editor.asmdef)
Folder 'Packages/com.unity.postprocessing/PostProcessing/Editor/' contains multiple assembly definition files (Packages/com.unity.postprocessing/PostProcessing/Editor/Unity.Postprocessing.Editor.asmdef)
ArgumentException: An item with the same key has already been added. Key: d60799ab2a985554ea1a39cd38695018
  at System.Collections.Generic.Dictionary`2[TKey,TValue].TryInsert (TKey key, TValue value, System.Collections.Generic.InsertionBehavior behavior) [0x0015a] in <1071a2cb0cb3433aae80a793c277a048>:0 
  at System.Collections.Generic.Dictionary`2[TKey,TValue].Add (TKey key, TValue value) [0x00000] in <1071a2cb0cb3433aae80a793c277a048>:0 
  at System.Linq.Enumerable.ToDictionary[TSource,TKey,TElement] (TSource[] source, System.Func`2[T,TResult] keySelector, System.Func`2[T,TResult] elementSelector, System.Collections.Generic.IEqualityComparer`1[T] comparer) [0x00029] in <ea489521390f48908a7ce45cb17a6848>:0 
  at System.Linq.Enumerable.ToDictionary[TSource,TKey,TElement] (System.Collections.Generic.IEnumerable`1[T] source, System.Func`2[T,TResult] keySelector, System.Func`2[T,TResult] elementSelector, System.Collections.Generic.IEqualityComparer`1[T] comparer) [0x00051] in <ea489521390f48908a7ce45cb17a6848>:0 
  at System.Linq.Enumerable.ToDictionary[TSource,TKey,TElement] (System.Collections.Generic.IEnumerable`1[T] source, System.Func`2[T,TResult] keySelector, System.Func`2[T,TResult] elementSelector) [0x00000] in <ea489521390f48908a7ce45cb17a6848>:0 
  at UnityEditor.Scripting.ScriptCompilation.AssemblyGraphBuilder.Initialize (System.Collections.Generic.IReadOnlyCollection`1[T] assemblies, System.Collections.Generic.IReadOnlyCollection`1[T] customScriptAssemblyReferences) [0x00046] in <4b8f645257c94d1296f440a10c6f388e>:0 
  at UnityEditor.Scripting.ScriptCompilation.AssemblyGraphBuilderFactory.GetOrCreate (System.String projectPath, System.Collections.Generic.IReadOnlyCollection`1[T] assemblies, System.Collections.Generic.IReadOnlyCollection`1[T] customScriptAssemblyReferences) [0x00038] in <4b8f645257c94d1296f440a10c6f388e>:0 
  at UnityEditor.Scripting.ScriptCompilation.EditorCompilation.GetAssemblyGraphBuilder () [0x00027] in <4b8f645257c94d1296f440a10c6f388e>:0 
  at UnityEditor.Scripting.ScriptCompilation.EditorCompilation.SetAllScripts (System.String[] allScripts) [0x0000d] in <4b8f645257c94d1296f440a10c6f388e>:0 
  at UnityEditor.Scripting.ScriptCompilation.EditorCompilationInterface.SetAllScripts (System.String[] allScripts) [0x00006] in <4b8f645257c94d1296f440a10c6f388e>:0 

Caller must complete domain reload
Folder 'Packages/com.unity.postprocessing/PostProcessing/Runtime/' contains multiple assembly definition files (Packages/com.unity.postprocessing/PostProcessing/Runtime/Unity.Postprocessing.Runtime.asmdef)
Folder 'Packages/com.unity.postprocessing/PostProcessing/Runtime/' contains multiple assembly definition files (Packages/com.unity.postprocessing/PostProcessing/Runtime/com.unity.postprocessing.Runtime.asmdef)
Folder 'Packages/com.unity.postprocessing/PostProcessing/Editor/' contains multiple assembly definition files (Packages/com.unity.postprocessing/PostProcessing/Editor/com.unity.postprocessing.Editor.asmdef)
Folder 'Packages/com.unity.postprocessing/PostProcessing/Editor/' contains multiple assembly definition files (Packages/com.unity.postprocessing/PostProcessing/Editor/Unity.Postprocessing.Editor.asmdef)
ArgumentException: An item with the same key has already been added. Key: d60799ab2a985554ea1a39cd38695018
  at System.Collections.Generic.Dictionary`2[TKey,TValue].TryInsert (TKey key, TValue value, System.Collections.Generic.InsertionBehavior behavior) [0x0015a] in <1071a2cb0cb3433aae80a793c277a048>:0 
  at System.Collections.Generic.Dictionary`2[TKey,TValue].Add (TKey key, TValue value) [0x00000] in <1071a2cb0cb3433aae80a793c277a048>:0 
  at System.Linq.Enumerable.ToDictionary[TSource,TKey,TElement] (TSource[] source, System.Func`2[T,TResult] keySelector, System.Func`2[T,TResult] elementSelector, System.Collections.Generic.IEqualityComparer`1[T] comparer) [0x00029] in <ea489521390f48908a7ce45cb17a6848>:0 
  at System.Linq.Enumerable.ToDictionary[TSource,TKey,TElement] (System.Collections.Generic.IEnumerable`1[T] source, System.Func`2[T,TResult] keySelector, System.Func`2[T,TResult] elementSelector, System.Collections.Generic.IEqualityComparer`1[T] comparer) [0x00051] in <ea489521390f48908a7ce45cb17a6848>:0 
  at System.Linq.Enumerable.ToDictionary[TSource,TKey,TElement] (System.Collections.Generic.IEnumerable`1[T] source, System.Func`2[T,TResult] keySelector, System.Func`2[T,TResult] elementSelector) [0x00000] in <ea489521390f48908a7ce45cb17a6848>:0 
  at UnityEditor.Scripting.ScriptCompilation.AssemblyGraphBuilder.Initialize (System.Collections.Generic.IReadOnlyCollection`1[T] assemblies, System.Collections.Generic.IReadOnlyCollection`1[T] customScriptAssemblyReferences) [0x00046] in <4b8f645257c94d1296f440a10c6f388e>:0 
  at UnityEditor.Scripting.ScriptCompilation.AssemblyGraphBuilderFactory.GetOrCreate (System.String projectPath, System.Collections.Generic.IReadOnlyCollection`1[T] assemblies, System.Collections.Generic.IReadOnlyCollection`1[T] customScriptAssemblyReferences) [0x00038] in <4b8f645257c94d1296f440a10c6f388e>:0 
  at UnityEditor.Scripting.ScriptCompilation.EditorCompilation.GetAssemblyGraphBuilder () [0x00027] in <4b8f645257c94d1296f440a10c6f388e>:0 
  at UnityEditor.Scripting.ScriptCompilation.EditorCompilation.SetAllScripts (System.String[] allScripts) [0x0000d] in <4b8f645257c94d1296f440a10c6f388e>:0 
  at UnityEditor.Scripting.ScriptCompilation.EditorCompilationInterface.SetAllScripts (System.String[] allScripts) [0x00006] in <4b8f645257c94d1296f440a10c6f388e>:0 

Begin MonoManager ReloadAssembly
- Loaded All Assemblies, in  0.241 seconds
Native extension for WindowsStandalone target not found
Folder 'Packages/com.unity.postprocessing/PostProcessing/Runtime/' contains multiple assembly definition files (Packages/com.unity.postprocessing/PostProcessing/Runtime/Unity.Postprocessing.Runtime.asmdef)
Folder 'Packages/com.unity.postprocessing/PostProcessing/Runtime/' contains multiple assembly definition files (Packages/com.unity.postprocessing/PostProcessing/Runtime/com.unity.postprocessing.Runtime.asmdef)
Folder 'Packages/com.unity.postprocessing/PostProcessing/Editor/' contains multiple assembly definition files (Packages/com.unity.postprocessing/PostProcessing/Editor/com.unity.postprocessing.Editor.asmdef)
Folder 'Packages/com.unity.postprocessing/PostProcessing/Editor/' contains multiple assembly definition files (Packages/com.unity.postprocessing/PostProcessing/Editor/Unity.Postprocessing.Editor.asmdef)
ArgumentException: An item with the same key has already been added. Key: d60799ab2a985554ea1a39cd38695018
  at System.Collections.Generic.Dictionary`2[TKey,TValue].TryInsert (TKey key, TValue value, System.Collections.Generic.InsertionBehavior behavior) [0x0015a] in <1071a2cb0cb3433aae80a793c277a048>:0 
  at System.Collections.Generic.Dictionary`2[TKey,TValue].Add (TKey key, TValue value) [0x00000] in <1071a2cb0cb3433aae80a793c277a048>:0 
  at System.Linq.Enumerable.ToDictionary[TSource,TKey,TElement] (TSource[] source, System.Func`2[T,TResult] keySelector, System.Func`2[T,TResult] elementSelector, System.Collections.Generic.IEqualityComparer`1[T] comparer) [0x00029] in <ea489521390f48908a7ce45cb17a6848>:0 
  at System.Linq.Enumerable.ToDictionary[TSource,TKey,TElement] (System.Collections.Generic.IEnumerable`1[T] source, System.Func`2[T,TResult] keySelector, System.Func`2[T,TResult] elementSelector, System.Collections.Generic.IEqualityComparer`1[T] comparer) [0x00051] in <ea489521390f48908a7ce45cb17a6848>:0 
  at System.Linq.Enumerable.ToDictionary[TSource,TKey,TElement] (System.Collections.Generic.IEnumerable`1[T] source, System.Func`2[T,TResult] keySelector, System.Func`2[T,TResult] elementSelector) [0x00000] in <ea489521390f48908a7ce45cb17a6848>:0 
  at UnityEditor.Scripting.ScriptCompilation.AssemblyGraphBuilder.Initialize (System.Collections.Generic.IReadOnlyCollection`1[T] assemblies, System.Collections.Generic.IReadOnlyCollection`1[T] customScriptAssemblyReferences) [0x00046] in <4b8f645257c94d1296f440a10c6f388e>:0 
  at UnityEditor.Scripting.ScriptCompilation.AssemblyGraphBuilderFactory.GetOrCreate (System.String projectPath, System.Collections.Generic.IReadOnlyCollection`1[T] assemblies, System.Collections.Generic.IReadOnlyCollection`1[T] customScriptAssemblyReferences) [0x00038] in <4b8f645257c94d1296f440a10c6f388e>:0 
  at UnityEditor.Scripting.ScriptCompilation.EditorCompilation.GetAssemblyGraphBuilder () [0x00027] in <4b8f645257c94d1296f440a10c6f388e>:0 
  at UnityEditor.Scripting.ScriptCompilation.EditorCompilation.SetAllScripts (System.String[] allScripts) [0x0000d] in <4b8f645257c94d1296f440a10c6f388e>:0 
  at UnityEditor.Scripting.ScriptCompilation.EditorCompilationInterface.SetAllScripts (System.String[] allScripts) [0x00006] in <4b8f645257c94d1296f440a10c6f388e>:0 

[ScriptCompilation] NOT recompiling all scripts because this is an import worker process. Reason to compile was: Define symbols changed
Mono: successfully reloaded assembly
- Finished resetting the current domain, in  0.601 seconds
Domain Reload Profiling: 842ms
	BeginReloadAssembly (94ms)
		ExecutionOrderSort (0ms)
		DisableScriptedObjects (3ms)
		BackupInstance (0ms)
		ReleaseScriptingObjects (0ms)
		CreateAndSetChildDomain (22ms)
	RebuildCommonClasses (19ms)
	RebuildNativeTypeToScriptingClass (7ms)
	initialDomainReloadingComplete (14ms)
	LoadAllAssembliesAndSetupDomain (107ms)
		LoadAssemblies (145ms)
		RebuildTransferFunctionScriptingTraits (0ms)
		AnalyzeDomain (8ms)
			TypeCache.Refresh (4ms)
				TypeCache.ScanAssembly (0ms)
			ScanForSourceGeneratedMonoScriptInfo (0ms)
			ResolveRequiredComponents (3ms)
	FinalizeReload (601ms)
		ReleaseScriptCaches (0ms)
		RebuildScriptCaches (0ms)
		SetupLoadedEditorAssemblies (293ms)
			LogAssemblyErrors (0ms)
			InitializePlatformSupportModulesInManaged (4ms)
			SetLoadedEditorAssemblies (2ms)
			RefreshPlugins (0ms)
			BeforeProcessingInitializeOnLoad (41ms)
			ProcessInitializeOnLoadAttributes (231ms)
			ProcessInitializeOnLoadMethodAttributes (13ms)
			AfterProcessingInitializeOnLoad (2ms)
			EditorAssembliesLoaded (0ms)
		ExecutionOrderSort2 (0ms)
		AwakeInstancesAfterBackupRestoration (4ms)
Refreshing native plugins compatible for Editor in 1.58 ms, found 3 plugins.
Preloading 0 native plugins for Editor in 0.00 ms.
Unloading 3754 Unused Serialized files (Serialized files now loaded: 0)
Unloading 31 unused Assets / (2.6 MB). Loaded Objects now: 4350.
Memory consumption went from 152.5 MB to 149.9 MB.
Total: 3.132200 ms (FindLiveObjects: 0.221300 ms CreateObjectMapping: 0.062300 ms MarkObjects: 2.304600 ms  DeleteObjects: 0.543600 ms)

Prepare: number of updated asset objects reloaded= 0
AssetImportParameters requested are different than current active one (requested -> active):
  custom:scripting/monoscript/fileName/Decorators.cs: 4533f6715dc3f8cdabbd37ff77d1dad7 -> 
  custom:scripting/monoscript/fileName/GlobalSettings.cs: e5eb35b80bdfaee4ead1e1630fd77998 -> 
  custom:scripting/monoscript/fileName/PostProcessEffectBaseEditor.cs: 972bdf00f442be0d879dcb6868e25c8e -> 
  custom:scripting/monoscript/fileName/PostProcessRenderContext.cs: 9e034c8bf7d42a1d6c2d4339915eccb0 -> 
  custom:scripting/monoscript/fileName/Spline.cs: f8384952784bb95e08e1e29156fe4db5 -> 4e387ee563fd6b588142d262df330d27
  custom:scripting/monoscript/fileName/ColorGrading.cs: ef67493fb3cf9676ba5f25862510a595 -> 
  custom:scripting/monoscript/fileName/Monitor.cs: e0eb5d32b3aade2e0ce8680b00ac2b78 -> 
  custom:scripting/precompiled-assembly-types:Unity.Postprocessing.Runtime: 655cd018e42ac91ed9a03cfbdae17956 -> 
  custom:scripting/monoscript/fileName/TemporalAntialiasing.cs: 71e40fdab49d34f4e07f83936454d904 -> 
  custom:container-demuxer-ogg: 62fdf1f143b41e24485cea50d1cbac27 -> 
  custom:scripting/monoscript/fileName/AmbientOcclusion.cs: 7a27923f9312611f0b2898a72e3ee96a -> 
  custom:scripting/monoscript/fileName/PostProcessDebugLayer.cs: 6d8a99809398beddf11f92dfbb0e6ad4 -> 
  custom:scripting/monoscript/fileName/ColorUtilities.cs: 47918ebfa890b947a816b80444ee2882 -> 
  custom:scripting/monoscript/fileName/ParameterOverride.cs: 5475497db741ca919df708e5019e593d -> 
  custom:scripting/monoscript/fileName/TextureLerper.cs: 973e800795f77d61d647ea0c3f0cf284 -> 
  custom:scripting/precompiled-assembly-types:Unity.Postprocessing.Editor: 23b49e25b965492466cd147d7735360a -> 
  custom:scripting/monoscript/fileName/Vignette.cs: e0b99ac31b7575ef776e7be56647abb0 -> 
  custom:scripting/monoscript/fileName/DepthOfFieldEditor.cs: 64cce655bf722c851048e2ebbf401a7b -> 
  custom:scripting/monoscript/fileName/DefaultPostProcessEffectEditor.cs: 06a1d8fcea7725e08b95f21cc15fd0a1 -> 
  custom:scripting/monoscript/fileName/PostProcessLayer.cs: aa288976158dcd4c24041d5304f25d07 -> 
  custom:video-codec-MediaFoundation-h265: 746d11721c4dcdbdad8f713fa42b33f4 -> 
  custom:scripting/monoscript/fileName/MaxAttribute.cs: d661645ab8c724f24b3e19978e87b44c -> 
  custom:scripting/monoscript/fileName/PostProcessDebugEditor.cs: 1a0488d8742bf880cc7334e53e2cc73d -> 
  custom:video-decoder-ogg-theora: a1e56fd34408186e4bbccfd4996cb3dc -> 
  custom:scripting/monoscript/fileName/SerializedParameterOverride.cs: 5e4deaf96895d013d32a8e84ec179f8e -> 
  custom:scripting/monoscript/fileName/MeshUtilities.cs: dc5356b699afd34cf9728f4d65b476a0 -> 
  custom:scripting/monoscript/fileName/AmbientOcclusionEditor.cs: 61e5422c29b8f52188d508eb7d382167 -> 
  custom:scripting/monoscript/fileName/FastApproximateAntialiasing.cs: bf5588b2deec2689a812a7d2eacd9bd5 -> 
  custom:scripting/monoscript/fileName/MotionBlur.cs: 823914e335803785a19e5990c6ab2911 -> 
  custom:scripting/monoscript/fileName/DefineSetter.cs: 292ba08e52064b1a72f8d4bb04301dd3 -> 
  custom:framework-win-MediaFoundation: 216162199b28c13a410421893ffa2e32 -> 
  custom:scripting/monoscript/fileName/ShaderIDs.cs: 96024f1f873475da65a783f1404f9117 -> 
  custom:scripting/monoscript/fileName/PostProcessEditorAttribute.cs: 672a58b4d5bab60112487a31c361c481 -> 
  custom:scripting/monoscript/fileName/LensDistortionEditor.cs: dee045d29944d55e8040435a58a7ce90 -> 
  custom:scripting/monoscript/fileName/MotionBlurEditor.cs: 3bd8d3e7e9a7ea94beb2e5517b62d27b -> 
  custom:scripting/monoscript/fileName/Dithering.cs: 3014fffaa718d0ad6dd2c7bb7956ed46 -> 
  custom:scripting/monoscript/fileName/DecoratorAttribute.cs: be5bd39119e1a41ea1a019fdb3818a3f -> 
  custom:scripting/monoscript/fileName/DisplayNameAttribute.cs: 935a6ac504eb8a852fba40cbcae9292c -> 
  custom:scripting/monoscript/fileName/PostProcessEffectSettings.cs: 2ab9d33170e863b1a9c8a9079cdd12aa -> 
  custom:scripting/monoscript/fileName/Fog.cs: 07e271953e2bcf8513b6a72a2737e767 -> 
  custom:scripting/monoscript/fileName/PostProcessManager.cs: 28ef7780d543a8111635e1f5051383d0 -> 
  custom:scripting/monoscript/fileName/VolumeFactory.cs: cc77136700c9e1ff894d234886ccb852 -> 
  custom:CustomObjectIndexerAttribute: 9a22284fe3817be447336de3de66b15e -> 
  custom:scripting/monoscript/fileName/PostProcessEvent.cs: 8fb6e54ff2cf1a8be7ecdd01fbdd78f8 -> 
  custom:scripting/monoscript/fileName/TrackballAttribute.cs: 8dea8f77de7bd03137cc578af1ea6656 -> 
  custom:scripting/monoscript/fileName/TrackballDecorator.cs: 6a2b6c747937d12d8d81be8f5b21fbd2 -> 
  custom:scripting/monoscript/fileName/MultiScaleVO.cs: d4c4732956ffb536e016475d75f04c43 -> 
  custom:scripting/monoscript/fileName/CubeLutAssetFactory.cs: db1961888d7cabf6be94b37e3b663de4 -> 
  custom:container-demuxer-webm: 4f35f7cbe854078d1ac9338744f61a02 -> 
  custom:scripting/monoscript/fileName/PostProcessVolumeEditor.cs: 7aae71821512dcac422c45dc773293c3 -> 
  custom:scripting/monoscript/fileName/ChromaticAberration.cs: 4d59e57f8324f5f986e16678ed451410 -> 
  custom:scripting/monoscript/fileName/VignetteEditor.cs: 345736fc911c5e8ab23e579751a40e4a -> 
  custom:scripting/monoscript/fileName/Styling.cs: d1c4aa14ff93670753edfbb93fc91bfe -> 
  custom:scripting/monoscript/fileName/PostProcessEffectRendererExtensions.cs: e953624d113e7e1739c702512603957d -> 
  custom:scripting/monoscript/fileName/ScalableAO.cs: 2f29d71d59b754086c809cfee1cdce34 -> 
  custom:scripting/monoscript/fileName/PostProcessLayerEditor.cs: d16de665ece05cd6e27dcc8d7bac4b9a -> 
  custom:scripting/monoscript/fileName/MinMaxAttribute.cs: a4b6ac8a4377612c7135a60f905792f1 -> 
  custom:scripting/monoscript/fileName/SubpixelMorphologicalAntialiasing.cs: 02dcb8839824addec278047da0509aea -> 
  custom:scripting/monoscript/fileName/BaseEditor.cs: 90647cc400823b41df847a6cbfc29026 -> 
  custom:container-muxer-webm: aa71ff27fc2769a1b78a27578f13a17b -> 
  custom:scripting/monoscript/fileName/ReadmeEditor.cs: ff7ced1e41c1b99ddf5dfefc88f6bd50 -> 
  custom:video-decoder-webm-vp8: 9c59270c3fd7afecdb556c50c9e8de78 -> 
  custom:SearchIndexIgnoredProperties: e643bd26f0fe6173181afceb89e7c659 -> 
  custom:scripting/monoscript/fileName/ChromaticAberrationEditor.cs: 3043bf57519b71f64b7a6de970c2487b -> 
  custom:scripting/monoscript/fileName/PostProcessEffectRenderer.cs: 577c5acf8157ecea944bb95c8c6d9a95 -> 
  custom:AudioImporter_EditorPlatform: d09bf68614088b80899f8185d706f6e7 -> 
  custom:scripting/monoscript/fileName/TextureFormatUtilities.cs: ba58c57cfaabc0f8201a9ca6902fcb23 -> 
  custom:scripting/monoscript/fileName/PostProcessVolume.cs: 3883cef4be0567c54caf457a416a2095 -> 
  custom:scripting/monoscript/fileName/LightMeterMonitor.cs: a897ae0c731cb153281aea9ecd0efb03 -> 
  custom:scripting/monoscript/fileName/ColorGradingEditor.cs: 25838050e3e1f12ef51713a5dcf60349 -> 
  custom:scripting/monoscript/fileName/AttributeDecorator.cs: 39b465f08cd0a5df82fc2ef70b766ca2 -> 
  custom:scripting/monoscript/fileName/AutoExposureEditor.cs: dfd15824649ea346b717bc72a871d75b -> 
  custom:scripting/monoscript/fileName/LensDistortion.cs: b7963bb1da21ba484a7b59b9f6ea3aec -> 
  custom:scripting/monoscript/fileName/ResourceAssetFactory.cs: bf6acc988648d854bb3c5751325d0d0a -> 
  custom:scripting/monoscript/fileName/PostProcessProfileEditor.cs: 1dcd55858a4126cb33b0f2de53c74fbe -> 
  custom:scripting/monoscript/fileName/PostProcessDebug.cs: a653e9b773649e7452b035b4ce1dae82 -> 
  custom:scripting/monoscript/fileName/PostProcessAttribute.cs: e125947bf72ce7382f3b16f75797c897 -> 
  custom:scripting/monoscript/fileName/Grain.cs: 43f09a87a88d9937fbb9c4dbf3d5508e -> 
  custom:scripting/monoscript/fileName/HistogramMonitor.cs: 6fd024409d6e9db8d4c2c4e26430c2ad -> 
  custom:scripting/monoscript/fileName/PostProcessProfile.cs: f6dc030e2e953b2ed0eca334cce5d5cf -> 
  custom:scripting/monoscript/fileName/ProfileFactory.cs: f835845dfebfed501813f60a1cb006a3 -> 
  custom:scripting/monoscript/fileName/PostProcessEffectEditor.cs: 90647cc400823b41df847a6cbfc29026 -> 
  custom:scripting/monoscript/fileName/CubeLutAssetImporter.cs: 5e94ca4c74dad11cc8880f33d0ba9efb -> 
  custom:scripting/monoscript/fileName/PostProcessBundle.cs: f610f855c8ae8b896b5084e85ede373e -> 
  custom:scripting/monoscript/fileName/ScreenSpaceReflectionsEditor.cs: 59c13ba25de6098e70bafe8be94f609a -> 
  custom:video-encoder-webm-vp8: eb34c28f22e8b96e1ab97ce403110664 -> 
  custom:scripting/monoscript/fileName/RuntimeUtilities.cs: 76964d36e50cc48cfa29643bdde8d9a5 -> 
  custom:scripting/monoscript/fileName/Bloom.cs: 6f6d579a64201b97313a62a1e91b3575 -> 
  custom:audio-decoder-ogg-vorbis: bf7c407c2cedff20999df2af8eb42d56 -> 
  custom:scripting/monoscript/fileName/AutoExposure.cs: 0e7c21b17f53209ee8c5c61ab59d7835 -> 
  custom:scripting/monoscript/fileName/VectorscopeMonitor.cs: cb70c6437b976f01b752cd219cc47f32 -> 
  custom:scripting/monoscript/fileName/PropertySheetFactory.cs: cfc4667cc03e44252fafe18d99f24b25 -> 
  custom:scripting/monoscript/fileName/EditorUtilities.cs: 53a52fb113757c42f9c516115bd845ca -> 
  custom:scripting/monoscript/fileName/HaltonSeq.cs: a7590e55d6fae5328a1c395a2473d0cf -> 
  custom:scripting/monoscript/fileName/MinAttribute.cs: a3e7473301291585f4cca024ce307406 -> 
  custom:scripting/monoscript/fileName/DepthOfField.cs: d62178d8b5619f59fcdd6d24617ef5fd -> 
  custom:scripting/monoscript/fileName/BloomEditor.cs: c341bb26b40744c3a5c2a142ac3e1051 -> 
  custom:scripting/monoscript/fileName/WaveformMonitor.cs: 609651ee3f98f206575f684e9cce655d -> 
  custom:scripting/monoscript/fileName/HableCurve.cs: f244b24d6e7c556a2de06e25b0bbf4c1 -> 
  custom:audio-encoder-webm-vorbis: bf7c407c2cedff20999df2af8eb42d56 -> 
  custom:scripting/precompiled-assembly-types:Assembly-CSharp-Editor: 313400a751e441a2d874eab7f0380857 -> 
  custom:scripting/monoscript/fileName/PropertySheet.cs: e6bb03169eca9d33ea794a47ad6ce213 -> 
  custom:scripting/monoscript/fileName/TargetPool.cs: 6d29560228134c933c12fb1c113fb6ef -> 
  custom:scripting/monoscript/fileName/LogHistogram.cs: bab913d888834a1a8572eb834acec97c -> 
  custom:scripting/monoscript/fileName/ScreenSpaceReflections.cs: 8afa07200328ddfcb2536d4180c62536 -> 
  custom:scripting/monoscript/fileName/CurveEditor.cs: f5e872b2a5a6427a1785818cb10d95d1 -> 
  custom:scripting/monoscript/fileName/PostProcessResources.cs: 5089c17a701ba9b714a1f3d25fb9a9b0 -> 
  custom:scripting/monoscript/fileName/EffectListEditor.cs: 1ecdb4094d9e64024d6eb7725a86197b -> 
========================================================================
Received Prepare
Folder 'Packages/com.unity.postprocessing/PostProcessing/Runtime/' contains multiple assembly definition files (Packages/com.unity.postprocessing/PostProcessing/Runtime/Unity.Postprocessing.Runtime.asmdef)
Folder 'Packages/com.unity.postprocessing/PostProcessing/Runtime/' contains multiple assembly definition files (Packages/com.unity.postprocessing/PostProcessing/Runtime/com.unity.postprocessing.Runtime.asmdef)
Folder 'Packages/com.unity.postprocessing/PostProcessing/Editor/' contains multiple assembly definition files (Packages/com.unity.postprocessing/PostProcessing/Editor/com.unity.postprocessing.Editor.asmdef)
Folder 'Packages/com.unity.postprocessing/PostProcessing/Editor/' contains multiple assembly definition files (Packages/com.unity.postprocessing/PostProcessing/Editor/Unity.Postprocessing.Editor.asmdef)
ArgumentException: An item with the same key has already been added. Key: d60799ab2a985554ea1a39cd38695018
  at System.Collections.Generic.Dictionary`2[TKey,TValue].TryInsert (TKey key, TValue value, System.Collections.Generic.InsertionBehavior behavior) [0x0015a] in <1071a2cb0cb3433aae80a793c277a048>:0 
  at System.Collections.Generic.Dictionary`2[TKey,TValue].Add (TKey key, TValue value) [0x00000] in <1071a2cb0cb3433aae80a793c277a048>:0 
  at System.Linq.Enumerable.ToDictionary[TSource,TKey,TElement] (TSource[] source, System.Func`2[T,TResult] keySelector, System.Func`2[T,TResult] elementSelector, System.Collections.Generic.IEqualityComparer`1[T] comparer) [0x00029] in <ea489521390f48908a7ce45cb17a6848>:0 
  at System.Linq.Enumerable.ToDictionary[TSource,TKey,TElement] (System.Collections.Generic.IEnumerable`1[T] source, System.Func`2[T,TResult] keySelector, System.Func`2[T,TResult] elementSelector, System.Collections.Generic.IEqualityComparer`1[T] comparer) [0x00051] in <ea489521390f48908a7ce45cb17a6848>:0 
  at System.Linq.Enumerable.ToDictionary[TSource,TKey,TElement] (System.Collections.Generic.IEnumerable`1[T] source, System.Func`2[T,TResult] keySelector, System.Func`2[T,TResult] elementSelector) [0x00000] in <ea489521390f48908a7ce45cb17a6848>:0 
  at UnityEditor.Scripting.ScriptCompilation.AssemblyGraphBuilder.Initialize (System.Collections.Generic.IReadOnlyCollection`1[T] assemblies, System.Collections.Generic.IReadOnlyCollection`1[T] customScriptAssemblyReferences) [0x00046] in <4b8f645257c94d1296f440a10c6f388e>:0 
  at UnityEditor.Scripting.ScriptCompilation.AssemblyGraphBuilderFactory.GetOrCreate (System.String projectPath, System.Collections.Generic.IReadOnlyCollection`1[T] assemblies, System.Collections.Generic.IReadOnlyCollection`1[T] customScriptAssemblyReferences) [0x00038] in <4b8f645257c94d1296f440a10c6f388e>:0 
  at UnityEditor.Scripting.ScriptCompilation.EditorCompilation.GetAssemblyGraphBuilder () [0x00027] in <4b8f645257c94d1296f440a10c6f388e>:0 
  at UnityEditor.Scripting.ScriptCompilation.EditorCompilation.SetAllScripts (System.String[] allScripts) [0x0000d] in <4b8f645257c94d1296f440a10c6f388e>:0 
  at UnityEditor.Scripting.ScriptCompilation.EditorCompilationInterface.SetAllScripts (System.String[] allScripts) [0x00006] in <4b8f645257c94d1296f440a10c6f388e>:0 

Caller must complete domain reload
Folder 'Packages/com.unity.postprocessing/PostProcessing/Runtime/' contains multiple assembly definition files (Packages/com.unity.postprocessing/PostProcessing/Runtime/Unity.Postprocessing.Runtime.asmdef)
Folder 'Packages/com.unity.postprocessing/PostProcessing/Runtime/' contains multiple assembly definition files (Packages/com.unity.postprocessing/PostProcessing/Runtime/com.unity.postprocessing.Runtime.asmdef)
Folder 'Packages/com.unity.postprocessing/PostProcessing/Editor/' contains multiple assembly definition files (Packages/com.unity.postprocessing/PostProcessing/Editor/com.unity.postprocessing.Editor.asmdef)
Folder 'Packages/com.unity.postprocessing/PostProcessing/Editor/' contains multiple assembly definition files (Packages/com.unity.postprocessing/PostProcessing/Editor/Unity.Postprocessing.Editor.asmdef)
ArgumentException: An item with the same key has already been added. Key: d60799ab2a985554ea1a39cd38695018
  at System.Collections.Generic.Dictionary`2[TKey,TValue].TryInsert (TKey key, TValue value, System.Collections.Generic.InsertionBehavior behavior) [0x0015a] in <1071a2cb0cb3433aae80a793c277a048>:0 
  at System.Collections.Generic.Dictionary`2[TKey,TValue].Add (TKey key, TValue value) [0x00000] in <1071a2cb0cb3433aae80a793c277a048>:0 
  at System.Linq.Enumerable.ToDictionary[TSource,TKey,TElement] (TSource[] source, System.Func`2[T,TResult] keySelector, System.Func`2[T,TResult] elementSelector, System.Collections.Generic.IEqualityComparer`1[T] comparer) [0x00029] in <ea489521390f48908a7ce45cb17a6848>:0 
  at System.Linq.Enumerable.ToDictionary[TSource,TKey,TElement] (System.Collections.Generic.IEnumerable`1[T] source, System.Func`2[T,TResult] keySelector, System.Func`2[T,TResult] elementSelector, System.Collections.Generic.IEqualityComparer`1[T] comparer) [0x00051] in <ea489521390f48908a7ce45cb17a6848>:0 
  at System.Linq.Enumerable.ToDictionary[TSource,TKey,TElement] (System.Collections.Generic.IEnumerable`1[T] source, System.Func`2[T,TResult] keySelector, System.Func`2[T,TResult] elementSelector) [0x00000] in <ea489521390f48908a7ce45cb17a6848>:0 
  at UnityEditor.Scripting.ScriptCompilation.AssemblyGraphBuilder.Initialize (System.Collections.Generic.IReadOnlyCollection`1[T] assemblies, System.Collections.Generic.IReadOnlyCollection`1[T] customScriptAssemblyReferences) [0x00046] in <4b8f645257c94d1296f440a10c6f388e>:0 
  at UnityEditor.Scripting.ScriptCompilation.AssemblyGraphBuilderFactory.GetOrCreate (System.String projectPath, System.Collections.Generic.IReadOnlyCollection`1[T] assemblies, System.Collections.Generic.IReadOnlyCollection`1[T] customScriptAssemblyReferences) [0x00038] in <4b8f645257c94d1296f440a10c6f388e>:0 
  at UnityEditor.Scripting.ScriptCompilation.EditorCompilation.GetAssemblyGraphBuilder () [0x00027] in <4b8f645257c94d1296f440a10c6f388e>:0 
  at UnityEditor.Scripting.ScriptCompilation.EditorCompilation.SetAllScripts (System.String[] allScripts) [0x0000d] in <4b8f645257c94d1296f440a10c6f388e>:0 
  at UnityEditor.Scripting.ScriptCompilation.EditorCompilationInterface.SetAllScripts (System.String[] allScripts) [0x00006] in <4b8f645257c94d1296f440a10c6f388e>:0 

Begin MonoManager ReloadAssembly
- Loaded All Assemblies, in  0.252 seconds
Native extension for WindowsStandalone target not found
Folder 'Packages/com.unity.postprocessing/PostProcessing/Runtime/' contains multiple assembly definition files (Packages/com.unity.postprocessing/PostProcessing/Runtime/Unity.Postprocessing.Runtime.asmdef)
Folder 'Packages/com.unity.postprocessing/PostProcessing/Runtime/' contains multiple assembly definition files (Packages/com.unity.postprocessing/PostProcessing/Runtime/com.unity.postprocessing.Runtime.asmdef)
Folder 'Packages/com.unity.postprocessing/PostProcessing/Editor/' contains multiple assembly definition files (Packages/com.unity.postprocessing/PostProcessing/Editor/com.unity.postprocessing.Editor.asmdef)
Folder 'Packages/com.unity.postprocessing/PostProcessing/Editor/' contains multiple assembly definition files (Packages/com.unity.postprocessing/PostProcessing/Editor/Unity.Postprocessing.Editor.asmdef)
ArgumentException: An item with the same key has already been added. Key: d60799ab2a985554ea1a39cd38695018
  at System.Collections.Generic.Dictionary`2[TKey,TValue].TryInsert (TKey key, TValue value, System.Collections.Generic.InsertionBehavior behavior) [0x0015a] in <1071a2cb0cb3433aae80a793c277a048>:0 
  at System.Collections.Generic.Dictionary`2[TKey,TValue].Add (TKey key, TValue value) [0x00000] in <1071a2cb0cb3433aae80a793c277a048>:0 
  at System.Linq.Enumerable.ToDictionary[TSource,TKey,TElement] (TSource[] source, System.Func`2[T,TResult] keySelector, System.Func`2[T,TResult] elementSelector, System.Collections.Generic.IEqualityComparer`1[T] comparer) [0x00029] in <ea489521390f48908a7ce45cb17a6848>:0 
  at System.Linq.Enumerable.ToDictionary[TSource,TKey,TElement] (System.Collections.Generic.IEnumerable`1[T] source, System.Func`2[T,TResult] keySelector, System.Func`2[T,TResult] elementSelector, System.Collections.Generic.IEqualityComparer`1[T] comparer) [0x00051] in <ea489521390f48908a7ce45cb17a6848>:0 
  at System.Linq.Enumerable.ToDictionary[TSource,TKey,TElement] (System.Collections.Generic.IEnumerable`1[T] source, System.Func`2[T,TResult] keySelector, System.Func`2[T,TResult] elementSelector) [0x00000] in <ea489521390f48908a7ce45cb17a6848>:0 
  at UnityEditor.Scripting.ScriptCompilation.AssemblyGraphBuilder.Initialize (System.Collections.Generic.IReadOnlyCollection`1[T] assemblies, System.Collections.Generic.IReadOnlyCollection`1[T] customScriptAssemblyReferences) [0x00046] in <4b8f645257c94d1296f440a10c6f388e>:0 
  at UnityEditor.Scripting.ScriptCompilation.AssemblyGraphBuilderFactory.GetOrCreate (System.String projectPath, System.Collections.Generic.IReadOnlyCollection`1[T] assemblies, System.Collections.Generic.IReadOnlyCollection`1[T] customScriptAssemblyReferences) [0x00038] in <4b8f645257c94d1296f440a10c6f388e>:0 
  at UnityEditor.Scripting.ScriptCompilation.EditorCompilation.GetAssemblyGraphBuilder () [0x00027] in <4b8f645257c94d1296f440a10c6f388e>:0 
  at UnityEditor.Scripting.ScriptCompilation.EditorCompilation.SetAllScripts (System.String[] allScripts) [0x0000d] in <4b8f645257c94d1296f440a10c6f388e>:0 
  at UnityEditor.Scripting.ScriptCompilation.EditorCompilationInterface.SetAllScripts (System.String[] allScripts) [0x00006] in <4b8f645257c94d1296f440a10c6f388e>:0 

Mono: successfully reloaded assembly
- Finished resetting the current domain, in  0.574 seconds
Domain Reload Profiling: 826ms
	BeginReloadAssembly (98ms)
		ExecutionOrderSort (0ms)
		DisableScriptedObjects (3ms)
		BackupInstance (0ms)
		ReleaseScriptingObjects (0ms)
		CreateAndSetChildDomain (22ms)
	RebuildCommonClasses (19ms)
	RebuildNativeTypeToScriptingClass (7ms)
	initialDomainReloadingComplete (15ms)
	LoadAllAssembliesAndSetupDomain (112ms)
		LoadAssemblies (155ms)
		RebuildTransferFunctionScriptingTraits (0ms)
		AnalyzeDomain (8ms)
			TypeCache.Refresh (4ms)
				TypeCache.ScanAssembly (0ms)
			ScanForSourceGeneratedMonoScriptInfo (0ms)
			ResolveRequiredComponents (3ms)
	FinalizeReload (574ms)
		ReleaseScriptCaches (0ms)
		RebuildScriptCaches (0ms)
		SetupLoadedEditorAssemblies (257ms)
			LogAssemblyErrors (0ms)
			InitializePlatformSupportModulesInManaged (3ms)
			SetLoadedEditorAssemblies (2ms)
			RefreshPlugins (0ms)
			BeforeProcessingInitializeOnLoad (38ms)
			ProcessInitializeOnLoadAttributes (200ms)
			ProcessInitializeOnLoadMethodAttributes (11ms)
			AfterProcessingInitializeOnLoad (2ms)
			EditorAssembliesLoaded (0ms)
		ExecutionOrderSort2 (0ms)
		AwakeInstancesAfterBackupRestoration (5ms)
Refreshing native plugins compatible for Editor in 1.52 ms, found 3 plugins.
Preloading 0 native plugins for Editor in 0.00 ms.
Unloading 3754 Unused Serialized files (Serialized files now loaded: 0)
Unloading 31 unused Assets / (2.6 MB). Loaded Objects now: 4354.
Memory consumption went from 152.5 MB to 149.9 MB.
Total: 3.033800 ms (FindLiveObjects: 0.234500 ms CreateObjectMapping: 0.068800 ms MarkObjects: 2.148600 ms  DeleteObjects: 0.581500 ms)

Prepare: number of updated asset objects reloaded= 0
AssetImportParameters requested are different than current active one (requested -> active):
  custom:scripting/monoscript/fileName/Decorators.cs: 4533f6715dc3f8cdabbd37ff77d1dad7 -> 
  custom:scripting/monoscript/fileName/GlobalSettings.cs: e5eb35b80bdfaee4ead1e1630fd77998 -> 
  custom:scripting/monoscript/fileName/PostProcessEffectBaseEditor.cs: 972bdf00f442be0d879dcb6868e25c8e -> 
  custom:scripting/monoscript/fileName/PostProcessRenderContext.cs: 9e034c8bf7d42a1d6c2d4339915eccb0 -> 
  custom:scripting/monoscript/fileName/Spline.cs: f8384952784bb95e08e1e29156fe4db5 -> 4e387ee563fd6b588142d262df330d27
  custom:scripting/monoscript/fileName/ColorGrading.cs: ef67493fb3cf9676ba5f25862510a595 -> 
  custom:scripting/monoscript/fileName/Monitor.cs: e0eb5d32b3aade2e0ce8680b00ac2b78 -> 
  custom:scripting/precompiled-assembly-types:Unity.Postprocessing.Runtime: 655cd018e42ac91ed9a03cfbdae17956 -> 
  custom:scripting/monoscript/fileName/TemporalAntialiasing.cs: 71e40fdab49d34f4e07f83936454d904 -> 
  custom:container-demuxer-ogg: 62fdf1f143b41e24485cea50d1cbac27 -> 
  custom:scripting/monoscript/fileName/AmbientOcclusion.cs: 7a27923f9312611f0b2898a72e3ee96a -> 
  custom:scripting/monoscript/fileName/PostProcessDebugLayer.cs: 6d8a99809398beddf11f92dfbb0e6ad4 -> 
  custom:scripting/monoscript/fileName/ColorUtilities.cs: 47918ebfa890b947a816b80444ee2882 -> 
  custom:scripting/monoscript/fileName/ParameterOverride.cs: 5475497db741ca919df708e5019e593d -> 
  custom:scripting/monoscript/fileName/TextureLerper.cs: 973e800795f77d61d647ea0c3f0cf284 -> 
  custom:scripting/precompiled-assembly-types:Unity.Postprocessing.Editor: 23b49e25b965492466cd147d7735360a -> 
  custom:scripting/monoscript/fileName/Vignette.cs: e0b99ac31b7575ef776e7be56647abb0 -> 
  custom:scripting/monoscript/fileName/DepthOfFieldEditor.cs: 64cce655bf722c851048e2ebbf401a7b -> 
  custom:scripting/monoscript/fileName/DefaultPostProcessEffectEditor.cs: 06a1d8fcea7725e08b95f21cc15fd0a1 -> 
  custom:scripting/monoscript/fileName/PostProcessLayer.cs: aa288976158dcd4c24041d5304f25d07 -> 
  custom:video-codec-MediaFoundation-h265: 746d11721c4dcdbdad8f713fa42b33f4 -> 
  custom:scripting/monoscript/fileName/MaxAttribute.cs: d661645ab8c724f24b3e19978e87b44c -> 
  custom:scripting/monoscript/fileName/PostProcessDebugEditor.cs: 1a0488d8742bf880cc7334e53e2cc73d -> 
  custom:video-decoder-ogg-theora: a1e56fd34408186e4bbccfd4996cb3dc -> 
  custom:scripting/monoscript/fileName/SerializedParameterOverride.cs: 5e4deaf96895d013d32a8e84ec179f8e -> 
  custom:scripting/monoscript/fileName/MeshUtilities.cs: dc5356b699afd34cf9728f4d65b476a0 -> 
  custom:scripting/monoscript/fileName/AmbientOcclusionEditor.cs: 61e5422c29b8f52188d508eb7d382167 -> 
  custom:scripting/monoscript/fileName/FastApproximateAntialiasing.cs: bf5588b2deec2689a812a7d2eacd9bd5 -> 
  custom:scripting/monoscript/fileName/MotionBlur.cs: 823914e335803785a19e5990c6ab2911 -> 
  custom:scripting/monoscript/fileName/DefineSetter.cs: 292ba08e52064b1a72f8d4bb04301dd3 -> 
  custom:framework-win-MediaFoundation: 216162199b28c13a410421893ffa2e32 -> 
  custom:scripting/monoscript/fileName/ShaderIDs.cs: 96024f1f873475da65a783f1404f9117 -> 
  custom:scripting/monoscript/fileName/PostProcessEditorAttribute.cs: 672a58b4d5bab60112487a31c361c481 -> 
  custom:scripting/monoscript/fileName/LensDistortionEditor.cs: dee045d29944d55e8040435a58a7ce90 -> 
  custom:scripting/monoscript/fileName/MotionBlurEditor.cs: 3bd8d3e7e9a7ea94beb2e5517b62d27b -> 
  custom:scripting/monoscript/fileName/Dithering.cs: 3014fffaa718d0ad6dd2c7bb7956ed46 -> 
  custom:scripting/monoscript/fileName/DecoratorAttribute.cs: be5bd39119e1a41ea1a019fdb3818a3f -> 
  custom:scripting/monoscript/fileName/DisplayNameAttribute.cs: 935a6ac504eb8a852fba40cbcae9292c -> 
  custom:scripting/monoscript/fileName/PostProcessEffectSettings.cs: 2ab9d33170e863b1a9c8a9079cdd12aa -> 
  custom:scripting/monoscript/fileName/Fog.cs: 07e271953e2bcf8513b6a72a2737e767 -> 
  custom:scripting/monoscript/fileName/PostProcessManager.cs: 28ef7780d543a8111635e1f5051383d0 -> 
  custom:scripting/monoscript/fileName/VolumeFactory.cs: cc77136700c9e1ff894d234886ccb852 -> 
  custom:CustomObjectIndexerAttribute: 9a22284fe3817be447336de3de66b15e -> 
  custom:scripting/monoscript/fileName/PostProcessEvent.cs: 8fb6e54ff2cf1a8be7ecdd01fbdd78f8 -> 
  custom:scripting/monoscript/fileName/TrackballAttribute.cs: 8dea8f77de7bd03137cc578af1ea6656 -> 
  custom:scripting/monoscript/fileName/TrackballDecorator.cs: 6a2b6c747937d12d8d81be8f5b21fbd2 -> 
  custom:scripting/monoscript/fileName/MultiScaleVO.cs: d4c4732956ffb536e016475d75f04c43 -> 
  custom:scripting/monoscript/fileName/CubeLutAssetFactory.cs: db1961888d7cabf6be94b37e3b663de4 -> 
  custom:container-demuxer-webm: 4f35f7cbe854078d1ac9338744f61a02 -> 
  custom:scripting/monoscript/fileName/PostProcessVolumeEditor.cs: 7aae71821512dcac422c45dc773293c3 -> 
  custom:scripting/monoscript/fileName/ChromaticAberration.cs: 4d59e57f8324f5f986e16678ed451410 -> 
  custom:scripting/monoscript/fileName/VignetteEditor.cs: 345736fc911c5e8ab23e579751a40e4a -> 
  custom:scripting/monoscript/fileName/Styling.cs: d1c4aa14ff93670753edfbb93fc91bfe -> 
  custom:scripting/monoscript/fileName/PostProcessEffectRendererExtensions.cs: e953624d113e7e1739c702512603957d -> 
  custom:scripting/monoscript/fileName/ScalableAO.cs: 2f29d71d59b754086c809cfee1cdce34 -> 
  custom:scripting/monoscript/fileName/PostProcessLayerEditor.cs: d16de665ece05cd6e27dcc8d7bac4b9a -> 
  custom:scripting/monoscript/fileName/MinMaxAttribute.cs: a4b6ac8a4377612c7135a60f905792f1 -> 
  custom:scripting/monoscript/fileName/SubpixelMorphologicalAntialiasing.cs: 02dcb8839824addec278047da0509aea -> 
  custom:scripting/monoscript/fileName/BaseEditor.cs: 90647cc400823b41df847a6cbfc29026 -> 
  custom:container-muxer-webm: aa71ff27fc2769a1b78a27578f13a17b -> 
  custom:scripting/monoscript/fileName/ReadmeEditor.cs: ff7ced1e41c1b99ddf5dfefc88f6bd50 -> 
  custom:video-decoder-webm-vp8: 9c59270c3fd7afecdb556c50c9e8de78 -> 
  custom:SearchIndexIgnoredProperties: e643bd26f0fe6173181afceb89e7c659 -> 
  custom:scripting/monoscript/fileName/ChromaticAberrationEditor.cs: 3043bf57519b71f64b7a6de970c2487b -> 
  custom:scripting/monoscript/fileName/PostProcessEffectRenderer.cs: 577c5acf8157ecea944bb95c8c6d9a95 -> 
  custom:AudioImporter_EditorPlatform: d09bf68614088b80899f8185d706f6e7 -> 
  custom:scripting/monoscript/fileName/TextureFormatUtilities.cs: ba58c57cfaabc0f8201a9ca6902fcb23 -> 
  custom:scripting/monoscript/fileName/PostProcessVolume.cs: 3883cef4be0567c54caf457a416a2095 -> 
  custom:scripting/monoscript/fileName/LightMeterMonitor.cs: a897ae0c731cb153281aea9ecd0efb03 -> 
  custom:scripting/monoscript/fileName/ColorGradingEditor.cs: 25838050e3e1f12ef51713a5dcf60349 -> 
  custom:scripting/monoscript/fileName/AttributeDecorator.cs: 39b465f08cd0a5df82fc2ef70b766ca2 -> 
  custom:scripting/monoscript/fileName/AutoExposureEditor.cs: dfd15824649ea346b717bc72a871d75b -> 
  custom:scripting/monoscript/fileName/LensDistortion.cs: b7963bb1da21ba484a7b59b9f6ea3aec -> 
  custom:scripting/monoscript/fileName/ResourceAssetFactory.cs: bf6acc988648d854bb3c5751325d0d0a -> 
  custom:scripting/monoscript/fileName/PostProcessProfileEditor.cs: 1dcd55858a4126cb33b0f2de53c74fbe -> 
  custom:scripting/monoscript/fileName/PostProcessDebug.cs: a653e9b773649e7452b035b4ce1dae82 -> 
  custom:scripting/monoscript/fileName/PostProcessAttribute.cs: e125947bf72ce7382f3b16f75797c897 -> 
  custom:scripting/monoscript/fileName/Grain.cs: 43f09a87a88d9937fbb9c4dbf3d5508e -> 
  custom:scripting/monoscript/fileName/HistogramMonitor.cs: 6fd024409d6e9db8d4c2c4e26430c2ad -> 
  custom:scripting/monoscript/fileName/PostProcessProfile.cs: f6dc030e2e953b2ed0eca334cce5d5cf -> 
  custom:scripting/monoscript/fileName/ProfileFactory.cs: f835845dfebfed501813f60a1cb006a3 -> 
  custom:scripting/monoscript/fileName/PostProcessEffectEditor.cs: 90647cc400823b41df847a6cbfc29026 -> 
  custom:scripting/monoscript/fileName/CubeLutAssetImporter.cs: 5e94ca4c74dad11cc8880f33d0ba9efb -> 
  custom:scripting/monoscript/fileName/PostProcessBundle.cs: f610f855c8ae8b896b5084e85ede373e -> 
  custom:scripting/monoscript/fileName/ScreenSpaceReflectionsEditor.cs: 59c13ba25de6098e70bafe8be94f609a -> 
  custom:video-encoder-webm-vp8: eb34c28f22e8b96e1ab97ce403110664 -> 
  custom:scripting/monoscript/fileName/RuntimeUtilities.cs: 76964d36e50cc48cfa29643bdde8d9a5 -> 
  custom:scripting/monoscript/fileName/Bloom.cs: 6f6d579a64201b97313a62a1e91b3575 -> 
  custom:audio-decoder-ogg-vorbis: bf7c407c2cedff20999df2af8eb42d56 -> 
  custom:scripting/monoscript/fileName/AutoExposure.cs: 0e7c21b17f53209ee8c5c61ab59d7835 -> 
  custom:scripting/monoscript/fileName/VectorscopeMonitor.cs: cb70c6437b976f01b752cd219cc47f32 -> 
  custom:scripting/monoscript/fileName/PropertySheetFactory.cs: cfc4667cc03e44252fafe18d99f24b25 -> 
  custom:scripting/monoscript/fileName/EditorUtilities.cs: 53a52fb113757c42f9c516115bd845ca -> 
  custom:scripting/monoscript/fileName/HaltonSeq.cs: a7590e55d6fae5328a1c395a2473d0cf -> 
  custom:scripting/monoscript/fileName/MinAttribute.cs: a3e7473301291585f4cca024ce307406 -> 
  custom:scripting/monoscript/fileName/DepthOfField.cs: d62178d8b5619f59fcdd6d24617ef5fd -> 
  custom:scripting/monoscript/fileName/BloomEditor.cs: c341bb26b40744c3a5c2a142ac3e1051 -> 
  custom:scripting/monoscript/fileName/WaveformMonitor.cs: 609651ee3f98f206575f684e9cce655d -> 
  custom:scripting/monoscript/fileName/HableCurve.cs: f244b24d6e7c556a2de06e25b0bbf4c1 -> 
  custom:audio-encoder-webm-vorbis: bf7c407c2cedff20999df2af8eb42d56 -> 
  custom:scripting/precompiled-assembly-types:Assembly-CSharp-Editor: 313400a751e441a2d874eab7f0380857 -> 
  custom:scripting/monoscript/fileName/PropertySheet.cs: e6bb03169eca9d33ea794a47ad6ce213 -> 
  custom:scripting/monoscript/fileName/TargetPool.cs: 6d29560228134c933c12fb1c113fb6ef -> 
  custom:scripting/monoscript/fileName/LogHistogram.cs: bab913d888834a1a8572eb834acec97c -> 
  custom:scripting/monoscript/fileName/ScreenSpaceReflections.cs: 8afa07200328ddfcb2536d4180c62536 -> 
  custom:scripting/monoscript/fileName/CurveEditor.cs: f5e872b2a5a6427a1785818cb10d95d1 -> 
  custom:scripting/monoscript/fileName/PostProcessResources.cs: 5089c17a701ba9b714a1f3d25fb9a9b0 -> 
  custom:scripting/monoscript/fileName/EffectListEditor.cs: 1ecdb4094d9e64024d6eb7725a86197b -> 
========================================================================
Received Import Request.
  Time since last request: 124.632274 seconds.
  path: Assets/Prefab/Enemy.prefab
  artifactKey: Guid(c3bdaf3c6695a924a85eb52b6f156083) Importer(815301076,1909f56bfc062723c751e8b465ee728b)
Start importing Assets/Prefab/Enemy.prefab using Guid(c3bdaf3c6695a924a85eb52b6f156083) Importer(815301076,1909f56bfc062723c751e8b465ee728b) [PhysX] Initialized MultithreadedTaskDispatcher with 16 workers.
[PhysX] Initialized MultithreadedTaskDispatcher with 16 workers.
 -> (artifact id: '4858598f6978bef5644aeeaed919b6d2') in 0.074445 seconds
Number of updated asset objects reloaded before import = 0
Number of asset objects unloaded after import = 365
========================================================================
Received Import Request.
  Time since last request: 14.209930 seconds.
  path: Assets/Prefab/Enemy.prefab
  artifactKey: Guid(c3bdaf3c6695a924a85eb52b6f156083) Importer(815301076,1909f56bfc062723c751e8b465ee728b)
Start importing Assets/Prefab/Enemy.prefab using Guid(c3bdaf3c6695a924a85eb52b6f156083) Importer(815301076,1909f56bfc062723c751e8b465ee728b) [PhysX] Initialized MultithreadedTaskDispatcher with 16 workers.
[PhysX] Initialized MultithreadedTaskDispatcher with 16 workers.
 -> (artifact id: 'e91dbdac74bcf31bafcd1423e4908c8d') in 0.020793 seconds
Number of updated asset objects reloaded before import = 0
Number of asset objects unloaded after import = 365
========================================================================
Received Import Request.
  Time since last request: 4.613289 seconds.
  path: Assets/Prefab/Enemy.prefab
  artifactKey: Guid(c3bdaf3c6695a924a85eb52b6f156083) Importer(815301076,1909f56bfc062723c751e8b465ee728b)
Start importing Assets/Prefab/Enemy.prefab using Guid(c3bdaf3c6695a924a85eb52b6f156083) Importer(815301076,1909f56bfc062723c751e8b465ee728b) [PhysX] Initialized MultithreadedTaskDispatcher with 16 workers.
[PhysX] Initialized MultithreadedTaskDispatcher with 16 workers.
 -> (artifact id: '9d4d6d9a30cba526daecdca47919f9a6') in 0.030098 seconds
Number of updated asset objects reloaded before import = 0
Number of asset objects unloaded after import = 365
========================================================================
Received Prepare
Folder 'Packages/com.unity.postprocessing/PostProcessing/Runtime/' contains multiple assembly definition files (Packages/com.unity.postprocessing/PostProcessing/Runtime/Unity.Postprocessing.Runtime.asmdef)
Folder 'Packages/com.unity.postprocessing/PostProcessing/Runtime/' contains multiple assembly definition files (Packages/com.unity.postprocessing/PostProcessing/Runtime/com.unity.postprocessing.Runtime.asmdef)
Folder 'Packages/com.unity.postprocessing/PostProcessing/Editor/' contains multiple assembly definition files (Packages/com.unity.postprocessing/PostProcessing/Editor/com.unity.postprocessing.Editor.asmdef)
Folder 'Packages/com.unity.postprocessing/PostProcessing/Editor/' contains multiple assembly definition files (Packages/com.unity.postprocessing/PostProcessing/Editor/Unity.Postprocessing.Editor.asmdef)
ArgumentException: An item with the same key has already been added. Key: d60799ab2a985554ea1a39cd38695018
  at System.Collections.Generic.Dictionary`2[TKey,TValue].TryInsert (TKey key, TValue value, System.Collections.Generic.InsertionBehavior behavior) [0x0015a] in <1071a2cb0cb3433aae80a793c277a048>:0 
  at System.Collections.Generic.Dictionary`2[TKey,TValue].Add (TKey key, TValue value) [0x00000] in <1071a2cb0cb3433aae80a793c277a048>:0 
  at System.Linq.Enumerable.ToDictionary[TSource,TKey,TElement] (TSource[] source, System.Func`2[T,TResult] keySelector, System.Func`2[T,TResult] elementSelector, System.Collections.Generic.IEqualityComparer`1[T] comparer) [0x00029] in <ea489521390f48908a7ce45cb17a6848>:0 
  at System.Linq.Enumerable.ToDictionary[TSource,TKey,TElement] (System.Collections.Generic.IEnumerable`1[T] source, System.Func`2[T,TResult] keySelector, System.Func`2[T,TResult] elementSelector, System.Collections.Generic.IEqualityComparer`1[T] comparer) [0x00051] in <ea489521390f48908a7ce45cb17a6848>:0 
  at System.Linq.Enumerable.ToDictionary[TSource,TKey,TElement] (System.Collections.Generic.IEnumerable`1[T] source, System.Func`2[T,TResult] keySelector, System.Func`2[T,TResult] elementSelector) [0x00000] in <ea489521390f48908a7ce45cb17a6848>:0 
  at UnityEditor.Scripting.ScriptCompilation.AssemblyGraphBuilder.Initialize (System.Collections.Generic.IReadOnlyCollection`1[T] assemblies, System.Collections.Generic.IReadOnlyCollection`1[T] customScriptAssemblyReferences) [0x00046] in <4b8f645257c94d1296f440a10c6f388e>:0 
  at UnityEditor.Scripting.ScriptCompilation.AssemblyGraphBuilderFactory.GetOrCreate (System.String projectPath, System.Collections.Generic.IReadOnlyCollection`1[T] assemblies, System.Collections.Generic.IReadOnlyCollection`1[T] customScriptAssemblyReferences) [0x00038] in <4b8f645257c94d1296f440a10c6f388e>:0 
  at UnityEditor.Scripting.ScriptCompilation.EditorCompilation.GetAssemblyGraphBuilder () [0x00027] in <4b8f645257c94d1296f440a10c6f388e>:0 
  at UnityEditor.Scripting.ScriptCompilation.EditorCompilation.SetAllScripts (System.String[] allScripts) [0x0000d] in <4b8f645257c94d1296f440a10c6f388e>:0 
  at UnityEditor.Scripting.ScriptCompilation.EditorCompilationInterface.SetAllScripts (System.String[] allScripts) [0x00006] in <4b8f645257c94d1296f440a10c6f388e>:0 

Caller must complete domain reload
Folder 'Packages/com.unity.postprocessing/PostProcessing/Runtime/' contains multiple assembly definition files (Packages/com.unity.postprocessing/PostProcessing/Runtime/Unity.Postprocessing.Runtime.asmdef)
Folder 'Packages/com.unity.postprocessing/PostProcessing/Runtime/' contains multiple assembly definition files (Packages/com.unity.postprocessing/PostProcessing/Runtime/com.unity.postprocessing.Runtime.asmdef)
Folder 'Packages/com.unity.postprocessing/PostProcessing/Editor/' contains multiple assembly definition files (Packages/com.unity.postprocessing/PostProcessing/Editor/com.unity.postprocessing.Editor.asmdef)
Folder 'Packages/com.unity.postprocessing/PostProcessing/Editor/' contains multiple assembly definition files (Packages/com.unity.postprocessing/PostProcessing/Editor/Unity.Postprocessing.Editor.asmdef)
ArgumentException: An item with the same key has already been added. Key: d60799ab2a985554ea1a39cd38695018
  at System.Collections.Generic.Dictionary`2[TKey,TValue].TryInsert (TKey key, TValue value, System.Collections.Generic.InsertionBehavior behavior) [0x0015a] in <1071a2cb0cb3433aae80a793c277a048>:0 
  at System.Collections.Generic.Dictionary`2[TKey,TValue].Add (TKey key, TValue value) [0x00000] in <1071a2cb0cb3433aae80a793c277a048>:0 
  at System.Linq.Enumerable.ToDictionary[TSource,TKey,TElement] (TSource[] source, System.Func`2[T,TResult] keySelector, System.Func`2[T,TResult] elementSelector, System.Collections.Generic.IEqualityComparer`1[T] comparer) [0x00029] in <ea489521390f48908a7ce45cb17a6848>:0 
  at System.Linq.Enumerable.ToDictionary[TSource,TKey,TElement] (System.Collections.Generic.IEnumerable`1[T] source, System.Func`2[T,TResult] keySelector, System.Func`2[T,TResult] elementSelector, System.Collections.Generic.IEqualityComparer`1[T] comparer) [0x00051] in <ea489521390f48908a7ce45cb17a6848>:0 
  at System.Linq.Enumerable.ToDictionary[TSource,TKey,TElement] (System.Collections.Generic.IEnumerable`1[T] source, System.Func`2[T,TResult] keySelector, System.Func`2[T,TResult] elementSelector) [0x00000] in <ea489521390f48908a7ce45cb17a6848>:0 
  at UnityEditor.Scripting.ScriptCompilation.AssemblyGraphBuilder.Initialize (System.Collections.Generic.IReadOnlyCollection`1[T] assemblies, System.Collections.Generic.IReadOnlyCollection`1[T] customScriptAssemblyReferences) [0x00046] in <4b8f645257c94d1296f440a10c6f388e>:0 
  at UnityEditor.Scripting.ScriptCompilation.AssemblyGraphBuilderFactory.GetOrCreate (System.String projectPath, System.Collections.Generic.IReadOnlyCollection`1[T] assemblies, System.Collections.Generic.IReadOnlyCollection`1[T] customScriptAssemblyReferences) [0x00038] in <4b8f645257c94d1296f440a10c6f388e>:0 
  at UnityEditor.Scripting.ScriptCompilation.EditorCompilation.GetAssemblyGraphBuilder () [0x00027] in <4b8f645257c94d1296f440a10c6f388e>:0 
  at UnityEditor.Scripting.ScriptCompilation.EditorCompilation.SetAllScripts (System.String[] allScripts) [0x0000d] in <4b8f645257c94d1296f440a10c6f388e>:0 
  at UnityEditor.Scripting.ScriptCompilation.EditorCompilationInterface.SetAllScripts (System.String[] allScripts) [0x00006] in <4b8f645257c94d1296f440a10c6f388e>:0 

Begin MonoManager ReloadAssembly
- Loaded All Assemblies, in  0.236 seconds
Native extension for WindowsStandalone target not found
Folder 'Packages/com.unity.postprocessing/PostProcessing/Runtime/' contains multiple assembly definition files (Packages/com.unity.postprocessing/PostProcessing/Runtime/Unity.Postprocessing.Runtime.asmdef)
Folder 'Packages/com.unity.postprocessing/PostProcessing/Runtime/' contains multiple assembly definition files (Packages/com.unity.postprocessing/PostProcessing/Runtime/com.unity.postprocessing.Runtime.asmdef)
Folder 'Packages/com.unity.postprocessing/PostProcessing/Editor/' contains multiple assembly definition files (Packages/com.unity.postprocessing/PostProcessing/Editor/com.unity.postprocessing.Editor.asmdef)
Folder 'Packages/com.unity.postprocessing/PostProcessing/Editor/' contains multiple assembly definition files (Packages/com.unity.postprocessing/PostProcessing/Editor/Unity.Postprocessing.Editor.asmdef)
ArgumentException: An item with the same key has already been added. Key: d60799ab2a985554ea1a39cd38695018
  at System.Collections.Generic.Dictionary`2[TKey,TValue].TryInsert (TKey key, TValue value, System.Collections.Generic.InsertionBehavior behavior) [0x0015a] in <1071a2cb0cb3433aae80a793c277a048>:0 
  at System.Collections.Generic.Dictionary`2[TKey,TValue].Add (TKey key, TValue value) [0x00000] in <1071a2cb0cb3433aae80a793c277a048>:0 
  at System.Linq.Enumerable.ToDictionary[TSource,TKey,TElement] (TSource[] source, System.Func`2[T,TResult] keySelector, System.Func`2[T,TResult] elementSelector, System.Collections.Generic.IEqualityComparer`1[T] comparer) [0x00029] in <ea489521390f48908a7ce45cb17a6848>:0 
  at System.Linq.Enumerable.ToDictionary[TSource,TKey,TElement] (System.Collections.Generic.IEnumerable`1[T] source, System.Func`2[T,TResult] keySelector, System.Func`2[T,TResult] elementSelector, System.Collections.Generic.IEqualityComparer`1[T] comparer) [0x00051] in <ea489521390f48908a7ce45cb17a6848>:0 
  at System.Linq.Enumerable.ToDictionary[TSource,TKey,TElement] (System.Collections.Generic.IEnumerable`1[T] source, System.Func`2[T,TResult] keySelector, System.Func`2[T,TResult] elementSelector) [0x00000] in <ea489521390f48908a7ce45cb17a6848>:0 
  at UnityEditor.Scripting.ScriptCompilation.AssemblyGraphBuilder.Initialize (System.Collections.Generic.IReadOnlyCollection`1[T] assemblies, System.Collections.Generic.IReadOnlyCollection`1[T] customScriptAssemblyReferences) [0x00046] in <4b8f645257c94d1296f440a10c6f388e>:0 
  at UnityEditor.Scripting.ScriptCompilation.AssemblyGraphBuilderFactory.GetOrCreate (System.String projectPath, System.Collections.Generic.IReadOnlyCollection`1[T] assemblies, System.Collections.Generic.IReadOnlyCollection`1[T] customScriptAssemblyReferences) [0x00038] in <4b8f645257c94d1296f440a10c6f388e>:0 
  at UnityEditor.Scripting.ScriptCompilation.EditorCompilation.GetAssemblyGraphBuilder () [0x00027] in <4b8f645257c94d1296f440a10c6f388e>:0 
  at UnityEditor.Scripting.ScriptCompilation.EditorCompilation.SetAllScripts (System.String[] allScripts) [0x0000d] in <4b8f645257c94d1296f440a10c6f388e>:0 
  at UnityEditor.Scripting.ScriptCompilation.EditorCompilationInterface.SetAllScripts (System.String[] allScripts) [0x00006] in <4b8f645257c94d1296f440a10c6f388e>:0 

Mono: successfully reloaded assembly
- Finished resetting the current domain, in  0.581 seconds
Domain Reload Profiling: 817ms
	BeginReloadAssembly (92ms)
		ExecutionOrderSort (0ms)
		DisableScriptedObjects (2ms)
		BackupInstance (0ms)
		ReleaseScriptingObjects (0ms)
		CreateAndSetChildDomain (23ms)
	RebuildCommonClasses (18ms)
	RebuildNativeTypeToScriptingClass (7ms)
	initialDomainReloadingComplete (14ms)
	LoadAllAssembliesAndSetupDomain (105ms)
		LoadAssemblies (142ms)
		RebuildTransferFunctionScriptingTraits (0ms)
		AnalyzeDomain (8ms)
			TypeCache.Refresh (3ms)
				TypeCache.ScanAssembly (0ms)
			ScanForSourceGeneratedMonoScriptInfo (0ms)
			ResolveRequiredComponents (3ms)
	FinalizeReload (582ms)
		ReleaseScriptCaches (0ms)
		RebuildScriptCaches (0ms)
		SetupLoadedEditorAssemblies (273ms)
			LogAssemblyErrors (0ms)
			InitializePlatformSupportModulesInManaged (3ms)
			SetLoadedEditorAssemblies (2ms)
			RefreshPlugins (0ms)
			BeforeProcessingInitializeOnLoad (41ms)
			ProcessInitializeOnLoadAttributes (212ms)
			ProcessInitializeOnLoadMethodAttributes (13ms)
			AfterProcessingInitializeOnLoad (2ms)
			EditorAssembliesLoaded (0ms)
		ExecutionOrderSort2 (0ms)
		AwakeInstancesAfterBackupRestoration (4ms)
Refreshing native plugins compatible for Editor in 1.47 ms, found 3 plugins.
Preloading 0 native plugins for Editor in 0.00 ms.
Unloading 3754 Unused Serialized files (Serialized files now loaded: 0)
Unloading 33 unused Assets / (2.6 MB). Loaded Objects now: 4358.
Memory consumption went from 152.6 MB to 149.9 MB.
Total: 2.842800 ms (FindLiveObjects: 0.221500 ms CreateObjectMapping: 0.067900 ms MarkObjects: 2.000400 ms  DeleteObjects: 0.552300 ms)

Prepare: number of updated asset objects reloaded= 0
AssetImportParameters requested are different than current active one (requested -> active):
  custom:scripting/monoscript/fileName/Decorators.cs: 4533f6715dc3f8cdabbd37ff77d1dad7 -> 
  custom:scripting/monoscript/fileName/GlobalSettings.cs: e5eb35b80bdfaee4ead1e1630fd77998 -> 
  custom:scripting/monoscript/fileName/PostProcessEffectBaseEditor.cs: 972bdf00f442be0d879dcb6868e25c8e -> 
  custom:scripting/monoscript/fileName/PostProcessRenderContext.cs: 9e034c8bf7d42a1d6c2d4339915eccb0 -> 
  custom:scripting/monoscript/fileName/Spline.cs: f8384952784bb95e08e1e29156fe4db5 -> 4e387ee563fd6b588142d262df330d27
  custom:scripting/monoscript/fileName/ColorGrading.cs: ef67493fb3cf9676ba5f25862510a595 -> 
  custom:scripting/monoscript/fileName/Monitor.cs: e0eb5d32b3aade2e0ce8680b00ac2b78 -> 
  custom:scripting/precompiled-assembly-types:Unity.Postprocessing.Runtime: 655cd018e42ac91ed9a03cfbdae17956 -> 
  custom:scripting/monoscript/fileName/TemporalAntialiasing.cs: 71e40fdab49d34f4e07f83936454d904 -> 
  custom:container-demuxer-ogg: 62fdf1f143b41e24485cea50d1cbac27 -> 
  custom:scripting/monoscript/fileName/AmbientOcclusion.cs: 7a27923f9312611f0b2898a72e3ee96a -> 
  custom:scripting/monoscript/fileName/PostProcessDebugLayer.cs: 6d8a99809398beddf11f92dfbb0e6ad4 -> 
  custom:scripting/monoscript/fileName/ColorUtilities.cs: 47918ebfa890b947a816b80444ee2882 -> 
  custom:scripting/monoscript/fileName/ParameterOverride.cs: 5475497db741ca919df708e5019e593d -> 
  custom:scripting/monoscript/fileName/TextureLerper.cs: 973e800795f77d61d647ea0c3f0cf284 -> 
  custom:scripting/precompiled-assembly-types:Unity.Postprocessing.Editor: 23b49e25b965492466cd147d7735360a -> 
  custom:scripting/monoscript/fileName/Vignette.cs: e0b99ac31b7575ef776e7be56647abb0 -> 
  custom:scripting/monoscript/fileName/DepthOfFieldEditor.cs: 64cce655bf722c851048e2ebbf401a7b -> 
  custom:scripting/monoscript/fileName/DefaultPostProcessEffectEditor.cs: 06a1d8fcea7725e08b95f21cc15fd0a1 -> 
  custom:scripting/monoscript/fileName/PostProcessLayer.cs: aa288976158dcd4c24041d5304f25d07 -> 
  custom:video-codec-MediaFoundation-h265: 746d11721c4dcdbdad8f713fa42b33f4 -> 
  custom:scripting/monoscript/fileName/MaxAttribute.cs: d661645ab8c724f24b3e19978e87b44c -> 
  custom:scripting/monoscript/fileName/PostProcessDebugEditor.cs: 1a0488d8742bf880cc7334e53e2cc73d -> 
  custom:video-decoder-ogg-theora: a1e56fd34408186e4bbccfd4996cb3dc -> 
  custom:scripting/monoscript/fileName/SerializedParameterOverride.cs: 5e4deaf96895d013d32a8e84ec179f8e -> 
  custom:scripting/monoscript/fileName/MeshUtilities.cs: dc5356b699afd34cf9728f4d65b476a0 -> 
  custom:scripting/monoscript/fileName/AmbientOcclusionEditor.cs: 61e5422c29b8f52188d508eb7d382167 -> 
  custom:scripting/monoscript/fileName/FastApproximateAntialiasing.cs: bf5588b2deec2689a812a7d2eacd9bd5 -> 
  custom:scripting/monoscript/fileName/MotionBlur.cs: 823914e335803785a19e5990c6ab2911 -> 
  custom:scripting/monoscript/fileName/DefineSetter.cs: 292ba08e52064b1a72f8d4bb04301dd3 -> 
  custom:framework-win-MediaFoundation: 216162199b28c13a410421893ffa2e32 -> 
  custom:scripting/monoscript/fileName/ShaderIDs.cs: 96024f1f873475da65a783f1404f9117 -> 
  custom:scripting/monoscript/fileName/PostProcessEditorAttribute.cs: 672a58b4d5bab60112487a31c361c481 -> 
  custom:scripting/monoscript/fileName/LensDistortionEditor.cs: dee045d29944d55e8040435a58a7ce90 -> 
  custom:scripting/monoscript/fileName/MotionBlurEditor.cs: 3bd8d3e7e9a7ea94beb2e5517b62d27b -> 
  custom:scripting/monoscript/fileName/Dithering.cs: 3014fffaa718d0ad6dd2c7bb7956ed46 -> 
  custom:scripting/monoscript/fileName/DecoratorAttribute.cs: be5bd39119e1a41ea1a019fdb3818a3f -> 
  custom:scripting/monoscript/fileName/DisplayNameAttribute.cs: 935a6ac504eb8a852fba40cbcae9292c -> 
  custom:scripting/monoscript/fileName/PostProcessEffectSettings.cs: 2ab9d33170e863b1a9c8a9079cdd12aa -> 
  custom:scripting/monoscript/fileName/Fog.cs: 07e271953e2bcf8513b6a72a2737e767 -> 
  custom:scripting/monoscript/fileName/PostProcessManager.cs: 28ef7780d543a8111635e1f5051383d0 -> 
  custom:scripting/monoscript/fileName/VolumeFactory.cs: cc77136700c9e1ff894d234886ccb852 -> 
  custom:CustomObjectIndexerAttribute: 9a22284fe3817be447336de3de66b15e -> 
  custom:scripting/monoscript/fileName/PostProcessEvent.cs: 8fb6e54ff2cf1a8be7ecdd01fbdd78f8 -> 
  custom:scripting/monoscript/fileName/TrackballAttribute.cs: 8dea8f77de7bd03137cc578af1ea6656 -> 
  custom:scripting/monoscript/fileName/TrackballDecorator.cs: 6a2b6c747937d12d8d81be8f5b21fbd2 -> 
  custom:scripting/monoscript/fileName/MultiScaleVO.cs: d4c4732956ffb536e016475d75f04c43 -> 
  custom:scripting/monoscript/fileName/CubeLutAssetFactory.cs: db1961888d7cabf6be94b37e3b663de4 -> 
  custom:container-demuxer-webm: 4f35f7cbe854078d1ac9338744f61a02 -> 
  custom:scripting/monoscript/fileName/PostProcessVolumeEditor.cs: 7aae71821512dcac422c45dc773293c3 -> 
  custom:scripting/monoscript/fileName/ChromaticAberration.cs: 4d59e57f8324f5f986e16678ed451410 -> 
  custom:scripting/monoscript/fileName/VignetteEditor.cs: 345736fc911c5e8ab23e579751a40e4a -> 
  custom:scripting/monoscript/fileName/Styling.cs: d1c4aa14ff93670753edfbb93fc91bfe -> 
  custom:scripting/monoscript/fileName/PostProcessEffectRendererExtensions.cs: e953624d113e7e1739c702512603957d -> 
  custom:scripting/monoscript/fileName/ScalableAO.cs: 2f29d71d59b754086c809cfee1cdce34 -> 
  custom:scripting/monoscript/fileName/PostProcessLayerEditor.cs: d16de665ece05cd6e27dcc8d7bac4b9a -> 
  custom:scripting/monoscript/fileName/MinMaxAttribute.cs: a4b6ac8a4377612c7135a60f905792f1 -> 
  custom:scripting/monoscript/fileName/SubpixelMorphologicalAntialiasing.cs: 02dcb8839824addec278047da0509aea -> 
  custom:scripting/monoscript/fileName/BaseEditor.cs: 90647cc400823b41df847a6cbfc29026 -> 
  custom:container-muxer-webm: aa71ff27fc2769a1b78a27578f13a17b -> 
  custom:scripting/monoscript/fileName/ReadmeEditor.cs: ff7ced1e41c1b99ddf5dfefc88f6bd50 -> 
  custom:video-decoder-webm-vp8: 9c59270c3fd7afecdb556c50c9e8de78 -> 
  custom:SearchIndexIgnoredProperties: e643bd26f0fe6173181afceb89e7c659 -> 
  custom:scripting/monoscript/fileName/ChromaticAberrationEditor.cs: 3043bf57519b71f64b7a6de970c2487b -> 
  custom:scripting/monoscript/fileName/PostProcessEffectRenderer.cs: 577c5acf8157ecea944bb95c8c6d9a95 -> 
  custom:AudioImporter_EditorPlatform: d09bf68614088b80899f8185d706f6e7 -> 
  custom:scripting/monoscript/fileName/TextureFormatUtilities.cs: ba58c57cfaabc0f8201a9ca6902fcb23 -> 
  custom:scripting/monoscript/fileName/PostProcessVolume.cs: 3883cef4be0567c54caf457a416a2095 -> 
  custom:scripting/monoscript/fileName/LightMeterMonitor.cs: a897ae0c731cb153281aea9ecd0efb03 -> 
  custom:scripting/monoscript/fileName/ColorGradingEditor.cs: 25838050e3e1f12ef51713a5dcf60349 -> 
  custom:scripting/monoscript/fileName/AttributeDecorator.cs: 39b465f08cd0a5df82fc2ef70b766ca2 -> 
  custom:scripting/monoscript/fileName/AutoExposureEditor.cs: dfd15824649ea346b717bc72a871d75b -> 
  custom:scripting/monoscript/fileName/LensDistortion.cs: b7963bb1da21ba484a7b59b9f6ea3aec -> 
  custom:scripting/monoscript/fileName/ResourceAssetFactory.cs: bf6acc988648d854bb3c5751325d0d0a -> 
  custom:scripting/monoscript/fileName/PostProcessProfileEditor.cs: 1dcd55858a4126cb33b0f2de53c74fbe -> 
  custom:scripting/monoscript/fileName/PostProcessDebug.cs: a653e9b773649e7452b035b4ce1dae82 -> 
  custom:scripting/monoscript/fileName/PostProcessAttribute.cs: e125947bf72ce7382f3b16f75797c897 -> 
  custom:scripting/monoscript/fileName/Grain.cs: 43f09a87a88d9937fbb9c4dbf3d5508e -> 
  custom:scripting/monoscript/fileName/HistogramMonitor.cs: 6fd024409d6e9db8d4c2c4e26430c2ad -> 
  custom:scripting/monoscript/fileName/PostProcessProfile.cs: f6dc030e2e953b2ed0eca334cce5d5cf -> 
  custom:scripting/monoscript/fileName/ProfileFactory.cs: f835845dfebfed501813f60a1cb006a3 -> 
  custom:scripting/monoscript/fileName/PostProcessEffectEditor.cs: 90647cc400823b41df847a6cbfc29026 -> 
  custom:scripting/monoscript/fileName/CubeLutAssetImporter.cs: 5e94ca4c74dad11cc8880f33d0ba9efb -> 
  custom:scripting/monoscript/fileName/PostProcessBundle.cs: f610f855c8ae8b896b5084e85ede373e -> 
  custom:scripting/monoscript/fileName/ScreenSpaceReflectionsEditor.cs: 59c13ba25de6098e70bafe8be94f609a -> 
  custom:video-encoder-webm-vp8: eb34c28f22e8b96e1ab97ce403110664 -> 
  custom:scripting/monoscript/fileName/RuntimeUtilities.cs: 76964d36e50cc48cfa29643bdde8d9a5 -> 
  custom:scripting/monoscript/fileName/Bloom.cs: 6f6d579a64201b97313a62a1e91b3575 -> 
  custom:audio-decoder-ogg-vorbis: bf7c407c2cedff20999df2af8eb42d56 -> 
  custom:scripting/monoscript/fileName/AutoExposure.cs: 0e7c21b17f53209ee8c5c61ab59d7835 -> 
  custom:scripting/monoscript/fileName/VectorscopeMonitor.cs: cb70c6437b976f01b752cd219cc47f32 -> 
  custom:scripting/monoscript/fileName/PropertySheetFactory.cs: cfc4667cc03e44252fafe18d99f24b25 -> 
  custom:scripting/monoscript/fileName/EditorUtilities.cs: 53a52fb113757c42f9c516115bd845ca -> 
  custom:scripting/monoscript/fileName/HaltonSeq.cs: a7590e55d6fae5328a1c395a2473d0cf -> 
  custom:scripting/monoscript/fileName/MinAttribute.cs: a3e7473301291585f4cca024ce307406 -> 
  custom:scripting/monoscript/fileName/DepthOfField.cs: d62178d8b5619f59fcdd6d24617ef5fd -> 
  custom:scripting/monoscript/fileName/BloomEditor.cs: c341bb26b40744c3a5c2a142ac3e1051 -> 
  custom:scripting/monoscript/fileName/WaveformMonitor.cs: 609651ee3f98f206575f684e9cce655d -> 
  custom:scripting/monoscript/fileName/HableCurve.cs: f244b24d6e7c556a2de06e25b0bbf4c1 -> 
  custom:audio-encoder-webm-vorbis: bf7c407c2cedff20999df2af8eb42d56 -> 
  custom:scripting/precompiled-assembly-types:Assembly-CSharp-Editor: 313400a751e441a2d874eab7f0380857 -> 
  custom:scripting/monoscript/fileName/PropertySheet.cs: e6bb03169eca9d33ea794a47ad6ce213 -> 
  custom:scripting/monoscript/fileName/TargetPool.cs: 6d29560228134c933c12fb1c113fb6ef -> 
  custom:scripting/monoscript/fileName/LogHistogram.cs: bab913d888834a1a8572eb834acec97c -> 
  custom:scripting/monoscript/fileName/ScreenSpaceReflections.cs: 8afa07200328ddfcb2536d4180c62536 -> 
  custom:scripting/monoscript/fileName/CurveEditor.cs: f5e872b2a5a6427a1785818cb10d95d1 -> 
  custom:scripting/monoscript/fileName/PostProcessResources.cs: 5089c17a701ba9b714a1f3d25fb9a9b0 -> 
  custom:scripting/monoscript/fileName/EffectListEditor.cs: 1ecdb4094d9e64024d6eb7725a86197b -> 
========================================================================
Received Import Request.
  Time since last request: 16.494951 seconds.
  path: Assets/Prefab/Enemy.prefab
  artifactKey: Guid(c3bdaf3c6695a924a85eb52b6f156083) Importer(815301076,1909f56bfc062723c751e8b465ee728b)
Start importing Assets/Prefab/Enemy.prefab using Guid(c3bdaf3c6695a924a85eb52b6f156083) Importer(815301076,1909f56bfc062723c751e8b465ee728b) [PhysX] Initialized MultithreadedTaskDispatcher with 16 workers.
[PhysX] Initialized MultithreadedTaskDispatcher with 16 workers.
 -> (artifact id: 'f14cf6951dcc3249dd25a08f926c3bdf') in 0.071722 seconds
Number of updated asset objects reloaded before import = 0
Number of asset objects unloaded after import = 365
========================================================================
Received Prepare
Folder 'Packages/com.unity.postprocessing/PostProcessing/Runtime/' contains multiple assembly definition files (Packages/com.unity.postprocessing/PostProcessing/Runtime/Unity.Postprocessing.Runtime.asmdef)
Folder 'Packages/com.unity.postprocessing/PostProcessing/Runtime/' contains multiple assembly definition files (Packages/com.unity.postprocessing/PostProcessing/Runtime/com.unity.postprocessing.Runtime.asmdef)
Folder 'Packages/com.unity.postprocessing/PostProcessing/Editor/' contains multiple assembly definition files (Packages/com.unity.postprocessing/PostProcessing/Editor/com.unity.postprocessing.Editor.asmdef)
Folder 'Packages/com.unity.postprocessing/PostProcessing/Editor/' contains multiple assembly definition files (Packages/com.unity.postprocessing/PostProcessing/Editor/Unity.Postprocessing.Editor.asmdef)
ArgumentException: An item with the same key has already been added. Key: d60799ab2a985554ea1a39cd38695018
  at System.Collections.Generic.Dictionary`2[TKey,TValue].TryInsert (TKey key, TValue value, System.Collections.Generic.InsertionBehavior behavior) [0x0015a] in <1071a2cb0cb3433aae80a793c277a048>:0 
  at System.Collections.Generic.Dictionary`2[TKey,TValue].Add (TKey key, TValue value) [0x00000] in <1071a2cb0cb3433aae80a793c277a048>:0 
  at System.Linq.Enumerable.ToDictionary[TSource,TKey,TElement] (TSource[] source, System.Func`2[T,TResult] keySelector, System.Func`2[T,TResult] elementSelector, System.Collections.Generic.IEqualityComparer`1[T] comparer) [0x00029] in <ea489521390f48908a7ce45cb17a6848>:0 
  at System.Linq.Enumerable.ToDictionary[TSource,TKey,TElement] (System.Collections.Generic.IEnumerable`1[T] source, System.Func`2[T,TResult] keySelector, System.Func`2[T,TResult] elementSelector, System.Collections.Generic.IEqualityComparer`1[T] comparer) [0x00051] in <ea489521390f48908a7ce45cb17a6848>:0 
  at System.Linq.Enumerable.ToDictionary[TSource,TKey,TElement] (System.Collections.Generic.IEnumerable`1[T] source, System.Func`2[T,TResult] keySelector, System.Func`2[T,TResult] elementSelector) [0x00000] in <ea489521390f48908a7ce45cb17a6848>:0 
  at UnityEditor.Scripting.ScriptCompilation.AssemblyGraphBuilder.Initialize (System.Collections.Generic.IReadOnlyCollection`1[T] assemblies, System.Collections.Generic.IReadOnlyCollection`1[T] customScriptAssemblyReferences) [0x00046] in <4b8f645257c94d1296f440a10c6f388e>:0 
  at UnityEditor.Scripting.ScriptCompilation.AssemblyGraphBuilderFactory.GetOrCreate (System.String projectPath, System.Collections.Generic.IReadOnlyCollection`1[T] assemblies, System.Collections.Generic.IReadOnlyCollection`1[T] customScriptAssemblyReferences) [0x00038] in <4b8f645257c94d1296f440a10c6f388e>:0 
  at UnityEditor.Scripting.ScriptCompilation.EditorCompilation.GetAssemblyGraphBuilder () [0x00027] in <4b8f645257c94d1296f440a10c6f388e>:0 
  at UnityEditor.Scripting.ScriptCompilation.EditorCompilation.SetAllScripts (System.String[] allScripts) [0x0000d] in <4b8f645257c94d1296f440a10c6f388e>:0 
  at UnityEditor.Scripting.ScriptCompilation.EditorCompilationInterface.SetAllScripts (System.String[] allScripts) [0x00006] in <4b8f645257c94d1296f440a10c6f388e>:0 

Caller must complete domain reload
Folder 'Packages/com.unity.postprocessing/PostProcessing/Runtime/' contains multiple assembly definition files (Packages/com.unity.postprocessing/PostProcessing/Runtime/Unity.Postprocessing.Runtime.asmdef)
Folder 'Packages/com.unity.postprocessing/PostProcessing/Runtime/' contains multiple assembly definition files (Packages/com.unity.postprocessing/PostProcessing/Runtime/com.unity.postprocessing.Runtime.asmdef)
Folder 'Packages/com.unity.postprocessing/PostProcessing/Editor/' contains multiple assembly definition files (Packages/com.unity.postprocessing/PostProcessing/Editor/com.unity.postprocessing.Editor.asmdef)
Folder 'Packages/com.unity.postprocessing/PostProcessing/Editor/' contains multiple assembly definition files (Packages/com.unity.postprocessing/PostProcessing/Editor/Unity.Postprocessing.Editor.asmdef)
ArgumentException: An item with the same key has already been added. Key: d60799ab2a985554ea1a39cd38695018
  at System.Collections.Generic.Dictionary`2[TKey,TValue].TryInsert (TKey key, TValue value, System.Collections.Generic.InsertionBehavior behavior) [0x0015a] in <1071a2cb0cb3433aae80a793c277a048>:0 
  at System.Collections.Generic.Dictionary`2[TKey,TValue].Add (TKey key, TValue value) [0x00000] in <1071a2cb0cb3433aae80a793c277a048>:0 
  at System.Linq.Enumerable.ToDictionary[TSource,TKey,TElement] (TSource[] source, System.Func`2[T,TResult] keySelector, System.Func`2[T,TResult] elementSelector, System.Collections.Generic.IEqualityComparer`1[T] comparer) [0x00029] in <ea489521390f48908a7ce45cb17a6848>:0 
  at System.Linq.Enumerable.ToDictionary[TSource,TKey,TElement] (System.Collections.Generic.IEnumerable`1[T] source, System.Func`2[T,TResult] keySelector, System.Func`2[T,TResult] elementSelector, System.Collections.Generic.IEqualityComparer`1[T] comparer) [0x00051] in <ea489521390f48908a7ce45cb17a6848>:0 
  at System.Linq.Enumerable.ToDictionary[TSource,TKey,TElement] (System.Collections.Generic.IEnumerable`1[T] source, System.Func`2[T,TResult] keySelector, System.Func`2[T,TResult] elementSelector) [0x00000] in <ea489521390f48908a7ce45cb17a6848>:0 
  at UnityEditor.Scripting.ScriptCompilation.AssemblyGraphBuilder.Initialize (System.Collections.Generic.IReadOnlyCollection`1[T] assemblies, System.Collections.Generic.IReadOnlyCollection`1[T] customScriptAssemblyReferences) [0x00046] in <4b8f645257c94d1296f440a10c6f388e>:0 
  at UnityEditor.Scripting.ScriptCompilation.AssemblyGraphBuilderFactory.GetOrCreate (System.String projectPath, System.Collections.Generic.IReadOnlyCollection`1[T] assemblies, System.Collections.Generic.IReadOnlyCollection`1[T] customScriptAssemblyReferences) [0x00038] in <4b8f645257c94d1296f440a10c6f388e>:0 
  at UnityEditor.Scripting.ScriptCompilation.EditorCompilation.GetAssemblyGraphBuilder () [0x00027] in <4b8f645257c94d1296f440a10c6f388e>:0 
  at UnityEditor.Scripting.ScriptCompilation.EditorCompilation.SetAllScripts (System.String[] allScripts) [0x0000d] in <4b8f645257c94d1296f440a10c6f388e>:0 
  at UnityEditor.Scripting.ScriptCompilation.EditorCompilationInterface.SetAllScripts (System.String[] allScripts) [0x00006] in <4b8f645257c94d1296f440a10c6f388e>:0 

Begin MonoManager ReloadAssembly
- Loaded All Assemblies, in  0.245 seconds
Native extension for WindowsStandalone target not found
Folder 'Packages/com.unity.postprocessing/PostProcessing/Runtime/' contains multiple assembly definition files (Packages/com.unity.postprocessing/PostProcessing/Runtime/Unity.Postprocessing.Runtime.asmdef)
Folder 'Packages/com.unity.postprocessing/PostProcessing/Runtime/' contains multiple assembly definition files (Packages/com.unity.postprocessing/PostProcessing/Runtime/com.unity.postprocessing.Runtime.asmdef)
Folder 'Packages/com.unity.postprocessing/PostProcessing/Editor/' contains multiple assembly definition files (Packages/com.unity.postprocessing/PostProcessing/Editor/com.unity.postprocessing.Editor.asmdef)
Folder 'Packages/com.unity.postprocessing/PostProcessing/Editor/' contains multiple assembly definition files (Packages/com.unity.postprocessing/PostProcessing/Editor/Unity.Postprocessing.Editor.asmdef)
ArgumentException: An item with the same key has already been added. Key: d60799ab2a985554ea1a39cd38695018
  at System.Collections.Generic.Dictionary`2[TKey,TValue].TryInsert (TKey key, TValue value, System.Collections.Generic.InsertionBehavior behavior) [0x0015a] in <1071a2cb0cb3433aae80a793c277a048>:0 
  at System.Collections.Generic.Dictionary`2[TKey,TValue].Add (TKey key, TValue value) [0x00000] in <1071a2cb0cb3433aae80a793c277a048>:0 
  at System.Linq.Enumerable.ToDictionary[TSource,TKey,TElement] (TSource[] source, System.Func`2[T,TResult] keySelector, System.Func`2[T,TResult] elementSelector, System.Collections.Generic.IEqualityComparer`1[T] comparer) [0x00029] in <ea489521390f48908a7ce45cb17a6848>:0 
  at System.Linq.Enumerable.ToDictionary[TSource,TKey,TElement] (System.Collections.Generic.IEnumerable`1[T] source, System.Func`2[T,TResult] keySelector, System.Func`2[T,TResult] elementSelector, System.Collections.Generic.IEqualityComparer`1[T] comparer) [0x00051] in <ea489521390f48908a7ce45cb17a6848>:0 
  at System.Linq.Enumerable.ToDictionary[TSource,TKey,TElement] (System.Collections.Generic.IEnumerable`1[T] source, System.Func`2[T,TResult] keySelector, System.Func`2[T,TResult] elementSelector) [0x00000] in <ea489521390f48908a7ce45cb17a6848>:0 
  at UnityEditor.Scripting.ScriptCompilation.AssemblyGraphBuilder.Initialize (System.Collections.Generic.IReadOnlyCollection`1[T] assemblies, System.Collections.Generic.IReadOnlyCollection`1[T] customScriptAssemblyReferences) [0x00046] in <4b8f645257c94d1296f440a10c6f388e>:0 
  at UnityEditor.Scripting.ScriptCompilation.AssemblyGraphBuilderFactory.GetOrCreate (System.String projectPath, System.Collections.Generic.IReadOnlyCollection`1[T] assemblies, System.Collections.Generic.IReadOnlyCollection`1[T] customScriptAssemblyReferences) [0x00038] in <4b8f645257c94d1296f440a10c6f388e>:0 
  at UnityEditor.Scripting.ScriptCompilation.EditorCompilation.GetAssemblyGraphBuilder () [0x00027] in <4b8f645257c94d1296f440a10c6f388e>:0 
  at UnityEditor.Scripting.ScriptCompilation.EditorCompilation.SetAllScripts (System.String[] allScripts) [0x0000d] in <4b8f645257c94d1296f440a10c6f388e>:0 
  at UnityEditor.Scripting.ScriptCompilation.EditorCompilationInterface.SetAllScripts (System.String[] allScripts) [0x00006] in <4b8f645257c94d1296f440a10c6f388e>:0 

Mono: successfully reloaded assembly
- Finished resetting the current domain, in  0.630 seconds
Domain Reload Profiling: 875ms
	BeginReloadAssembly (97ms)
		ExecutionOrderSort (0ms)
		DisableScriptedObjects (2ms)
		BackupInstance (0ms)
		ReleaseScriptingObjects (0ms)
		CreateAndSetChildDomain (21ms)
	RebuildCommonClasses (19ms)
	RebuildNativeTypeToScriptingClass (7ms)
	initialDomainReloadingComplete (15ms)
	LoadAllAssembliesAndSetupDomain (107ms)
		LoadAssemblies (151ms)
		RebuildTransferFunctionScriptingTraits (0ms)
		AnalyzeDomain (8ms)
			TypeCache.Refresh (3ms)
				TypeCache.ScanAssembly (0ms)
			ScanForSourceGeneratedMonoScriptInfo (0ms)
			ResolveRequiredComponents (3ms)
	FinalizeReload (630ms)
		ReleaseScriptCaches (0ms)
		RebuildScriptCaches (0ms)
		SetupLoadedEditorAssemblies (268ms)
			LogAssemblyErrors (0ms)
			InitializePlatformSupportModulesInManaged (4ms)
			SetLoadedEditorAssemblies (2ms)
			RefreshPlugins (0ms)
			BeforeProcessingInitializeOnLoad (41ms)
			ProcessInitializeOnLoadAttributes (205ms)
			ProcessInitializeOnLoadMethodAttributes (13ms)
			AfterProcessingInitializeOnLoad (2ms)
			EditorAssembliesLoaded (0ms)
		ExecutionOrderSort2 (0ms)
		AwakeInstancesAfterBackupRestoration (5ms)
Refreshing native plugins compatible for Editor in 1.85 ms, found 3 plugins.
Preloading 0 native plugins for Editor in 0.00 ms.
Unloading 3754 Unused Serialized files (Serialized files now loaded: 0)
Unloading 33 unused Assets / (2.6 MB). Loaded Objects now: 4362.
Memory consumption went from 152.6 MB to 150.0 MB.
Total: 3.055200 ms (FindLiveObjects: 0.221200 ms CreateObjectMapping: 0.070300 ms MarkObjects: 2.069100 ms  DeleteObjects: 0.694200 ms)

Prepare: number of updated asset objects reloaded= 0
AssetImportParameters requested are different than current active one (requested -> active):
  custom:scripting/monoscript/fileName/Decorators.cs: 4533f6715dc3f8cdabbd37ff77d1dad7 -> 
  custom:scripting/monoscript/fileName/GlobalSettings.cs: e5eb35b80bdfaee4ead1e1630fd77998 -> 
  custom:scripting/monoscript/fileName/PostProcessEffectBaseEditor.cs: 972bdf00f442be0d879dcb6868e25c8e -> 
  custom:scripting/monoscript/fileName/PostProcessRenderContext.cs: 9e034c8bf7d42a1d6c2d4339915eccb0 -> 
  custom:scripting/monoscript/fileName/Spline.cs: f8384952784bb95e08e1e29156fe4db5 -> 4e387ee563fd6b588142d262df330d27
  custom:scripting/monoscript/fileName/ColorGrading.cs: ef67493fb3cf9676ba5f25862510a595 -> 
  custom:scripting/monoscript/fileName/Monitor.cs: e0eb5d32b3aade2e0ce8680b00ac2b78 -> 
  custom:scripting/precompiled-assembly-types:Unity.Postprocessing.Runtime: 655cd018e42ac91ed9a03cfbdae17956 -> 
  custom:scripting/monoscript/fileName/TemporalAntialiasing.cs: 71e40fdab49d34f4e07f83936454d904 -> 
  custom:container-demuxer-ogg: 62fdf1f143b41e24485cea50d1cbac27 -> 
  custom:scripting/monoscript/fileName/AmbientOcclusion.cs: 7a27923f9312611f0b2898a72e3ee96a -> 
  custom:scripting/monoscript/fileName/PostProcessDebugLayer.cs: 6d8a99809398beddf11f92dfbb0e6ad4 -> 
  custom:scripting/monoscript/fileName/ColorUtilities.cs: 47918ebfa890b947a816b80444ee2882 -> 
  custom:scripting/monoscript/fileName/ParameterOverride.cs: 5475497db741ca919df708e5019e593d -> 
  custom:scripting/monoscript/fileName/TextureLerper.cs: 973e800795f77d61d647ea0c3f0cf284 -> 
  custom:scripting/precompiled-assembly-types:Unity.Postprocessing.Editor: 23b49e25b965492466cd147d7735360a -> 
  custom:scripting/monoscript/fileName/Vignette.cs: e0b99ac31b7575ef776e7be56647abb0 -> 
  custom:scripting/monoscript/fileName/DepthOfFieldEditor.cs: 64cce655bf722c851048e2ebbf401a7b -> 
  custom:scripting/monoscript/fileName/DefaultPostProcessEffectEditor.cs: 06a1d8fcea7725e08b95f21cc15fd0a1 -> 
  custom:scripting/monoscript/fileName/PostProcessLayer.cs: aa288976158dcd4c24041d5304f25d07 -> 
  custom:video-codec-MediaFoundation-h265: 746d11721c4dcdbdad8f713fa42b33f4 -> 
  custom:scripting/monoscript/fileName/MaxAttribute.cs: d661645ab8c724f24b3e19978e87b44c -> 
  custom:scripting/monoscript/fileName/PostProcessDebugEditor.cs: 1a0488d8742bf880cc7334e53e2cc73d -> 
  custom:video-decoder-ogg-theora: a1e56fd34408186e4bbccfd4996cb3dc -> 
  custom:scripting/monoscript/fileName/SerializedParameterOverride.cs: 5e4deaf96895d013d32a8e84ec179f8e -> 
  custom:scripting/monoscript/fileName/MeshUtilities.cs: dc5356b699afd34cf9728f4d65b476a0 -> 
  custom:scripting/monoscript/fileName/AmbientOcclusionEditor.cs: 61e5422c29b8f52188d508eb7d382167 -> 
  custom:scripting/monoscript/fileName/FastApproximateAntialiasing.cs: bf5588b2deec2689a812a7d2eacd9bd5 -> 
  custom:scripting/monoscript/fileName/MotionBlur.cs: 823914e335803785a19e5990c6ab2911 -> 
  custom:scripting/monoscript/fileName/DefineSetter.cs: 292ba08e52064b1a72f8d4bb04301dd3 -> 
  custom:framework-win-MediaFoundation: 216162199b28c13a410421893ffa2e32 -> 
  custom:scripting/monoscript/fileName/ShaderIDs.cs: 96024f1f873475da65a783f1404f9117 -> 
  custom:scripting/monoscript/fileName/PostProcessEditorAttribute.cs: 672a58b4d5bab60112487a31c361c481 -> 
  custom:scripting/monoscript/fileName/LensDistortionEditor.cs: dee045d29944d55e8040435a58a7ce90 -> 
  custom:scripting/monoscript/fileName/MotionBlurEditor.cs: 3bd8d3e7e9a7ea94beb2e5517b62d27b -> 
  custom:scripting/monoscript/fileName/Dithering.cs: 3014fffaa718d0ad6dd2c7bb7956ed46 -> 
  custom:scripting/monoscript/fileName/DecoratorAttribute.cs: be5bd39119e1a41ea1a019fdb3818a3f -> 
  custom:scripting/monoscript/fileName/DisplayNameAttribute.cs: 935a6ac504eb8a852fba40cbcae9292c -> 
  custom:scripting/monoscript/fileName/PostProcessEffectSettings.cs: 2ab9d33170e863b1a9c8a9079cdd12aa -> 
  custom:scripting/monoscript/fileName/Fog.cs: 07e271953e2bcf8513b6a72a2737e767 -> 
  custom:scripting/monoscript/fileName/PostProcessManager.cs: 28ef7780d543a8111635e1f5051383d0 -> 
  custom:scripting/monoscript/fileName/VolumeFactory.cs: cc77136700c9e1ff894d234886ccb852 -> 
  custom:CustomObjectIndexerAttribute: 9a22284fe3817be447336de3de66b15e -> 
  custom:scripting/monoscript/fileName/PostProcessEvent.cs: 8fb6e54ff2cf1a8be7ecdd01fbdd78f8 -> 
  custom:scripting/monoscript/fileName/TrackballAttribute.cs: 8dea8f77de7bd03137cc578af1ea6656 -> 
  custom:scripting/monoscript/fileName/TrackballDecorator.cs: 6a2b6c747937d12d8d81be8f5b21fbd2 -> 
  custom:scripting/monoscript/fileName/MultiScaleVO.cs: d4c4732956ffb536e016475d75f04c43 -> 
  custom:scripting/monoscript/fileName/CubeLutAssetFactory.cs: db1961888d7cabf6be94b37e3b663de4 -> 
  custom:container-demuxer-webm: 4f35f7cbe854078d1ac9338744f61a02 -> 
  custom:scripting/monoscript/fileName/PostProcessVolumeEditor.cs: 7aae71821512dcac422c45dc773293c3 -> 
  custom:scripting/monoscript/fileName/ChromaticAberration.cs: 4d59e57f8324f5f986e16678ed451410 -> 
  custom:scripting/monoscript/fileName/VignetteEditor.cs: 345736fc911c5e8ab23e579751a40e4a -> 
  custom:scripting/monoscript/fileName/Styling.cs: d1c4aa14ff93670753edfbb93fc91bfe -> 
  custom:scripting/monoscript/fileName/PostProcessEffectRendererExtensions.cs: e953624d113e7e1739c702512603957d -> 
  custom:scripting/monoscript/fileName/ScalableAO.cs: 2f29d71d59b754086c809cfee1cdce34 -> 
  custom:scripting/monoscript/fileName/PostProcessLayerEditor.cs: d16de665ece05cd6e27dcc8d7bac4b9a -> 
  custom:scripting/monoscript/fileName/MinMaxAttribute.cs: a4b6ac8a4377612c7135a60f905792f1 -> 
  custom:scripting/monoscript/fileName/SubpixelMorphologicalAntialiasing.cs: 02dcb8839824addec278047da0509aea -> 
  custom:scripting/monoscript/fileName/BaseEditor.cs: 90647cc400823b41df847a6cbfc29026 -> 
  custom:container-muxer-webm: aa71ff27fc2769a1b78a27578f13a17b -> 
  custom:scripting/monoscript/fileName/ReadmeEditor.cs: ff7ced1e41c1b99ddf5dfefc88f6bd50 -> 
  custom:video-decoder-webm-vp8: 9c59270c3fd7afecdb556c50c9e8de78 -> 
  custom:SearchIndexIgnoredProperties: e643bd26f0fe6173181afceb89e7c659 -> 
  custom:scripting/monoscript/fileName/ChromaticAberrationEditor.cs: 3043bf57519b71f64b7a6de970c2487b -> 
  custom:scripting/monoscript/fileName/PostProcessEffectRenderer.cs: 577c5acf8157ecea944bb95c8c6d9a95 -> 
  custom:AudioImporter_EditorPlatform: d09bf68614088b80899f8185d706f6e7 -> 
  custom:scripting/monoscript/fileName/TextureFormatUtilities.cs: ba58c57cfaabc0f8201a9ca6902fcb23 -> 
  custom:scripting/monoscript/fileName/PostProcessVolume.cs: 3883cef4be0567c54caf457a416a2095 -> 
  custom:scripting/monoscript/fileName/LightMeterMonitor.cs: a897ae0c731cb153281aea9ecd0efb03 -> 
  custom:scripting/monoscript/fileName/ColorGradingEditor.cs: 25838050e3e1f12ef51713a5dcf60349 -> 
  custom:scripting/monoscript/fileName/AttributeDecorator.cs: 39b465f08cd0a5df82fc2ef70b766ca2 -> 
  custom:scripting/monoscript/fileName/AutoExposureEditor.cs: dfd15824649ea346b717bc72a871d75b -> 
  custom:scripting/monoscript/fileName/LensDistortion.cs: b7963bb1da21ba484a7b59b9f6ea3aec -> 
  custom:scripting/monoscript/fileName/ResourceAssetFactory.cs: bf6acc988648d854bb3c5751325d0d0a -> 
  custom:scripting/monoscript/fileName/PostProcessProfileEditor.cs: 1dcd55858a4126cb33b0f2de53c74fbe -> 
  custom:scripting/monoscript/fileName/PostProcessDebug.cs: a653e9b773649e7452b035b4ce1dae82 -> 
  custom:scripting/monoscript/fileName/PostProcessAttribute.cs: e125947bf72ce7382f3b16f75797c897 -> 
  custom:scripting/monoscript/fileName/Grain.cs: 43f09a87a88d9937fbb9c4dbf3d5508e -> 
  custom:scripting/monoscript/fileName/HistogramMonitor.cs: 6fd024409d6e9db8d4c2c4e26430c2ad -> 
  custom:scripting/monoscript/fileName/PostProcessProfile.cs: f6dc030e2e953b2ed0eca334cce5d5cf -> 
  custom:scripting/monoscript/fileName/ProfileFactory.cs: f835845dfebfed501813f60a1cb006a3 -> 
  custom:scripting/monoscript/fileName/PostProcessEffectEditor.cs: 90647cc400823b41df847a6cbfc29026 -> 
  custom:scripting/monoscript/fileName/CubeLutAssetImporter.cs: 5e94ca4c74dad11cc8880f33d0ba9efb -> 
  custom:scripting/monoscript/fileName/PostProcessBundle.cs: f610f855c8ae8b896b5084e85ede373e -> 
  custom:scripting/monoscript/fileName/ScreenSpaceReflectionsEditor.cs: 59c13ba25de6098e70bafe8be94f609a -> 
  custom:video-encoder-webm-vp8: eb34c28f22e8b96e1ab97ce403110664 -> 
  custom:scripting/monoscript/fileName/RuntimeUtilities.cs: 76964d36e50cc48cfa29643bdde8d9a5 -> 
  custom:scripting/monoscript/fileName/Bloom.cs: 6f6d579a64201b97313a62a1e91b3575 -> 
  custom:audio-decoder-ogg-vorbis: bf7c407c2cedff20999df2af8eb42d56 -> 
  custom:scripting/monoscript/fileName/AutoExposure.cs: 0e7c21b17f53209ee8c5c61ab59d7835 -> 
  custom:scripting/monoscript/fileName/VectorscopeMonitor.cs: cb70c6437b976f01b752cd219cc47f32 -> 
  custom:scripting/monoscript/fileName/PropertySheetFactory.cs: cfc4667cc03e44252fafe18d99f24b25 -> 
  custom:scripting/monoscript/fileName/EditorUtilities.cs: 53a52fb113757c42f9c516115bd845ca -> 
  custom:scripting/monoscript/fileName/HaltonSeq.cs: a7590e55d6fae5328a1c395a2473d0cf -> 
  custom:scripting/monoscript/fileName/MinAttribute.cs: a3e7473301291585f4cca024ce307406 -> 
  custom:scripting/monoscript/fileName/DepthOfField.cs: d62178d8b5619f59fcdd6d24617ef5fd -> 
  custom:scripting/monoscript/fileName/BloomEditor.cs: c341bb26b40744c3a5c2a142ac3e1051 -> 
  custom:scripting/monoscript/fileName/WaveformMonitor.cs: 609651ee3f98f206575f684e9cce655d -> 
  custom:scripting/monoscript/fileName/HableCurve.cs: f244b24d6e7c556a2de06e25b0bbf4c1 -> 
  custom:audio-encoder-webm-vorbis: bf7c407c2cedff20999df2af8eb42d56 -> 
  custom:scripting/precompiled-assembly-types:Assembly-CSharp-Editor: 313400a751e441a2d874eab7f0380857 -> 
  custom:scripting/monoscript/fileName/PropertySheet.cs: e6bb03169eca9d33ea794a47ad6ce213 -> 
  custom:scripting/monoscript/fileName/TargetPool.cs: 6d29560228134c933c12fb1c113fb6ef -> 
  custom:scripting/monoscript/fileName/LogHistogram.cs: bab913d888834a1a8572eb834acec97c -> 
  custom:scripting/monoscript/fileName/ScreenSpaceReflections.cs: 8afa07200328ddfcb2536d4180c62536 -> 
  custom:scripting/monoscript/fileName/CurveEditor.cs: f5e872b2a5a6427a1785818cb10d95d1 -> 
  custom:scripting/monoscript/fileName/PostProcessResources.cs: 5089c17a701ba9b714a1f3d25fb9a9b0 -> 
  custom:scripting/monoscript/fileName/EffectListEditor.cs: 1ecdb4094d9e64024d6eb7725a86197b -> 
========================================================================
Received Prepare
Folder 'Packages/com.unity.postprocessing/PostProcessing/Runtime/' contains multiple assembly definition files (Packages/com.unity.postprocessing/PostProcessing/Runtime/Unity.Postprocessing.Runtime.asmdef)
Folder 'Packages/com.unity.postprocessing/PostProcessing/Runtime/' contains multiple assembly definition files (Packages/com.unity.postprocessing/PostProcessing/Runtime/com.unity.postprocessing.Runtime.asmdef)
Folder 'Packages/com.unity.postprocessing/PostProcessing/Editor/' contains multiple assembly definition files (Packages/com.unity.postprocessing/PostProcessing/Editor/com.unity.postprocessing.Editor.asmdef)
Folder 'Packages/com.unity.postprocessing/PostProcessing/Editor/' contains multiple assembly definition files (Packages/com.unity.postprocessing/PostProcessing/Editor/Unity.Postprocessing.Editor.asmdef)
ArgumentException: An item with the same key has already been added. Key: d60799ab2a985554ea1a39cd38695018
  at System.Collections.Generic.Dictionary`2[TKey,TValue].TryInsert (TKey key, TValue value, System.Collections.Generic.InsertionBehavior behavior) [0x0015a] in <1071a2cb0cb3433aae80a793c277a048>:0 
  at System.Collections.Generic.Dictionary`2[TKey,TValue].Add (TKey key, TValue value) [0x00000] in <1071a2cb0cb3433aae80a793c277a048>:0 
  at System.Linq.Enumerable.ToDictionary[TSource,TKey,TElement] (TSource[] source, System.Func`2[T,TResult] keySelector, System.Func`2[T,TResult] elementSelector, System.Collections.Generic.IEqualityComparer`1[T] comparer) [0x00029] in <ea489521390f48908a7ce45cb17a6848>:0 
  at System.Linq.Enumerable.ToDictionary[TSource,TKey,TElement] (System.Collections.Generic.IEnumerable`1[T] source, System.Func`2[T,TResult] keySelector, System.Func`2[T,TResult] elementSelector, System.Collections.Generic.IEqualityComparer`1[T] comparer) [0x00051] in <ea489521390f48908a7ce45cb17a6848>:0 
  at System.Linq.Enumerable.ToDictionary[TSource,TKey,TElement] (System.Collections.Generic.IEnumerable`1[T] source, System.Func`2[T,TResult] keySelector, System.Func`2[T,TResult] elementSelector) [0x00000] in <ea489521390f48908a7ce45cb17a6848>:0 
  at UnityEditor.Scripting.ScriptCompilation.AssemblyGraphBuilder.Initialize (System.Collections.Generic.IReadOnlyCollection`1[T] assemblies, System.Collections.Generic.IReadOnlyCollection`1[T] customScriptAssemblyReferences) [0x00046] in <4b8f645257c94d1296f440a10c6f388e>:0 
  at UnityEditor.Scripting.ScriptCompilation.AssemblyGraphBuilderFactory.GetOrCreate (System.String projectPath, System.Collections.Generic.IReadOnlyCollection`1[T] assemblies, System.Collections.Generic.IReadOnlyCollection`1[T] customScriptAssemblyReferences) [0x00038] in <4b8f645257c94d1296f440a10c6f388e>:0 
  at UnityEditor.Scripting.ScriptCompilation.EditorCompilation.GetAssemblyGraphBuilder () [0x00027] in <4b8f645257c94d1296f440a10c6f388e>:0 
  at UnityEditor.Scripting.ScriptCompilation.EditorCompilation.SetAllScripts (System.String[] allScripts) [0x0000d] in <4b8f645257c94d1296f440a10c6f388e>:0 
  at UnityEditor.Scripting.ScriptCompilation.EditorCompilationInterface.SetAllScripts (System.String[] allScripts) [0x00006] in <4b8f645257c94d1296f440a10c6f388e>:0 

Caller must complete domain reload
Folder 'Packages/com.unity.postprocessing/PostProcessing/Runtime/' contains multiple assembly definition files (Packages/com.unity.postprocessing/PostProcessing/Runtime/Unity.Postprocessing.Runtime.asmdef)
Folder 'Packages/com.unity.postprocessing/PostProcessing/Runtime/' contains multiple assembly definition files (Packages/com.unity.postprocessing/PostProcessing/Runtime/com.unity.postprocessing.Runtime.asmdef)
Folder 'Packages/com.unity.postprocessing/PostProcessing/Editor/' contains multiple assembly definition files (Packages/com.unity.postprocessing/PostProcessing/Editor/com.unity.postprocessing.Editor.asmdef)
Folder 'Packages/com.unity.postprocessing/PostProcessing/Editor/' contains multiple assembly definition files (Packages/com.unity.postprocessing/PostProcessing/Editor/Unity.Postprocessing.Editor.asmdef)
ArgumentException: An item with the same key has already been added. Key: d60799ab2a985554ea1a39cd38695018
  at System.Collections.Generic.Dictionary`2[TKey,TValue].TryInsert (TKey key, TValue value, System.Collections.Generic.InsertionBehavior behavior) [0x0015a] in <1071a2cb0cb3433aae80a793c277a048>:0 
  at System.Collections.Generic.Dictionary`2[TKey,TValue].Add (TKey key, TValue value) [0x00000] in <1071a2cb0cb3433aae80a793c277a048>:0 
  at System.Linq.Enumerable.ToDictionary[TSource,TKey,TElement] (TSource[] source, System.Func`2[T,TResult] keySelector, System.Func`2[T,TResult] elementSelector, System.Collections.Generic.IEqualityComparer`1[T] comparer) [0x00029] in <ea489521390f48908a7ce45cb17a6848>:0 
  at System.Linq.Enumerable.ToDictionary[TSource,TKey,TElement] (System.Collections.Generic.IEnumerable`1[T] source, System.Func`2[T,TResult] keySelector, System.Func`2[T,TResult] elementSelector, System.Collections.Generic.IEqualityComparer`1[T] comparer) [0x00051] in <ea489521390f48908a7ce45cb17a6848>:0 
  at System.Linq.Enumerable.ToDictionary[TSource,TKey,TElement] (System.Collections.Generic.IEnumerable`1[T] source, System.Func`2[T,TResult] keySelector, System.Func`2[T,TResult] elementSelector) [0x00000] in <ea489521390f48908a7ce45cb17a6848>:0 
  at UnityEditor.Scripting.ScriptCompilation.AssemblyGraphBuilder.Initialize (System.Collections.Generic.IReadOnlyCollection`1[T] assemblies, System.Collections.Generic.IReadOnlyCollection`1[T] customScriptAssemblyReferences) [0x00046] in <4b8f645257c94d1296f440a10c6f388e>:0 
  at UnityEditor.Scripting.ScriptCompilation.AssemblyGraphBuilderFactory.GetOrCreate (System.String projectPath, System.Collections.Generic.IReadOnlyCollection`1[T] assemblies, System.Collections.Generic.IReadOnlyCollection`1[T] customScriptAssemblyReferences) [0x00038] in <4b8f645257c94d1296f440a10c6f388e>:0 
  at UnityEditor.Scripting.ScriptCompilation.EditorCompilation.GetAssemblyGraphBuilder () [0x00027] in <4b8f645257c94d1296f440a10c6f388e>:0 
  at UnityEditor.Scripting.ScriptCompilation.EditorCompilation.SetAllScripts (System.String[] allScripts) [0x0000d] in <4b8f645257c94d1296f440a10c6f388e>:0 
  at UnityEditor.Scripting.ScriptCompilation.EditorCompilationInterface.SetAllScripts (System.String[] allScripts) [0x00006] in <4b8f645257c94d1296f440a10c6f388e>:0 

Begin MonoManager ReloadAssembly
- Loaded All Assemblies, in  0.255 seconds
Native extension for WindowsStandalone target not found
Folder 'Packages/com.unity.postprocessing/PostProcessing/Runtime/' contains multiple assembly definition files (Packages/com.unity.postprocessing/PostProcessing/Runtime/Unity.Postprocessing.Runtime.asmdef)
Folder 'Packages/com.unity.postprocessing/PostProcessing/Runtime/' contains multiple assembly definition files (Packages/com.unity.postprocessing/PostProcessing/Runtime/com.unity.postprocessing.Runtime.asmdef)
Folder 'Packages/com.unity.postprocessing/PostProcessing/Editor/' contains multiple assembly definition files (Packages/com.unity.postprocessing/PostProcessing/Editor/com.unity.postprocessing.Editor.asmdef)
Folder 'Packages/com.unity.postprocessing/PostProcessing/Editor/' contains multiple assembly definition files (Packages/com.unity.postprocessing/PostProcessing/Editor/Unity.Postprocessing.Editor.asmdef)
ArgumentException: An item with the same key has already been added. Key: d60799ab2a985554ea1a39cd38695018
  at System.Collections.Generic.Dictionary`2[TKey,TValue].TryInsert (TKey key, TValue value, System.Collections.Generic.InsertionBehavior behavior) [0x0015a] in <1071a2cb0cb3433aae80a793c277a048>:0 
  at System.Collections.Generic.Dictionary`2[TKey,TValue].Add (TKey key, TValue value) [0x00000] in <1071a2cb0cb3433aae80a793c277a048>:0 
  at System.Linq.Enumerable.ToDictionary[TSource,TKey,TElement] (TSource[] source, System.Func`2[T,TResult] keySelector, System.Func`2[T,TResult] elementSelector, System.Collections.Generic.IEqualityComparer`1[T] comparer) [0x00029] in <ea489521390f48908a7ce45cb17a6848>:0 
  at System.Linq.Enumerable.ToDictionary[TSource,TKey,TElement] (System.Collections.Generic.IEnumerable`1[T] source, System.Func`2[T,TResult] keySelector, System.Func`2[T,TResult] elementSelector, System.Collections.Generic.IEqualityComparer`1[T] comparer) [0x00051] in <ea489521390f48908a7ce45cb17a6848>:0 
  at System.Linq.Enumerable.ToDictionary[TSource,TKey,TElement] (System.Collections.Generic.IEnumerable`1[T] source, System.Func`2[T,TResult] keySelector, System.Func`2[T,TResult] elementSelector) [0x00000] in <ea489521390f48908a7ce45cb17a6848>:0 
  at UnityEditor.Scripting.ScriptCompilation.AssemblyGraphBuilder.Initialize (System.Collections.Generic.IReadOnlyCollection`1[T] assemblies, System.Collections.Generic.IReadOnlyCollection`1[T] customScriptAssemblyReferences) [0x00046] in <4b8f645257c94d1296f440a10c6f388e>:0 
  at UnityEditor.Scripting.ScriptCompilation.AssemblyGraphBuilderFactory.GetOrCreate (System.String projectPath, System.Collections.Generic.IReadOnlyCollection`1[T] assemblies, System.Collections.Generic.IReadOnlyCollection`1[T] customScriptAssemblyReferences) [0x00038] in <4b8f645257c94d1296f440a10c6f388e>:0 
  at UnityEditor.Scripting.ScriptCompilation.EditorCompilation.GetAssemblyGraphBuilder () [0x00027] in <4b8f645257c94d1296f440a10c6f388e>:0 
  at UnityEditor.Scripting.ScriptCompilation.EditorCompilation.SetAllScripts (System.String[] allScripts) [0x0000d] in <4b8f645257c94d1296f440a10c6f388e>:0 
  at UnityEditor.Scripting.ScriptCompilation.EditorCompilationInterface.SetAllScripts (System.String[] allScripts) [0x00006] in <4b8f645257c94d1296f440a10c6f388e>:0 

Mono: successfully reloaded assembly
- Finished resetting the current domain, in  0.533 seconds
Domain Reload Profiling: 788ms
	BeginReloadAssembly (93ms)
		ExecutionOrderSort (0ms)
		DisableScriptedObjects (3ms)
		BackupInstance (0ms)
		ReleaseScriptingObjects (0ms)
		CreateAndSetChildDomain (22ms)
	RebuildCommonClasses (24ms)
	RebuildNativeTypeToScriptingClass (7ms)
	initialDomainReloadingComplete (14ms)
	LoadAllAssembliesAndSetupDomain (117ms)
		LoadAssemblies (148ms)
		RebuildTransferFunctionScriptingTraits (0ms)
		AnalyzeDomain (14ms)
			TypeCache.Refresh (5ms)
				TypeCache.ScanAssembly (0ms)
			ScanForSourceGeneratedMonoScriptInfo (5ms)
			ResolveRequiredComponents (3ms)
	FinalizeReload (533ms)
		ReleaseScriptCaches (0ms)
		RebuildScriptCaches (0ms)
		SetupLoadedEditorAssemblies (233ms)
			LogAssemblyErrors (0ms)
			InitializePlatformSupportModulesInManaged (3ms)
			SetLoadedEditorAssemblies (2ms)
			RefreshPlugins (0ms)
			BeforeProcessingInitializeOnLoad (37ms)
			ProcessInitializeOnLoadAttributes (178ms)
			ProcessInitializeOnLoadMethodAttributes (11ms)
			AfterProcessingInitializeOnLoad (2ms)
			EditorAssembliesLoaded (0ms)
		ExecutionOrderSort2 (0ms)
		AwakeInstancesAfterBackupRestoration (4ms)
Refreshing native plugins compatible for Editor in 1.68 ms, found 3 plugins.
Preloading 0 native plugins for Editor in 0.00 ms.
Unloading 3754 Unused Serialized files (Serialized files now loaded: 0)
Unloading 31 unused Assets / (2.6 MB). Loaded Objects now: 4366.
Memory consumption went from 152.6 MB to 150.0 MB.
Total: 3.246300 ms (FindLiveObjects: 0.404000 ms CreateObjectMapping: 0.136300 ms MarkObjects: 2.067400 ms  DeleteObjects: 0.638200 ms)

Prepare: number of updated asset objects reloaded= 0
AssetImportParameters requested are different than current active one (requested -> active):
  custom:scripting/monoscript/fileName/Decorators.cs: 4533f6715dc3f8cdabbd37ff77d1dad7 -> 
  custom:scripting/monoscript/fileName/GlobalSettings.cs: e5eb35b80bdfaee4ead1e1630fd77998 -> 
  custom:scripting/monoscript/fileName/PostProcessEffectBaseEditor.cs: 972bdf00f442be0d879dcb6868e25c8e -> 
  custom:scripting/monoscript/fileName/PostProcessRenderContext.cs: 9e034c8bf7d42a1d6c2d4339915eccb0 -> 
  custom:scripting/monoscript/fileName/Spline.cs: f8384952784bb95e08e1e29156fe4db5 -> 4e387ee563fd6b588142d262df330d27
  custom:scripting/monoscript/fileName/ColorGrading.cs: ef67493fb3cf9676ba5f25862510a595 -> 
  custom:scripting/monoscript/fileName/Monitor.cs: e0eb5d32b3aade2e0ce8680b00ac2b78 -> 
  custom:scripting/precompiled-assembly-types:Unity.Postprocessing.Runtime: 655cd018e42ac91ed9a03cfbdae17956 -> 
  custom:scripting/monoscript/fileName/TemporalAntialiasing.cs: 71e40fdab49d34f4e07f83936454d904 -> 
  custom:container-demuxer-ogg: 62fdf1f143b41e24485cea50d1cbac27 -> 
  custom:scripting/monoscript/fileName/AmbientOcclusion.cs: 7a27923f9312611f0b2898a72e3ee96a -> 
  custom:scripting/monoscript/fileName/PostProcessDebugLayer.cs: 6d8a99809398beddf11f92dfbb0e6ad4 -> 
  custom:scripting/monoscript/fileName/ColorUtilities.cs: 47918ebfa890b947a816b80444ee2882 -> 
  custom:scripting/monoscript/fileName/ParameterOverride.cs: 5475497db741ca919df708e5019e593d -> 
  custom:scripting/monoscript/fileName/TextureLerper.cs: 973e800795f77d61d647ea0c3f0cf284 -> 
  custom:scripting/precompiled-assembly-types:Unity.Postprocessing.Editor: 23b49e25b965492466cd147d7735360a -> 
  custom:scripting/monoscript/fileName/Vignette.cs: e0b99ac31b7575ef776e7be56647abb0 -> 
  custom:scripting/monoscript/fileName/DepthOfFieldEditor.cs: 64cce655bf722c851048e2ebbf401a7b -> 
  custom:scripting/monoscript/fileName/DefaultPostProcessEffectEditor.cs: 06a1d8fcea7725e08b95f21cc15fd0a1 -> 
  custom:scripting/monoscript/fileName/PostProcessLayer.cs: aa288976158dcd4c24041d5304f25d07 -> 
  custom:video-codec-MediaFoundation-h265: 746d11721c4dcdbdad8f713fa42b33f4 -> 
  custom:scripting/monoscript/fileName/MaxAttribute.cs: d661645ab8c724f24b3e19978e87b44c -> 
  custom:scripting/monoscript/fileName/PostProcessDebugEditor.cs: 1a0488d8742bf880cc7334e53e2cc73d -> 
  custom:video-decoder-ogg-theora: a1e56fd34408186e4bbccfd4996cb3dc -> 
  custom:scripting/monoscript/fileName/SerializedParameterOverride.cs: 5e4deaf96895d013d32a8e84ec179f8e -> 
  custom:scripting/monoscript/fileName/MeshUtilities.cs: dc5356b699afd34cf9728f4d65b476a0 -> 
  custom:scripting/monoscript/fileName/AmbientOcclusionEditor.cs: 61e5422c29b8f52188d508eb7d382167 -> 
  custom:scripting/monoscript/fileName/FastApproximateAntialiasing.cs: bf5588b2deec2689a812a7d2eacd9bd5 -> 
  custom:scripting/monoscript/fileName/MotionBlur.cs: 823914e335803785a19e5990c6ab2911 -> 
  custom:scripting/monoscript/fileName/DefineSetter.cs: 292ba08e52064b1a72f8d4bb04301dd3 -> 
  custom:framework-win-MediaFoundation: 216162199b28c13a410421893ffa2e32 -> 
  custom:scripting/monoscript/fileName/ShaderIDs.cs: 96024f1f873475da65a783f1404f9117 -> 
  custom:scripting/monoscript/fileName/PostProcessEditorAttribute.cs: 672a58b4d5bab60112487a31c361c481 -> 
  custom:scripting/monoscript/fileName/LensDistortionEditor.cs: dee045d29944d55e8040435a58a7ce90 -> 
  custom:scripting/monoscript/fileName/MotionBlurEditor.cs: 3bd8d3e7e9a7ea94beb2e5517b62d27b -> 
  custom:scripting/monoscript/fileName/Dithering.cs: 3014fffaa718d0ad6dd2c7bb7956ed46 -> 
  custom:scripting/monoscript/fileName/DecoratorAttribute.cs: be5bd39119e1a41ea1a019fdb3818a3f -> 
  custom:scripting/monoscript/fileName/DisplayNameAttribute.cs: 935a6ac504eb8a852fba40cbcae9292c -> 
  custom:scripting/monoscript/fileName/PostProcessEffectSettings.cs: 2ab9d33170e863b1a9c8a9079cdd12aa -> 
  custom:scripting/monoscript/fileName/Fog.cs: 07e271953e2bcf8513b6a72a2737e767 -> 
  custom:scripting/monoscript/fileName/PostProcessManager.cs: 28ef7780d543a8111635e1f5051383d0 -> 
  custom:scripting/monoscript/fileName/VolumeFactory.cs: cc77136700c9e1ff894d234886ccb852 -> 
  custom:CustomObjectIndexerAttribute: 9a22284fe3817be447336de3de66b15e -> 
  custom:scripting/monoscript/fileName/PostProcessEvent.cs: 8fb6e54ff2cf1a8be7ecdd01fbdd78f8 -> 
  custom:scripting/monoscript/fileName/TrackballAttribute.cs: 8dea8f77de7bd03137cc578af1ea6656 -> 
  custom:scripting/monoscript/fileName/TrackballDecorator.cs: 6a2b6c747937d12d8d81be8f5b21fbd2 -> 
  custom:scripting/monoscript/fileName/MultiScaleVO.cs: d4c4732956ffb536e016475d75f04c43 -> 
  custom:scripting/monoscript/fileName/CubeLutAssetFactory.cs: db1961888d7cabf6be94b37e3b663de4 -> 
  custom:container-demuxer-webm: 4f35f7cbe854078d1ac9338744f61a02 -> 
  custom:scripting/monoscript/fileName/PostProcessVolumeEditor.cs: 7aae71821512dcac422c45dc773293c3 -> 
  custom:scripting/monoscript/fileName/ChromaticAberration.cs: 4d59e57f8324f5f986e16678ed451410 -> 
  custom:scripting/monoscript/fileName/VignetteEditor.cs: 345736fc911c5e8ab23e579751a40e4a -> 
  custom:scripting/monoscript/fileName/Styling.cs: d1c4aa14ff93670753edfbb93fc91bfe -> 
  custom:scripting/monoscript/fileName/PostProcessEffectRendererExtensions.cs: e953624d113e7e1739c702512603957d -> 
  custom:scripting/monoscript/fileName/ScalableAO.cs: 2f29d71d59b754086c809cfee1cdce34 -> 
  custom:scripting/monoscript/fileName/PostProcessLayerEditor.cs: d16de665ece05cd6e27dcc8d7bac4b9a -> 
  custom:scripting/monoscript/fileName/MinMaxAttribute.cs: a4b6ac8a4377612c7135a60f905792f1 -> 
  custom:scripting/monoscript/fileName/SubpixelMorphologicalAntialiasing.cs: 02dcb8839824addec278047da0509aea -> 
  custom:scripting/monoscript/fileName/BaseEditor.cs: 90647cc400823b41df847a6cbfc29026 -> 
  custom:container-muxer-webm: aa71ff27fc2769a1b78a27578f13a17b -> 
  custom:scripting/monoscript/fileName/ReadmeEditor.cs: ff7ced1e41c1b99ddf5dfefc88f6bd50 -> 
  custom:video-decoder-webm-vp8: 9c59270c3fd7afecdb556c50c9e8de78 -> 
  custom:SearchIndexIgnoredProperties: e643bd26f0fe6173181afceb89e7c659 -> 
  custom:scripting/monoscript/fileName/ChromaticAberrationEditor.cs: 3043bf57519b71f64b7a6de970c2487b -> 
  custom:scripting/monoscript/fileName/PostProcessEffectRenderer.cs: 577c5acf8157ecea944bb95c8c6d9a95 -> 
  custom:AudioImporter_EditorPlatform: d09bf68614088b80899f8185d706f6e7 -> 
  custom:scripting/monoscript/fileName/TextureFormatUtilities.cs: ba58c57cfaabc0f8201a9ca6902fcb23 -> 
  custom:scripting/monoscript/fileName/PostProcessVolume.cs: 3883cef4be0567c54caf457a416a2095 -> 
  custom:scripting/monoscript/fileName/LightMeterMonitor.cs: a897ae0c731cb153281aea9ecd0efb03 -> 
  custom:scripting/monoscript/fileName/ColorGradingEditor.cs: 25838050e3e1f12ef51713a5dcf60349 -> 
  custom:scripting/monoscript/fileName/AttributeDecorator.cs: 39b465f08cd0a5df82fc2ef70b766ca2 -> 
  custom:scripting/monoscript/fileName/AutoExposureEditor.cs: dfd15824649ea346b717bc72a871d75b -> 
  custom:scripting/monoscript/fileName/LensDistortion.cs: b7963bb1da21ba484a7b59b9f6ea3aec -> 
  custom:scripting/monoscript/fileName/ResourceAssetFactory.cs: bf6acc988648d854bb3c5751325d0d0a -> 
  custom:scripting/monoscript/fileName/PostProcessProfileEditor.cs: 1dcd55858a4126cb33b0f2de53c74fbe -> 
  custom:scripting/monoscript/fileName/PostProcessDebug.cs: a653e9b773649e7452b035b4ce1dae82 -> 
  custom:scripting/monoscript/fileName/PostProcessAttribute.cs: e125947bf72ce7382f3b16f75797c897 -> 
  custom:scripting/monoscript/fileName/Grain.cs: 43f09a87a88d9937fbb9c4dbf3d5508e -> 
  custom:scripting/monoscript/fileName/HistogramMonitor.cs: 6fd024409d6e9db8d4c2c4e26430c2ad -> 
  custom:scripting/monoscript/fileName/PostProcessProfile.cs: f6dc030e2e953b2ed0eca334cce5d5cf -> 
  custom:scripting/monoscript/fileName/ProfileFactory.cs: f835845dfebfed501813f60a1cb006a3 -> 
  custom:scripting/monoscript/fileName/PostProcessEffectEditor.cs: 90647cc400823b41df847a6cbfc29026 -> 
  custom:scripting/monoscript/fileName/CubeLutAssetImporter.cs: 5e94ca4c74dad11cc8880f33d0ba9efb -> 
  custom:scripting/monoscript/fileName/PostProcessBundle.cs: f610f855c8ae8b896b5084e85ede373e -> 
  custom:scripting/monoscript/fileName/ScreenSpaceReflectionsEditor.cs: 59c13ba25de6098e70bafe8be94f609a -> 
  custom:video-encoder-webm-vp8: eb34c28f22e8b96e1ab97ce403110664 -> 
  custom:scripting/monoscript/fileName/RuntimeUtilities.cs: 76964d36e50cc48cfa29643bdde8d9a5 -> 
  custom:scripting/monoscript/fileName/Bloom.cs: 6f6d579a64201b97313a62a1e91b3575 -> 
  custom:audio-decoder-ogg-vorbis: bf7c407c2cedff20999df2af8eb42d56 -> 
  custom:scripting/monoscript/fileName/AutoExposure.cs: 0e7c21b17f53209ee8c5c61ab59d7835 -> 
  custom:scripting/monoscript/fileName/VectorscopeMonitor.cs: cb70c6437b976f01b752cd219cc47f32 -> 
  custom:scripting/monoscript/fileName/PropertySheetFactory.cs: cfc4667cc03e44252fafe18d99f24b25 -> 
  custom:scripting/monoscript/fileName/EditorUtilities.cs: 53a52fb113757c42f9c516115bd845ca -> 
  custom:scripting/monoscript/fileName/HaltonSeq.cs: a7590e55d6fae5328a1c395a2473d0cf -> 
  custom:scripting/monoscript/fileName/MinAttribute.cs: a3e7473301291585f4cca024ce307406 -> 
  custom:scripting/monoscript/fileName/DepthOfField.cs: d62178d8b5619f59fcdd6d24617ef5fd -> 
  custom:scripting/monoscript/fileName/BloomEditor.cs: c341bb26b40744c3a5c2a142ac3e1051 -> 
  custom:scripting/monoscript/fileName/WaveformMonitor.cs: 609651ee3f98f206575f684e9cce655d -> 
  custom:scripting/monoscript/fileName/HableCurve.cs: f244b24d6e7c556a2de06e25b0bbf4c1 -> 
  custom:audio-encoder-webm-vorbis: bf7c407c2cedff20999df2af8eb42d56 -> 
  custom:scripting/precompiled-assembly-types:Assembly-CSharp-Editor: 313400a751e441a2d874eab7f0380857 -> 
  custom:scripting/monoscript/fileName/PropertySheet.cs: e6bb03169eca9d33ea794a47ad6ce213 -> 
  custom:scripting/monoscript/fileName/TargetPool.cs: 6d29560228134c933c12fb1c113fb6ef -> 
  custom:scripting/monoscript/fileName/LogHistogram.cs: bab913d888834a1a8572eb834acec97c -> 
  custom:scripting/monoscript/fileName/ScreenSpaceReflections.cs: 8afa07200328ddfcb2536d4180c62536 -> 
  custom:scripting/monoscript/fileName/CurveEditor.cs: f5e872b2a5a6427a1785818cb10d95d1 -> 
  custom:scripting/monoscript/fileName/PostProcessResources.cs: 5089c17a701ba9b714a1f3d25fb9a9b0 -> 
  custom:scripting/monoscript/fileName/EffectListEditor.cs: 1ecdb4094d9e64024d6eb7725a86197b -> 
========================================================================
Received Prepare
Folder 'Packages/com.unity.postprocessing/PostProcessing/Runtime/' contains multiple assembly definition files (Packages/com.unity.postprocessing/PostProcessing/Runtime/Unity.Postprocessing.Runtime.asmdef)
Folder 'Packages/com.unity.postprocessing/PostProcessing/Runtime/' contains multiple assembly definition files (Packages/com.unity.postprocessing/PostProcessing/Runtime/com.unity.postprocessing.Runtime.asmdef)
Folder 'Packages/com.unity.postprocessing/PostProcessing/Editor/' contains multiple assembly definition files (Packages/com.unity.postprocessing/PostProcessing/Editor/com.unity.postprocessing.Editor.asmdef)
Folder 'Packages/com.unity.postprocessing/PostProcessing/Editor/' contains multiple assembly definition files (Packages/com.unity.postprocessing/PostProcessing/Editor/Unity.Postprocessing.Editor.asmdef)
ArgumentException: An item with the same key has already been added. Key: d60799ab2a985554ea1a39cd38695018
  at System.Collections.Generic.Dictionary`2[TKey,TValue].TryInsert (TKey key, TValue value, System.Collections.Generic.InsertionBehavior behavior) [0x0015a] in <1071a2cb0cb3433aae80a793c277a048>:0 
  at System.Collections.Generic.Dictionary`2[TKey,TValue].Add (TKey key, TValue value) [0x00000] in <1071a2cb0cb3433aae80a793c277a048>:0 
  at System.Linq.Enumerable.ToDictionary[TSource,TKey,TElement] (TSource[] source, System.Func`2[T,TResult] keySelector, System.Func`2[T,TResult] elementSelector, System.Collections.Generic.IEqualityComparer`1[T] comparer) [0x00029] in <ea489521390f48908a7ce45cb17a6848>:0 
  at System.Linq.Enumerable.ToDictionary[TSource,TKey,TElement] (System.Collections.Generic.IEnumerable`1[T] source, System.Func`2[T,TResult] keySelector, System.Func`2[T,TResult] elementSelector, System.Collections.Generic.IEqualityComparer`1[T] comparer) [0x00051] in <ea489521390f48908a7ce45cb17a6848>:0 
  at System.Linq.Enumerable.ToDictionary[TSource,TKey,TElement] (System.Collections.Generic.IEnumerable`1[T] source, System.Func`2[T,TResult] keySelector, System.Func`2[T,TResult] elementSelector) [0x00000] in <ea489521390f48908a7ce45cb17a6848>:0 
  at UnityEditor.Scripting.ScriptCompilation.AssemblyGraphBuilder.Initialize (System.Collections.Generic.IReadOnlyCollection`1[T] assemblies, System.Collections.Generic.IReadOnlyCollection`1[T] customScriptAssemblyReferences) [0x00046] in <4b8f645257c94d1296f440a10c6f388e>:0 
  at UnityEditor.Scripting.ScriptCompilation.AssemblyGraphBuilderFactory.GetOrCreate (System.String projectPath, System.Collections.Generic.IReadOnlyCollection`1[T] assemblies, System.Collections.Generic.IReadOnlyCollection`1[T] customScriptAssemblyReferences) [0x00038] in <4b8f645257c94d1296f440a10c6f388e>:0 
  at UnityEditor.Scripting.ScriptCompilation.EditorCompilation.GetAssemblyGraphBuilder () [0x00027] in <4b8f645257c94d1296f440a10c6f388e>:0 
  at UnityEditor.Scripting.ScriptCompilation.EditorCompilation.SetAllScripts (System.String[] allScripts) [0x0000d] in <4b8f645257c94d1296f440a10c6f388e>:0 
  at UnityEditor.Scripting.ScriptCompilation.EditorCompilationInterface.SetAllScripts (System.String[] allScripts) [0x00006] in <4b8f645257c94d1296f440a10c6f388e>:0 

Caller must complete domain reload
Folder 'Packages/com.unity.postprocessing/PostProcessing/Runtime/' contains multiple assembly definition files (Packages/com.unity.postprocessing/PostProcessing/Runtime/Unity.Postprocessing.Runtime.asmdef)
Folder 'Packages/com.unity.postprocessing/PostProcessing/Runtime/' contains multiple assembly definition files (Packages/com.unity.postprocessing/PostProcessing/Runtime/com.unity.postprocessing.Runtime.asmdef)
Folder 'Packages/com.unity.postprocessing/PostProcessing/Editor/' contains multiple assembly definition files (Packages/com.unity.postprocessing/PostProcessing/Editor/com.unity.postprocessing.Editor.asmdef)
Folder 'Packages/com.unity.postprocessing/PostProcessing/Editor/' contains multiple assembly definition files (Packages/com.unity.postprocessing/PostProcessing/Editor/Unity.Postprocessing.Editor.asmdef)
ArgumentException: An item with the same key has already been added. Key: d60799ab2a985554ea1a39cd38695018
  at System.Collections.Generic.Dictionary`2[TKey,TValue].TryInsert (TKey key, TValue value, System.Collections.Generic.InsertionBehavior behavior) [0x0015a] in <1071a2cb0cb3433aae80a793c277a048>:0 
  at System.Collections.Generic.Dictionary`2[TKey,TValue].Add (TKey key, TValue value) [0x00000] in <1071a2cb0cb3433aae80a793c277a048>:0 
  at System.Linq.Enumerable.ToDictionary[TSource,TKey,TElement] (TSource[] source, System.Func`2[T,TResult] keySelector, System.Func`2[T,TResult] elementSelector, System.Collections.Generic.IEqualityComparer`1[T] comparer) [0x00029] in <ea489521390f48908a7ce45cb17a6848>:0 
  at System.Linq.Enumerable.ToDictionary[TSource,TKey,TElement] (System.Collections.Generic.IEnumerable`1[T] source, System.Func`2[T,TResult] keySelector, System.Func`2[T,TResult] elementSelector, System.Collections.Generic.IEqualityComparer`1[T] comparer) [0x00051] in <ea489521390f48908a7ce45cb17a6848>:0 
  at System.Linq.Enumerable.ToDictionary[TSource,TKey,TElement] (System.Collections.Generic.IEnumerable`1[T] source, System.Func`2[T,TResult] keySelector, System.Func`2[T,TResult] elementSelector) [0x00000] in <ea489521390f48908a7ce45cb17a6848>:0 
  at UnityEditor.Scripting.ScriptCompilation.AssemblyGraphBuilder.Initialize (System.Collections.Generic.IReadOnlyCollection`1[T] assemblies, System.Collections.Generic.IReadOnlyCollection`1[T] customScriptAssemblyReferences) [0x00046] in <4b8f645257c94d1296f440a10c6f388e>:0 
  at UnityEditor.Scripting.ScriptCompilation.AssemblyGraphBuilderFactory.GetOrCreate (System.String projectPath, System.Collections.Generic.IReadOnlyCollection`1[T] assemblies, System.Collections.Generic.IReadOnlyCollection`1[T] customScriptAssemblyReferences) [0x00038] in <4b8f645257c94d1296f440a10c6f388e>:0 
  at UnityEditor.Scripting.ScriptCompilation.EditorCompilation.GetAssemblyGraphBuilder () [0x00027] in <4b8f645257c94d1296f440a10c6f388e>:0 
  at UnityEditor.Scripting.ScriptCompilation.EditorCompilation.SetAllScripts (System.String[] allScripts) [0x0000d] in <4b8f645257c94d1296f440a10c6f388e>:0 
  at UnityEditor.Scripting.ScriptCompilation.EditorCompilationInterface.SetAllScripts (System.String[] allScripts) [0x00006] in <4b8f645257c94d1296f440a10c6f388e>:0 

Begin MonoManager ReloadAssembly
- Loaded All Assemblies, in  0.243 seconds
Native extension for WindowsStandalone target not found
Folder 'Packages/com.unity.postprocessing/PostProcessing/Runtime/' contains multiple assembly definition files (Packages/com.unity.postprocessing/PostProcessing/Runtime/Unity.Postprocessing.Runtime.asmdef)
Folder 'Packages/com.unity.postprocessing/PostProcessing/Runtime/' contains multiple assembly definition files (Packages/com.unity.postprocessing/PostProcessing/Runtime/com.unity.postprocessing.Runtime.asmdef)
Folder 'Packages/com.unity.postprocessing/PostProcessing/Editor/' contains multiple assembly definition files (Packages/com.unity.postprocessing/PostProcessing/Editor/com.unity.postprocessing.Editor.asmdef)
Folder 'Packages/com.unity.postprocessing/PostProcessing/Editor/' contains multiple assembly definition files (Packages/com.unity.postprocessing/PostProcessing/Editor/Unity.Postprocessing.Editor.asmdef)
ArgumentException: An item with the same key has already been added. Key: d60799ab2a985554ea1a39cd38695018
  at System.Collections.Generic.Dictionary`2[TKey,TValue].TryInsert (TKey key, TValue value, System.Collections.Generic.InsertionBehavior behavior) [0x0015a] in <1071a2cb0cb3433aae80a793c277a048>:0 
  at System.Collections.Generic.Dictionary`2[TKey,TValue].Add (TKey key, TValue value) [0x00000] in <1071a2cb0cb3433aae80a793c277a048>:0 
  at System.Linq.Enumerable.ToDictionary[TSource,TKey,TElement] (TSource[] source, System.Func`2[T,TResult] keySelector, System.Func`2[T,TResult] elementSelector, System.Collections.Generic.IEqualityComparer`1[T] comparer) [0x00029] in <ea489521390f48908a7ce45cb17a6848>:0 
  at System.Linq.Enumerable.ToDictionary[TSource,TKey,TElement] (System.Collections.Generic.IEnumerable`1[T] source, System.Func`2[T,TResult] keySelector, System.Func`2[T,TResult] elementSelector, System.Collections.Generic.IEqualityComparer`1[T] comparer) [0x00051] in <ea489521390f48908a7ce45cb17a6848>:0 
  at System.Linq.Enumerable.ToDictionary[TSource,TKey,TElement] (System.Collections.Generic.IEnumerable`1[T] source, System.Func`2[T,TResult] keySelector, System.Func`2[T,TResult] elementSelector) [0x00000] in <ea489521390f48908a7ce45cb17a6848>:0 
  at UnityEditor.Scripting.ScriptCompilation.AssemblyGraphBuilder.Initialize (System.Collections.Generic.IReadOnlyCollection`1[T] assemblies, System.Collections.Generic.IReadOnlyCollection`1[T] customScriptAssemblyReferences) [0x00046] in <4b8f645257c94d1296f440a10c6f388e>:0 
  at UnityEditor.Scripting.ScriptCompilation.AssemblyGraphBuilderFactory.GetOrCreate (System.String projectPath, System.Collections.Generic.IReadOnlyCollection`1[T] assemblies, System.Collections.Generic.IReadOnlyCollection`1[T] customScriptAssemblyReferences) [0x00038] in <4b8f645257c94d1296f440a10c6f388e>:0 
  at UnityEditor.Scripting.ScriptCompilation.EditorCompilation.GetAssemblyGraphBuilder () [0x00027] in <4b8f645257c94d1296f440a10c6f388e>:0 
  at UnityEditor.Scripting.ScriptCompilation.EditorCompilation.SetAllScripts (System.String[] allScripts) [0x0000d] in <4b8f645257c94d1296f440a10c6f388e>:0 
  at UnityEditor.Scripting.ScriptCompilation.EditorCompilationInterface.SetAllScripts (System.String[] allScripts) [0x00006] in <4b8f645257c94d1296f440a10c6f388e>:0 

Mono: successfully reloaded assembly
- Finished resetting the current domain, in  0.593 seconds
Domain Reload Profiling: 836ms
	BeginReloadAssembly (94ms)
		ExecutionOrderSort (0ms)
		DisableScriptedObjects (3ms)
		BackupInstance (0ms)
		ReleaseScriptingObjects (0ms)
		CreateAndSetChildDomain (23ms)
	RebuildCommonClasses (19ms)
	RebuildNativeTypeToScriptingClass (7ms)
	initialDomainReloadingComplete (14ms)
	LoadAllAssembliesAndSetupDomain (109ms)
		LoadAssemblies (147ms)
		RebuildTransferFunctionScriptingTraits (0ms)
		AnalyzeDomain (8ms)
			TypeCache.Refresh (4ms)
				TypeCache.ScanAssembly (0ms)
			ScanForSourceGeneratedMonoScriptInfo (0ms)
			ResolveRequiredComponents (3ms)
	FinalizeReload (593ms)
		ReleaseScriptCaches (0ms)
		RebuildScriptCaches (0ms)
		SetupLoadedEditorAssemblies (270ms)
			LogAssemblyErrors (0ms)
			InitializePlatformSupportModulesInManaged (3ms)
			SetLoadedEditorAssemblies (2ms)
			RefreshPlugins (0ms)
			BeforeProcessingInitializeOnLoad (43ms)
			ProcessInitializeOnLoadAttributes (208ms)
			ProcessInitializeOnLoadMethodAttributes (12ms)
			AfterProcessingInitializeOnLoad (2ms)
			EditorAssembliesLoaded (0ms)
		ExecutionOrderSort2 (0ms)
		AwakeInstancesAfterBackupRestoration (4ms)
Refreshing native plugins compatible for Editor in 1.61 ms, found 3 plugins.
Preloading 0 native plugins for Editor in 0.00 ms.
Unloading 3754 Unused Serialized files (Serialized files now loaded: 0)
Unloading 31 unused Assets / (2.6 MB). Loaded Objects now: 4370.
Memory consumption went from 152.6 MB to 150.0 MB.
Total: 3.135300 ms (FindLiveObjects: 0.258100 ms CreateObjectMapping: 0.065700 ms MarkObjects: 2.161300 ms  DeleteObjects: 0.649800 ms)

Prepare: number of updated asset objects reloaded= 0
AssetImportParameters requested are different than current active one (requested -> active):
  custom:scripting/monoscript/fileName/Decorators.cs: 4533f6715dc3f8cdabbd37ff77d1dad7 -> 
  custom:scripting/monoscript/fileName/GlobalSettings.cs: e5eb35b80bdfaee4ead1e1630fd77998 -> 
  custom:scripting/monoscript/fileName/PostProcessEffectBaseEditor.cs: 972bdf00f442be0d879dcb6868e25c8e -> 
  custom:scripting/monoscript/fileName/PostProcessRenderContext.cs: 9e034c8bf7d42a1d6c2d4339915eccb0 -> 
  custom:scripting/monoscript/fileName/Spline.cs: f8384952784bb95e08e1e29156fe4db5 -> 4e387ee563fd6b588142d262df330d27
  custom:scripting/monoscript/fileName/ColorGrading.cs: ef67493fb3cf9676ba5f25862510a595 -> 
  custom:scripting/monoscript/fileName/Monitor.cs: e0eb5d32b3aade2e0ce8680b00ac2b78 -> 
  custom:scripting/precompiled-assembly-types:Unity.Postprocessing.Runtime: 655cd018e42ac91ed9a03cfbdae17956 -> 
  custom:scripting/monoscript/fileName/TemporalAntialiasing.cs: 71e40fdab49d34f4e07f83936454d904 -> 
  custom:container-demuxer-ogg: 62fdf1f143b41e24485cea50d1cbac27 -> 
  custom:scripting/monoscript/fileName/AmbientOcclusion.cs: 7a27923f9312611f0b2898a72e3ee96a -> 
  custom:scripting/monoscript/fileName/PostProcessDebugLayer.cs: 6d8a99809398beddf11f92dfbb0e6ad4 -> 
  custom:scripting/monoscript/fileName/ColorUtilities.cs: 47918ebfa890b947a816b80444ee2882 -> 
  custom:scripting/monoscript/fileName/ParameterOverride.cs: 5475497db741ca919df708e5019e593d -> 
  custom:scripting/monoscript/fileName/TextureLerper.cs: 973e800795f77d61d647ea0c3f0cf284 -> 
  custom:scripting/precompiled-assembly-types:Unity.Postprocessing.Editor: 23b49e25b965492466cd147d7735360a -> 
  custom:scripting/monoscript/fileName/Vignette.cs: e0b99ac31b7575ef776e7be56647abb0 -> 
  custom:scripting/monoscript/fileName/DepthOfFieldEditor.cs: 64cce655bf722c851048e2ebbf401a7b -> 
  custom:scripting/monoscript/fileName/DefaultPostProcessEffectEditor.cs: 06a1d8fcea7725e08b95f21cc15fd0a1 -> 
  custom:scripting/monoscript/fileName/PostProcessLayer.cs: aa288976158dcd4c24041d5304f25d07 -> 
  custom:video-codec-MediaFoundation-h265: 746d11721c4dcdbdad8f713fa42b33f4 -> 
  custom:scripting/monoscript/fileName/MaxAttribute.cs: d661645ab8c724f24b3e19978e87b44c -> 
  custom:scripting/monoscript/fileName/PostProcessDebugEditor.cs: 1a0488d8742bf880cc7334e53e2cc73d -> 
  custom:video-decoder-ogg-theora: a1e56fd34408186e4bbccfd4996cb3dc -> 
  custom:scripting/monoscript/fileName/SerializedParameterOverride.cs: 5e4deaf96895d013d32a8e84ec179f8e -> 
  custom:scripting/monoscript/fileName/MeshUtilities.cs: dc5356b699afd34cf9728f4d65b476a0 -> 
  custom:scripting/monoscript/fileName/AmbientOcclusionEditor.cs: 61e5422c29b8f52188d508eb7d382167 -> 
  custom:scripting/monoscript/fileName/FastApproximateAntialiasing.cs: bf5588b2deec2689a812a7d2eacd9bd5 -> 
  custom:scripting/monoscript/fileName/MotionBlur.cs: 823914e335803785a19e5990c6ab2911 -> 
  custom:scripting/monoscript/fileName/DefineSetter.cs: 292ba08e52064b1a72f8d4bb04301dd3 -> 
  custom:framework-win-MediaFoundation: 216162199b28c13a410421893ffa2e32 -> 
  custom:scripting/monoscript/fileName/ShaderIDs.cs: 96024f1f873475da65a783f1404f9117 -> 
  custom:scripting/monoscript/fileName/PostProcessEditorAttribute.cs: 672a58b4d5bab60112487a31c361c481 -> 
  custom:scripting/monoscript/fileName/LensDistortionEditor.cs: dee045d29944d55e8040435a58a7ce90 -> 
  custom:scripting/monoscript/fileName/MotionBlurEditor.cs: 3bd8d3e7e9a7ea94beb2e5517b62d27b -> 
  custom:scripting/monoscript/fileName/Dithering.cs: 3014fffaa718d0ad6dd2c7bb7956ed46 -> 
  custom:scripting/monoscript/fileName/DecoratorAttribute.cs: be5bd39119e1a41ea1a019fdb3818a3f -> 
  custom:scripting/monoscript/fileName/DisplayNameAttribute.cs: 935a6ac504eb8a852fba40cbcae9292c -> 
  custom:scripting/monoscript/fileName/PostProcessEffectSettings.cs: 2ab9d33170e863b1a9c8a9079cdd12aa -> 
  custom:scripting/monoscript/fileName/Fog.cs: 07e271953e2bcf8513b6a72a2737e767 -> 
  custom:scripting/monoscript/fileName/PostProcessManager.cs: 28ef7780d543a8111635e1f5051383d0 -> 
  custom:scripting/monoscript/fileName/VolumeFactory.cs: cc77136700c9e1ff894d234886ccb852 -> 
  custom:CustomObjectIndexerAttribute: 9a22284fe3817be447336de3de66b15e -> 
  custom:scripting/monoscript/fileName/PostProcessEvent.cs: 8fb6e54ff2cf1a8be7ecdd01fbdd78f8 -> 
  custom:scripting/monoscript/fileName/TrackballAttribute.cs: 8dea8f77de7bd03137cc578af1ea6656 -> 
  custom:scripting/monoscript/fileName/TrackballDecorator.cs: 6a2b6c747937d12d8d81be8f5b21fbd2 -> 
  custom:scripting/monoscript/fileName/MultiScaleVO.cs: d4c4732956ffb536e016475d75f04c43 -> 
  custom:scripting/monoscript/fileName/CubeLutAssetFactory.cs: db1961888d7cabf6be94b37e3b663de4 -> 
  custom:container-demuxer-webm: 4f35f7cbe854078d1ac9338744f61a02 -> 
  custom:scripting/monoscript/fileName/PostProcessVolumeEditor.cs: 7aae71821512dcac422c45dc773293c3 -> 
  custom:scripting/monoscript/fileName/ChromaticAberration.cs: 4d59e57f8324f5f986e16678ed451410 -> 
  custom:scripting/monoscript/fileName/VignetteEditor.cs: 345736fc911c5e8ab23e579751a40e4a -> 
  custom:scripting/monoscript/fileName/Styling.cs: d1c4aa14ff93670753edfbb93fc91bfe -> 
  custom:scripting/monoscript/fileName/PostProcessEffectRendererExtensions.cs: e953624d113e7e1739c702512603957d -> 
  custom:scripting/monoscript/fileName/ScalableAO.cs: 2f29d71d59b754086c809cfee1cdce34 -> 
  custom:scripting/monoscript/fileName/PostProcessLayerEditor.cs: d16de665ece05cd6e27dcc8d7bac4b9a -> 
  custom:scripting/monoscript/fileName/MinMaxAttribute.cs: a4b6ac8a4377612c7135a60f905792f1 -> 
  custom:scripting/monoscript/fileName/SubpixelMorphologicalAntialiasing.cs: 02dcb8839824addec278047da0509aea -> 
  custom:scripting/monoscript/fileName/BaseEditor.cs: 90647cc400823b41df847a6cbfc29026 -> 
  custom:container-muxer-webm: aa71ff27fc2769a1b78a27578f13a17b -> 
  custom:scripting/monoscript/fileName/ReadmeEditor.cs: ff7ced1e41c1b99ddf5dfefc88f6bd50 -> 
  custom:video-decoder-webm-vp8: 9c59270c3fd7afecdb556c50c9e8de78 -> 
  custom:SearchIndexIgnoredProperties: e643bd26f0fe6173181afceb89e7c659 -> 
  custom:scripting/monoscript/fileName/ChromaticAberrationEditor.cs: 3043bf57519b71f64b7a6de970c2487b -> 
  custom:scripting/monoscript/fileName/PostProcessEffectRenderer.cs: 577c5acf8157ecea944bb95c8c6d9a95 -> 
  custom:AudioImporter_EditorPlatform: d09bf68614088b80899f8185d706f6e7 -> 
  custom:scripting/monoscript/fileName/TextureFormatUtilities.cs: ba58c57cfaabc0f8201a9ca6902fcb23 -> 
  custom:scripting/monoscript/fileName/PostProcessVolume.cs: 3883cef4be0567c54caf457a416a2095 -> 
  custom:scripting/monoscript/fileName/LightMeterMonitor.cs: a897ae0c731cb153281aea9ecd0efb03 -> 
  custom:scripting/monoscript/fileName/ColorGradingEditor.cs: 25838050e3e1f12ef51713a5dcf60349 -> 
  custom:scripting/monoscript/fileName/AttributeDecorator.cs: 39b465f08cd0a5df82fc2ef70b766ca2 -> 
  custom:scripting/monoscript/fileName/AutoExposureEditor.cs: dfd15824649ea346b717bc72a871d75b -> 
  custom:scripting/monoscript/fileName/LensDistortion.cs: b7963bb1da21ba484a7b59b9f6ea3aec -> 
  custom:scripting/monoscript/fileName/ResourceAssetFactory.cs: bf6acc988648d854bb3c5751325d0d0a -> 
  custom:scripting/monoscript/fileName/PostProcessProfileEditor.cs: 1dcd55858a4126cb33b0f2de53c74fbe -> 
  custom:scripting/monoscript/fileName/PostProcessDebug.cs: a653e9b773649e7452b035b4ce1dae82 -> 
  custom:scripting/monoscript/fileName/PostProcessAttribute.cs: e125947bf72ce7382f3b16f75797c897 -> 
  custom:scripting/monoscript/fileName/Grain.cs: 43f09a87a88d9937fbb9c4dbf3d5508e -> 
  custom:scripting/monoscript/fileName/HistogramMonitor.cs: 6fd024409d6e9db8d4c2c4e26430c2ad -> 
  custom:scripting/monoscript/fileName/PostProcessProfile.cs: f6dc030e2e953b2ed0eca334cce5d5cf -> 
  custom:scripting/monoscript/fileName/ProfileFactory.cs: f835845dfebfed501813f60a1cb006a3 -> 
  custom:scripting/monoscript/fileName/PostProcessEffectEditor.cs: 90647cc400823b41df847a6cbfc29026 -> 
  custom:scripting/monoscript/fileName/CubeLutAssetImporter.cs: 5e94ca4c74dad11cc8880f33d0ba9efb -> 
  custom:scripting/monoscript/fileName/PostProcessBundle.cs: f610f855c8ae8b896b5084e85ede373e -> 
  custom:scripting/monoscript/fileName/ScreenSpaceReflectionsEditor.cs: 59c13ba25de6098e70bafe8be94f609a -> 
  custom:video-encoder-webm-vp8: eb34c28f22e8b96e1ab97ce403110664 -> 
  custom:scripting/monoscript/fileName/RuntimeUtilities.cs: 76964d36e50cc48cfa29643bdde8d9a5 -> 
  custom:scripting/monoscript/fileName/Bloom.cs: 6f6d579a64201b97313a62a1e91b3575 -> 
  custom:audio-decoder-ogg-vorbis: bf7c407c2cedff20999df2af8eb42d56 -> 
  custom:scripting/monoscript/fileName/AutoExposure.cs: 0e7c21b17f53209ee8c5c61ab59d7835 -> 
  custom:scripting/monoscript/fileName/VectorscopeMonitor.cs: cb70c6437b976f01b752cd219cc47f32 -> 
  custom:scripting/monoscript/fileName/PropertySheetFactory.cs: cfc4667cc03e44252fafe18d99f24b25 -> 
  custom:scripting/monoscript/fileName/EditorUtilities.cs: 53a52fb113757c42f9c516115bd845ca -> 
  custom:scripting/monoscript/fileName/HaltonSeq.cs: a7590e55d6fae5328a1c395a2473d0cf -> 
  custom:scripting/monoscript/fileName/MinAttribute.cs: a3e7473301291585f4cca024ce307406 -> 
  custom:scripting/monoscript/fileName/DepthOfField.cs: d62178d8b5619f59fcdd6d24617ef5fd -> 
  custom:scripting/monoscript/fileName/BloomEditor.cs: c341bb26b40744c3a5c2a142ac3e1051 -> 
  custom:scripting/monoscript/fileName/WaveformMonitor.cs: 609651ee3f98f206575f684e9cce655d -> 
  custom:scripting/monoscript/fileName/HableCurve.cs: f244b24d6e7c556a2de06e25b0bbf4c1 -> 
  custom:audio-encoder-webm-vorbis: bf7c407c2cedff20999df2af8eb42d56 -> 
  custom:scripting/precompiled-assembly-types:Assembly-CSharp-Editor: 313400a751e441a2d874eab7f0380857 -> 
  custom:scripting/monoscript/fileName/PropertySheet.cs: e6bb03169eca9d33ea794a47ad6ce213 -> 
  custom:scripting/monoscript/fileName/TargetPool.cs: 6d29560228134c933c12fb1c113fb6ef -> 
  custom:scripting/monoscript/fileName/LogHistogram.cs: bab913d888834a1a8572eb834acec97c -> 
  custom:scripting/monoscript/fileName/ScreenSpaceReflections.cs: 8afa07200328ddfcb2536d4180c62536 -> 
  custom:scripting/monoscript/fileName/CurveEditor.cs: f5e872b2a5a6427a1785818cb10d95d1 -> 
  custom:scripting/monoscript/fileName/PostProcessResources.cs: 5089c17a701ba9b714a1f3d25fb9a9b0 -> 
  custom:scripting/monoscript/fileName/EffectListEditor.cs: 1ecdb4094d9e64024d6eb7725a86197b -> 
========================================================================
Received Prepare
Folder 'Packages/com.unity.postprocessing/PostProcessing/Runtime/' contains multiple assembly definition files (Packages/com.unity.postprocessing/PostProcessing/Runtime/Unity.Postprocessing.Runtime.asmdef)
Folder 'Packages/com.unity.postprocessing/PostProcessing/Runtime/' contains multiple assembly definition files (Packages/com.unity.postprocessing/PostProcessing/Runtime/com.unity.postprocessing.Runtime.asmdef)
Folder 'Packages/com.unity.postprocessing/PostProcessing/Editor/' contains multiple assembly definition files (Packages/com.unity.postprocessing/PostProcessing/Editor/com.unity.postprocessing.Editor.asmdef)
Folder 'Packages/com.unity.postprocessing/PostProcessing/Editor/' contains multiple assembly definition files (Packages/com.unity.postprocessing/PostProcessing/Editor/Unity.Postprocessing.Editor.asmdef)
ArgumentException: An item with the same key has already been added. Key: d60799ab2a985554ea1a39cd38695018
  at System.Collections.Generic.Dictionary`2[TKey,TValue].TryInsert (TKey key, TValue value, System.Collections.Generic.InsertionBehavior behavior) [0x0015a] in <1071a2cb0cb3433aae80a793c277a048>:0 
  at System.Collections.Generic.Dictionary`2[TKey,TValue].Add (TKey key, TValue value) [0x00000] in <1071a2cb0cb3433aae80a793c277a048>:0 
  at System.Linq.Enumerable.ToDictionary[TSource,TKey,TElement] (TSource[] source, System.Func`2[T,TResult] keySelector, System.Func`2[T,TResult] elementSelector, System.Collections.Generic.IEqualityComparer`1[T] comparer) [0x00029] in <ea489521390f48908a7ce45cb17a6848>:0 
  at System.Linq.Enumerable.ToDictionary[TSource,TKey,TElement] (System.Collections.Generic.IEnumerable`1[T] source, System.Func`2[T,TResult] keySelector, System.Func`2[T,TResult] elementSelector, System.Collections.Generic.IEqualityComparer`1[T] comparer) [0x00051] in <ea489521390f48908a7ce45cb17a6848>:0 
  at System.Linq.Enumerable.ToDictionary[TSource,TKey,TElement] (System.Collections.Generic.IEnumerable`1[T] source, System.Func`2[T,TResult] keySelector, System.Func`2[T,TResult] elementSelector) [0x00000] in <ea489521390f48908a7ce45cb17a6848>:0 
  at UnityEditor.Scripting.ScriptCompilation.AssemblyGraphBuilder.Initialize (System.Collections.Generic.IReadOnlyCollection`1[T] assemblies, System.Collections.Generic.IReadOnlyCollection`1[T] customScriptAssemblyReferences) [0x00046] in <4b8f645257c94d1296f440a10c6f388e>:0 
  at UnityEditor.Scripting.ScriptCompilation.AssemblyGraphBuilderFactory.GetOrCreate (System.String projectPath, System.Collections.Generic.IReadOnlyCollection`1[T] assemblies, System.Collections.Generic.IReadOnlyCollection`1[T] customScriptAssemblyReferences) [0x00038] in <4b8f645257c94d1296f440a10c6f388e>:0 
  at UnityEditor.Scripting.ScriptCompilation.EditorCompilation.GetAssemblyGraphBuilder () [0x00027] in <4b8f645257c94d1296f440a10c6f388e>:0 
  at UnityEditor.Scripting.ScriptCompilation.EditorCompilation.SetAllScripts (System.String[] allScripts) [0x0000d] in <4b8f645257c94d1296f440a10c6f388e>:0 
  at UnityEditor.Scripting.ScriptCompilation.EditorCompilationInterface.SetAllScripts (System.String[] allScripts) [0x00006] in <4b8f645257c94d1296f440a10c6f388e>:0 

Caller must complete domain reload
Folder 'Packages/com.unity.postprocessing/PostProcessing/Runtime/' contains multiple assembly definition files (Packages/com.unity.postprocessing/PostProcessing/Runtime/Unity.Postprocessing.Runtime.asmdef)
Folder 'Packages/com.unity.postprocessing/PostProcessing/Runtime/' contains multiple assembly definition files (Packages/com.unity.postprocessing/PostProcessing/Runtime/com.unity.postprocessing.Runtime.asmdef)
Folder 'Packages/com.unity.postprocessing/PostProcessing/Editor/' contains multiple assembly definition files (Packages/com.unity.postprocessing/PostProcessing/Editor/com.unity.postprocessing.Editor.asmdef)
Folder 'Packages/com.unity.postprocessing/PostProcessing/Editor/' contains multiple assembly definition files (Packages/com.unity.postprocessing/PostProcessing/Editor/Unity.Postprocessing.Editor.asmdef)
ArgumentException: An item with the same key has already been added. Key: d60799ab2a985554ea1a39cd38695018
  at System.Collections.Generic.Dictionary`2[TKey,TValue].TryInsert (TKey key, TValue value, System.Collections.Generic.InsertionBehavior behavior) [0x0015a] in <1071a2cb0cb3433aae80a793c277a048>:0 
  at System.Collections.Generic.Dictionary`2[TKey,TValue].Add (TKey key, TValue value) [0x00000] in <1071a2cb0cb3433aae80a793c277a048>:0 
  at System.Linq.Enumerable.ToDictionary[TSource,TKey,TElement] (TSource[] source, System.Func`2[T,TResult] keySelector, System.Func`2[T,TResult] elementSelector, System.Collections.Generic.IEqualityComparer`1[T] comparer) [0x00029] in <ea489521390f48908a7ce45cb17a6848>:0 
  at System.Linq.Enumerable.ToDictionary[TSource,TKey,TElement] (System.Collections.Generic.IEnumerable`1[T] source, System.Func`2[T,TResult] keySelector, System.Func`2[T,TResult] elementSelector, System.Collections.Generic.IEqualityComparer`1[T] comparer) [0x00051] in <ea489521390f48908a7ce45cb17a6848>:0 
  at System.Linq.Enumerable.ToDictionary[TSource,TKey,TElement] (System.Collections.Generic.IEnumerable`1[T] source, System.Func`2[T,TResult] keySelector, System.Func`2[T,TResult] elementSelector) [0x00000] in <ea489521390f48908a7ce45cb17a6848>:0 
  at UnityEditor.Scripting.ScriptCompilation.AssemblyGraphBuilder.Initialize (System.Collections.Generic.IReadOnlyCollection`1[T] assemblies, System.Collections.Generic.IReadOnlyCollection`1[T] customScriptAssemblyReferences) [0x00046] in <4b8f645257c94d1296f440a10c6f388e>:0 
  at UnityEditor.Scripting.ScriptCompilation.AssemblyGraphBuilderFactory.GetOrCreate (System.String projectPath, System.Collections.Generic.IReadOnlyCollection`1[T] assemblies, System.Collections.Generic.IReadOnlyCollection`1[T] customScriptAssemblyReferences) [0x00038] in <4b8f645257c94d1296f440a10c6f388e>:0 
  at UnityEditor.Scripting.ScriptCompilation.EditorCompilation.GetAssemblyGraphBuilder () [0x00027] in <4b8f645257c94d1296f440a10c6f388e>:0 
  at UnityEditor.Scripting.ScriptCompilation.EditorCompilation.SetAllScripts (System.String[] allScripts) [0x0000d] in <4b8f645257c94d1296f440a10c6f388e>:0 
  at UnityEditor.Scripting.ScriptCompilation.EditorCompilationInterface.SetAllScripts (System.String[] allScripts) [0x00006] in <4b8f645257c94d1296f440a10c6f388e>:0 

Begin MonoManager ReloadAssembly
- Loaded All Assemblies, in  0.233 seconds
Native extension for WindowsStandalone target not found
Folder 'Packages/com.unity.postprocessing/PostProcessing/Runtime/' contains multiple assembly definition files (Packages/com.unity.postprocessing/PostProcessing/Runtime/Unity.Postprocessing.Runtime.asmdef)
Folder 'Packages/com.unity.postprocessing/PostProcessing/Runtime/' contains multiple assembly definition files (Packages/com.unity.postprocessing/PostProcessing/Runtime/com.unity.postprocessing.Runtime.asmdef)
Folder 'Packages/com.unity.postprocessing/PostProcessing/Editor/' contains multiple assembly definition files (Packages/com.unity.postprocessing/PostProcessing/Editor/com.unity.postprocessing.Editor.asmdef)
Folder 'Packages/com.unity.postprocessing/PostProcessing/Editor/' contains multiple assembly definition files (Packages/com.unity.postprocessing/PostProcessing/Editor/Unity.Postprocessing.Editor.asmdef)
ArgumentException: An item with the same key has already been added. Key: d60799ab2a985554ea1a39cd38695018
  at System.Collections.Generic.Dictionary`2[TKey,TValue].TryInsert (TKey key, TValue value, System.Collections.Generic.InsertionBehavior behavior) [0x0015a] in <1071a2cb0cb3433aae80a793c277a048>:0 
  at System.Collections.Generic.Dictionary`2[TKey,TValue].Add (TKey key, TValue value) [0x00000] in <1071a2cb0cb3433aae80a793c277a048>:0 
  at System.Linq.Enumerable.ToDictionary[TSource,TKey,TElement] (TSource[] source, System.Func`2[T,TResult] keySelector, System.Func`2[T,TResult] elementSelector, System.Collections.Generic.IEqualityComparer`1[T] comparer) [0x00029] in <ea489521390f48908a7ce45cb17a6848>:0 
  at System.Linq.Enumerable.ToDictionary[TSource,TKey,TElement] (System.Collections.Generic.IEnumerable`1[T] source, System.Func`2[T,TResult] keySelector, System.Func`2[T,TResult] elementSelector, System.Collections.Generic.IEqualityComparer`1[T] comparer) [0x00051] in <ea489521390f48908a7ce45cb17a6848>:0 
  at System.Linq.Enumerable.ToDictionary[TSource,TKey,TElement] (System.Collections.Generic.IEnumerable`1[T] source, System.Func`2[T,TResult] keySelector, System.Func`2[T,TResult] elementSelector) [0x00000] in <ea489521390f48908a7ce45cb17a6848>:0 
  at UnityEditor.Scripting.ScriptCompilation.AssemblyGraphBuilder.Initialize (System.Collections.Generic.IReadOnlyCollection`1[T] assemblies, System.Collections.Generic.IReadOnlyCollection`1[T] customScriptAssemblyReferences) [0x00046] in <4b8f645257c94d1296f440a10c6f388e>:0 
  at UnityEditor.Scripting.ScriptCompilation.AssemblyGraphBuilderFactory.GetOrCreate (System.String projectPath, System.Collections.Generic.IReadOnlyCollection`1[T] assemblies, System.Collections.Generic.IReadOnlyCollection`1[T] customScriptAssemblyReferences) [0x00038] in <4b8f645257c94d1296f440a10c6f388e>:0 
  at UnityEditor.Scripting.ScriptCompilation.EditorCompilation.GetAssemblyGraphBuilder () [0x00027] in <4b8f645257c94d1296f440a10c6f388e>:0 
  at UnityEditor.Scripting.ScriptCompilation.EditorCompilation.SetAllScripts (System.String[] allScripts) [0x0000d] in <4b8f645257c94d1296f440a10c6f388e>:0 
  at UnityEditor.Scripting.ScriptCompilation.EditorCompilationInterface.SetAllScripts (System.String[] allScripts) [0x00006] in <4b8f645257c94d1296f440a10c6f388e>:0 

Mono: successfully reloaded assembly
- Finished resetting the current domain, in  0.551 seconds
Domain Reload Profiling: 784ms
	BeginReloadAssembly (89ms)
		ExecutionOrderSort (0ms)
		DisableScriptedObjects (3ms)
		BackupInstance (0ms)
		ReleaseScriptingObjects (0ms)
		CreateAndSetChildDomain (20ms)
	RebuildCommonClasses (19ms)
	RebuildNativeTypeToScriptingClass (7ms)
	initialDomainReloadingComplete (14ms)
	LoadAllAssembliesAndSetupDomain (103ms)
		LoadAssemblies (140ms)
		RebuildTransferFunctionScriptingTraits (0ms)
		AnalyzeDomain (8ms)
			TypeCache.Refresh (3ms)
				TypeCache.ScanAssembly (0ms)
			ScanForSourceGeneratedMonoScriptInfo (0ms)
			ResolveRequiredComponents (3ms)
	FinalizeReload (552ms)
		ReleaseScriptCaches (0ms)
		RebuildScriptCaches (0ms)
		SetupLoadedEditorAssemblies (246ms)
			LogAssemblyErrors (0ms)
			InitializePlatformSupportModulesInManaged (3ms)
			SetLoadedEditorAssemblies (2ms)
			RefreshPlugins (0ms)
			BeforeProcessingInitializeOnLoad (37ms)
			ProcessInitializeOnLoadAttributes (191ms)
			ProcessInitializeOnLoadMethodAttributes (12ms)
			AfterProcessingInitializeOnLoad (2ms)
			EditorAssembliesLoaded (0ms)
		ExecutionOrderSort2 (0ms)
		AwakeInstancesAfterBackupRestoration (4ms)
Refreshing native plugins compatible for Editor in 1.86 ms, found 3 plugins.
Preloading 0 native plugins for Editor in 0.00 ms.
Unloading 3754 Unused Serialized files (Serialized files now loaded: 0)
Unloading 31 unused Assets / (2.6 MB). Loaded Objects now: 4374.
Memory consumption went from 152.6 MB to 150.0 MB.
Total: 3.262900 ms (FindLiveObjects: 0.240400 ms CreateObjectMapping: 0.071900 ms MarkObjects: 2.257300 ms  DeleteObjects: 0.692700 ms)

Prepare: number of updated asset objects reloaded= 0
AssetImportParameters requested are different than current active one (requested -> active):
  custom:scripting/monoscript/fileName/Decorators.cs: 4533f6715dc3f8cdabbd37ff77d1dad7 -> 
  custom:scripting/monoscript/fileName/GlobalSettings.cs: e5eb35b80bdfaee4ead1e1630fd77998 -> 
  custom:scripting/monoscript/fileName/PostProcessEffectBaseEditor.cs: 972bdf00f442be0d879dcb6868e25c8e -> 
  custom:scripting/monoscript/fileName/PostProcessRenderContext.cs: 9e034c8bf7d42a1d6c2d4339915eccb0 -> 
  custom:scripting/monoscript/fileName/Spline.cs: f8384952784bb95e08e1e29156fe4db5 -> 4e387ee563fd6b588142d262df330d27
  custom:scripting/monoscript/fileName/ColorGrading.cs: ef67493fb3cf9676ba5f25862510a595 -> 
  custom:scripting/monoscript/fileName/Monitor.cs: e0eb5d32b3aade2e0ce8680b00ac2b78 -> 
  custom:scripting/precompiled-assembly-types:Unity.Postprocessing.Runtime: 655cd018e42ac91ed9a03cfbdae17956 -> 
  custom:scripting/monoscript/fileName/TemporalAntialiasing.cs: 71e40fdab49d34f4e07f83936454d904 -> 
  custom:container-demuxer-ogg: 62fdf1f143b41e24485cea50d1cbac27 -> 
  custom:scripting/monoscript/fileName/AmbientOcclusion.cs: 7a27923f9312611f0b2898a72e3ee96a -> 
  custom:scripting/monoscript/fileName/PostProcessDebugLayer.cs: 6d8a99809398beddf11f92dfbb0e6ad4 -> 
  custom:scripting/monoscript/fileName/ColorUtilities.cs: 47918ebfa890b947a816b80444ee2882 -> 
  custom:scripting/monoscript/fileName/ParameterOverride.cs: 5475497db741ca919df708e5019e593d -> 
  custom:scripting/monoscript/fileName/TextureLerper.cs: 973e800795f77d61d647ea0c3f0cf284 -> 
  custom:scripting/precompiled-assembly-types:Unity.Postprocessing.Editor: 23b49e25b965492466cd147d7735360a -> 
  custom:scripting/monoscript/fileName/Vignette.cs: e0b99ac31b7575ef776e7be56647abb0 -> 
  custom:scripting/monoscript/fileName/DepthOfFieldEditor.cs: 64cce655bf722c851048e2ebbf401a7b -> 
  custom:scripting/monoscript/fileName/DefaultPostProcessEffectEditor.cs: 06a1d8fcea7725e08b95f21cc15fd0a1 -> 
  custom:scripting/monoscript/fileName/PostProcessLayer.cs: aa288976158dcd4c24041d5304f25d07 -> 
  custom:video-codec-MediaFoundation-h265: 746d11721c4dcdbdad8f713fa42b33f4 -> 
  custom:scripting/monoscript/fileName/MaxAttribute.cs: d661645ab8c724f24b3e19978e87b44c -> 
  custom:scripting/monoscript/fileName/PostProcessDebugEditor.cs: 1a0488d8742bf880cc7334e53e2cc73d -> 
  custom:video-decoder-ogg-theora: a1e56fd34408186e4bbccfd4996cb3dc -> 
  custom:scripting/monoscript/fileName/SerializedParameterOverride.cs: 5e4deaf96895d013d32a8e84ec179f8e -> 
  custom:scripting/monoscript/fileName/MeshUtilities.cs: dc5356b699afd34cf9728f4d65b476a0 -> 
  custom:scripting/monoscript/fileName/AmbientOcclusionEditor.cs: 61e5422c29b8f52188d508eb7d382167 -> 
  custom:scripting/monoscript/fileName/FastApproximateAntialiasing.cs: bf5588b2deec2689a812a7d2eacd9bd5 -> 
  custom:scripting/monoscript/fileName/MotionBlur.cs: 823914e335803785a19e5990c6ab2911 -> 
  custom:scripting/monoscript/fileName/DefineSetter.cs: 292ba08e52064b1a72f8d4bb04301dd3 -> 
  custom:framework-win-MediaFoundation: 216162199b28c13a410421893ffa2e32 -> 
  custom:scripting/monoscript/fileName/ShaderIDs.cs: 96024f1f873475da65a783f1404f9117 -> 
  custom:scripting/monoscript/fileName/PostProcessEditorAttribute.cs: 672a58b4d5bab60112487a31c361c481 -> 
  custom:scripting/monoscript/fileName/LensDistortionEditor.cs: dee045d29944d55e8040435a58a7ce90 -> 
  custom:scripting/monoscript/fileName/MotionBlurEditor.cs: 3bd8d3e7e9a7ea94beb2e5517b62d27b -> 
  custom:scripting/monoscript/fileName/Dithering.cs: 3014fffaa718d0ad6dd2c7bb7956ed46 -> 
  custom:scripting/monoscript/fileName/DecoratorAttribute.cs: be5bd39119e1a41ea1a019fdb3818a3f -> 
  custom:scripting/monoscript/fileName/DisplayNameAttribute.cs: 935a6ac504eb8a852fba40cbcae9292c -> 
  custom:scripting/monoscript/fileName/PostProcessEffectSettings.cs: 2ab9d33170e863b1a9c8a9079cdd12aa -> 
  custom:scripting/monoscript/fileName/Fog.cs: 07e271953e2bcf8513b6a72a2737e767 -> 
  custom:scripting/monoscript/fileName/PostProcessManager.cs: 28ef7780d543a8111635e1f5051383d0 -> 
  custom:scripting/monoscript/fileName/VolumeFactory.cs: cc77136700c9e1ff894d234886ccb852 -> 
  custom:CustomObjectIndexerAttribute: 9a22284fe3817be447336de3de66b15e -> 
  custom:scripting/monoscript/fileName/PostProcessEvent.cs: 8fb6e54ff2cf1a8be7ecdd01fbdd78f8 -> 
  custom:scripting/monoscript/fileName/TrackballAttribute.cs: 8dea8f77de7bd03137cc578af1ea6656 -> 
  custom:scripting/monoscript/fileName/TrackballDecorator.cs: 6a2b6c747937d12d8d81be8f5b21fbd2 -> 
  custom:scripting/monoscript/fileName/MultiScaleVO.cs: d4c4732956ffb536e016475d75f04c43 -> 
  custom:scripting/monoscript/fileName/CubeLutAssetFactory.cs: db1961888d7cabf6be94b37e3b663de4 -> 
  custom:container-demuxer-webm: 4f35f7cbe854078d1ac9338744f61a02 -> 
  custom:scripting/monoscript/fileName/PostProcessVolumeEditor.cs: 7aae71821512dcac422c45dc773293c3 -> 
  custom:scripting/monoscript/fileName/ChromaticAberration.cs: 4d59e57f8324f5f986e16678ed451410 -> 
  custom:scripting/monoscript/fileName/VignetteEditor.cs: 345736fc911c5e8ab23e579751a40e4a -> 
  custom:scripting/monoscript/fileName/Styling.cs: d1c4aa14ff93670753edfbb93fc91bfe -> 
  custom:scripting/monoscript/fileName/PostProcessEffectRendererExtensions.cs: e953624d113e7e1739c702512603957d -> 
  custom:scripting/monoscript/fileName/ScalableAO.cs: 2f29d71d59b754086c809cfee1cdce34 -> 
  custom:scripting/monoscript/fileName/PostProcessLayerEditor.cs: d16de665ece05cd6e27dcc8d7bac4b9a -> 
  custom:scripting/monoscript/fileName/MinMaxAttribute.cs: a4b6ac8a4377612c7135a60f905792f1 -> 
  custom:scripting/monoscript/fileName/SubpixelMorphologicalAntialiasing.cs: 02dcb8839824addec278047da0509aea -> 
  custom:scripting/monoscript/fileName/BaseEditor.cs: 90647cc400823b41df847a6cbfc29026 -> 
  custom:container-muxer-webm: aa71ff27fc2769a1b78a27578f13a17b -> 
  custom:scripting/monoscript/fileName/ReadmeEditor.cs: ff7ced1e41c1b99ddf5dfefc88f6bd50 -> 
  custom:video-decoder-webm-vp8: 9c59270c3fd7afecdb556c50c9e8de78 -> 
  custom:SearchIndexIgnoredProperties: e643bd26f0fe6173181afceb89e7c659 -> 
  custom:scripting/monoscript/fileName/ChromaticAberrationEditor.cs: 3043bf57519b71f64b7a6de970c2487b -> 
  custom:scripting/monoscript/fileName/PostProcessEffectRenderer.cs: 577c5acf8157ecea944bb95c8c6d9a95 -> 
  custom:AudioImporter_EditorPlatform: d09bf68614088b80899f8185d706f6e7 -> 
  custom:scripting/monoscript/fileName/TextureFormatUtilities.cs: ba58c57cfaabc0f8201a9ca6902fcb23 -> 
  custom:scripting/monoscript/fileName/PostProcessVolume.cs: 3883cef4be0567c54caf457a416a2095 -> 
  custom:scripting/monoscript/fileName/LightMeterMonitor.cs: a897ae0c731cb153281aea9ecd0efb03 -> 
  custom:scripting/monoscript/fileName/ColorGradingEditor.cs: 25838050e3e1f12ef51713a5dcf60349 -> 
  custom:scripting/monoscript/fileName/AttributeDecorator.cs: 39b465f08cd0a5df82fc2ef70b766ca2 -> 
  custom:scripting/monoscript/fileName/AutoExposureEditor.cs: dfd15824649ea346b717bc72a871d75b -> 
  custom:scripting/monoscript/fileName/LensDistortion.cs: b7963bb1da21ba484a7b59b9f6ea3aec -> 
  custom:scripting/monoscript/fileName/ResourceAssetFactory.cs: bf6acc988648d854bb3c5751325d0d0a -> 
  custom:scripting/monoscript/fileName/PostProcessProfileEditor.cs: 1dcd55858a4126cb33b0f2de53c74fbe -> 
  custom:scripting/monoscript/fileName/PostProcessDebug.cs: a653e9b773649e7452b035b4ce1dae82 -> 
  custom:scripting/monoscript/fileName/PostProcessAttribute.cs: e125947bf72ce7382f3b16f75797c897 -> 
  custom:scripting/monoscript/fileName/Grain.cs: 43f09a87a88d9937fbb9c4dbf3d5508e -> 
  custom:scripting/monoscript/fileName/HistogramMonitor.cs: 6fd024409d6e9db8d4c2c4e26430c2ad -> 
  custom:scripting/monoscript/fileName/PostProcessProfile.cs: f6dc030e2e953b2ed0eca334cce5d5cf -> 
  custom:scripting/monoscript/fileName/ProfileFactory.cs: f835845dfebfed501813f60a1cb006a3 -> 
  custom:scripting/monoscript/fileName/PostProcessEffectEditor.cs: 90647cc400823b41df847a6cbfc29026 -> 
  custom:scripting/monoscript/fileName/CubeLutAssetImporter.cs: 5e94ca4c74dad11cc8880f33d0ba9efb -> 
  custom:scripting/monoscript/fileName/PostProcessBundle.cs: f610f855c8ae8b896b5084e85ede373e -> 
  custom:scripting/monoscript/fileName/ScreenSpaceReflectionsEditor.cs: 59c13ba25de6098e70bafe8be94f609a -> 
  custom:video-encoder-webm-vp8: eb34c28f22e8b96e1ab97ce403110664 -> 
  custom:scripting/monoscript/fileName/RuntimeUtilities.cs: 76964d36e50cc48cfa29643bdde8d9a5 -> 
  custom:scripting/monoscript/fileName/Bloom.cs: 6f6d579a64201b97313a62a1e91b3575 -> 
  custom:audio-decoder-ogg-vorbis: bf7c407c2cedff20999df2af8eb42d56 -> 
  custom:scripting/monoscript/fileName/AutoExposure.cs: 0e7c21b17f53209ee8c5c61ab59d7835 -> 
  custom:scripting/monoscript/fileName/VectorscopeMonitor.cs: cb70c6437b976f01b752cd219cc47f32 -> 
  custom:scripting/monoscript/fileName/PropertySheetFactory.cs: cfc4667cc03e44252fafe18d99f24b25 -> 
  custom:scripting/monoscript/fileName/EditorUtilities.cs: 53a52fb113757c42f9c516115bd845ca -> 
  custom:scripting/monoscript/fileName/HaltonSeq.cs: a7590e55d6fae5328a1c395a2473d0cf -> 
  custom:scripting/monoscript/fileName/MinAttribute.cs: a3e7473301291585f4cca024ce307406 -> 
  custom:scripting/monoscript/fileName/DepthOfField.cs: d62178d8b5619f59fcdd6d24617ef5fd -> 
  custom:scripting/monoscript/fileName/BloomEditor.cs: c341bb26b40744c3a5c2a142ac3e1051 -> 
  custom:scripting/monoscript/fileName/WaveformMonitor.cs: 609651ee3f98f206575f684e9cce655d -> 
  custom:scripting/monoscript/fileName/HableCurve.cs: f244b24d6e7c556a2de06e25b0bbf4c1 -> 
  custom:audio-encoder-webm-vorbis: bf7c407c2cedff20999df2af8eb42d56 -> 
  custom:scripting/precompiled-assembly-types:Assembly-CSharp-Editor: 313400a751e441a2d874eab7f0380857 -> 
  custom:scripting/monoscript/fileName/PropertySheet.cs: e6bb03169eca9d33ea794a47ad6ce213 -> 
  custom:scripting/monoscript/fileName/TargetPool.cs: 6d29560228134c933c12fb1c113fb6ef -> 
  custom:scripting/monoscript/fileName/LogHistogram.cs: bab913d888834a1a8572eb834acec97c -> 
  custom:scripting/monoscript/fileName/ScreenSpaceReflections.cs: 8afa07200328ddfcb2536d4180c62536 -> 
  custom:scripting/monoscript/fileName/CurveEditor.cs: f5e872b2a5a6427a1785818cb10d95d1 -> 
  custom:scripting/monoscript/fileName/PostProcessResources.cs: 5089c17a701ba9b714a1f3d25fb9a9b0 -> 
  custom:scripting/monoscript/fileName/EffectListEditor.cs: 1ecdb4094d9e64024d6eb7725a86197b -> 
========================================================================
Received Prepare
Folder 'Packages/com.unity.postprocessing/PostProcessing/Runtime/' contains multiple assembly definition files (Packages/com.unity.postprocessing/PostProcessing/Runtime/Unity.Postprocessing.Runtime.asmdef)
Folder 'Packages/com.unity.postprocessing/PostProcessing/Runtime/' contains multiple assembly definition files (Packages/com.unity.postprocessing/PostProcessing/Runtime/com.unity.postprocessing.Runtime.asmdef)
Folder 'Packages/com.unity.postprocessing/PostProcessing/Editor/' contains multiple assembly definition files (Packages/com.unity.postprocessing/PostProcessing/Editor/com.unity.postprocessing.Editor.asmdef)
Folder 'Packages/com.unity.postprocessing/PostProcessing/Editor/' contains multiple assembly definition files (Packages/com.unity.postprocessing/PostProcessing/Editor/Unity.Postprocessing.Editor.asmdef)
ArgumentException: An item with the same key has already been added. Key: d60799ab2a985554ea1a39cd38695018
  at System.Collections.Generic.Dictionary`2[TKey,TValue].TryInsert (TKey key, TValue value, System.Collections.Generic.InsertionBehavior behavior) [0x0015a] in <1071a2cb0cb3433aae80a793c277a048>:0 
  at System.Collections.Generic.Dictionary`2[TKey,TValue].Add (TKey key, TValue value) [0x00000] in <1071a2cb0cb3433aae80a793c277a048>:0 
  at System.Linq.Enumerable.ToDictionary[TSource,TKey,TElement] (TSource[] source, System.Func`2[T,TResult] keySelector, System.Func`2[T,TResult] elementSelector, System.Collections.Generic.IEqualityComparer`1[T] comparer) [0x00029] in <ea489521390f48908a7ce45cb17a6848>:0 
  at System.Linq.Enumerable.ToDictionary[TSource,TKey,TElement] (System.Collections.Generic.IEnumerable`1[T] source, System.Func`2[T,TResult] keySelector, System.Func`2[T,TResult] elementSelector, System.Collections.Generic.IEqualityComparer`1[T] comparer) [0x00051] in <ea489521390f48908a7ce45cb17a6848>:0 
  at System.Linq.Enumerable.ToDictionary[TSource,TKey,TElement] (System.Collections.Generic.IEnumerable`1[T] source, System.Func`2[T,TResult] keySelector, System.Func`2[T,TResult] elementSelector) [0x00000] in <ea489521390f48908a7ce45cb17a6848>:0 
  at UnityEditor.Scripting.ScriptCompilation.AssemblyGraphBuilder.Initialize (System.Collections.Generic.IReadOnlyCollection`1[T] assemblies, System.Collections.Generic.IReadOnlyCollection`1[T] customScriptAssemblyReferences) [0x00046] in <4b8f645257c94d1296f440a10c6f388e>:0 
  at UnityEditor.Scripting.ScriptCompilation.AssemblyGraphBuilderFactory.GetOrCreate (System.String projectPath, System.Collections.Generic.IReadOnlyCollection`1[T] assemblies, System.Collections.Generic.IReadOnlyCollection`1[T] customScriptAssemblyReferences) [0x00038] in <4b8f645257c94d1296f440a10c6f388e>:0 
  at UnityEditor.Scripting.ScriptCompilation.EditorCompilation.GetAssemblyGraphBuilder () [0x00027] in <4b8f645257c94d1296f440a10c6f388e>:0 
  at UnityEditor.Scripting.ScriptCompilation.EditorCompilation.SetAllScripts (System.String[] allScripts) [0x0000d] in <4b8f645257c94d1296f440a10c6f388e>:0 
  at UnityEditor.Scripting.ScriptCompilation.EditorCompilationInterface.SetAllScripts (System.String[] allScripts) [0x00006] in <4b8f645257c94d1296f440a10c6f388e>:0 

Caller must complete domain reload
Folder 'Packages/com.unity.postprocessing/PostProcessing/Runtime/' contains multiple assembly definition files (Packages/com.unity.postprocessing/PostProcessing/Runtime/Unity.Postprocessing.Runtime.asmdef)
Folder 'Packages/com.unity.postprocessing/PostProcessing/Runtime/' contains multiple assembly definition files (Packages/com.unity.postprocessing/PostProcessing/Runtime/com.unity.postprocessing.Runtime.asmdef)
Folder 'Packages/com.unity.postprocessing/PostProcessing/Editor/' contains multiple assembly definition files (Packages/com.unity.postprocessing/PostProcessing/Editor/com.unity.postprocessing.Editor.asmdef)
Folder 'Packages/com.unity.postprocessing/PostProcessing/Editor/' contains multiple assembly definition files (Packages/com.unity.postprocessing/PostProcessing/Editor/Unity.Postprocessing.Editor.asmdef)
ArgumentException: An item with the same key has already been added. Key: d60799ab2a985554ea1a39cd38695018
  at System.Collections.Generic.Dictionary`2[TKey,TValue].TryInsert (TKey key, TValue value, System.Collections.Generic.InsertionBehavior behavior) [0x0015a] in <1071a2cb0cb3433aae80a793c277a048>:0 
  at System.Collections.Generic.Dictionary`2[TKey,TValue].Add (TKey key, TValue value) [0x00000] in <1071a2cb0cb3433aae80a793c277a048>:0 
  at System.Linq.Enumerable.ToDictionary[TSource,TKey,TElement] (TSource[] source, System.Func`2[T,TResult] keySelector, System.Func`2[T,TResult] elementSelector, System.Collections.Generic.IEqualityComparer`1[T] comparer) [0x00029] in <ea489521390f48908a7ce45cb17a6848>:0 
  at System.Linq.Enumerable.ToDictionary[TSource,TKey,TElement] (System.Collections.Generic.IEnumerable`1[T] source, System.Func`2[T,TResult] keySelector, System.Func`2[T,TResult] elementSelector, System.Collections.Generic.IEqualityComparer`1[T] comparer) [0x00051] in <ea489521390f48908a7ce45cb17a6848>:0 
  at System.Linq.Enumerable.ToDictionary[TSource,TKey,TElement] (System.Collections.Generic.IEnumerable`1[T] source, System.Func`2[T,TResult] keySelector, System.Func`2[T,TResult] elementSelector) [0x00000] in <ea489521390f48908a7ce45cb17a6848>:0 
  at UnityEditor.Scripting.ScriptCompilation.AssemblyGraphBuilder.Initialize (System.Collections.Generic.IReadOnlyCollection`1[T] assemblies, System.Collections.Generic.IReadOnlyCollection`1[T] customScriptAssemblyReferences) [0x00046] in <4b8f645257c94d1296f440a10c6f388e>:0 
  at UnityEditor.Scripting.ScriptCompilation.AssemblyGraphBuilderFactory.GetOrCreate (System.String projectPath, System.Collections.Generic.IReadOnlyCollection`1[T] assemblies, System.Collections.Generic.IReadOnlyCollection`1[T] customScriptAssemblyReferences) [0x00038] in <4b8f645257c94d1296f440a10c6f388e>:0 
  at UnityEditor.Scripting.ScriptCompilation.EditorCompilation.GetAssemblyGraphBuilder () [0x00027] in <4b8f645257c94d1296f440a10c6f388e>:0 
  at UnityEditor.Scripting.ScriptCompilation.EditorCompilation.SetAllScripts (System.String[] allScripts) [0x0000d] in <4b8f645257c94d1296f440a10c6f388e>:0 
  at UnityEditor.Scripting.ScriptCompilation.EditorCompilationInterface.SetAllScripts (System.String[] allScripts) [0x00006] in <4b8f645257c94d1296f440a10c6f388e>:0 

Begin MonoManager ReloadAssembly
- Loaded All Assemblies, in  0.238 seconds
Native extension for WindowsStandalone target not found
Folder 'Packages/com.unity.postprocessing/PostProcessing/Runtime/' contains multiple assembly definition files (Packages/com.unity.postprocessing/PostProcessing/Runtime/Unity.Postprocessing.Runtime.asmdef)
Folder 'Packages/com.unity.postprocessing/PostProcessing/Runtime/' contains multiple assembly definition files (Packages/com.unity.postprocessing/PostProcessing/Runtime/com.unity.postprocessing.Runtime.asmdef)
Folder 'Packages/com.unity.postprocessing/PostProcessing/Editor/' contains multiple assembly definition files (Packages/com.unity.postprocessing/PostProcessing/Editor/com.unity.postprocessing.Editor.asmdef)
Folder 'Packages/com.unity.postprocessing/PostProcessing/Editor/' contains multiple assembly definition files (Packages/com.unity.postprocessing/PostProcessing/Editor/Unity.Postprocessing.Editor.asmdef)
ArgumentException: An item with the same key has already been added. Key: d60799ab2a985554ea1a39cd38695018
  at System.Collections.Generic.Dictionary`2[TKey,TValue].TryInsert (TKey key, TValue value, System.Collections.Generic.InsertionBehavior behavior) [0x0015a] in <1071a2cb0cb3433aae80a793c277a048>:0 
  at System.Collections.Generic.Dictionary`2[TKey,TValue].Add (TKey key, TValue value) [0x00000] in <1071a2cb0cb3433aae80a793c277a048>:0 
  at System.Linq.Enumerable.ToDictionary[TSource,TKey,TElement] (TSource[] source, System.Func`2[T,TResult] keySelector, System.Func`2[T,TResult] elementSelector, System.Collections.Generic.IEqualityComparer`1[T] comparer) [0x00029] in <ea489521390f48908a7ce45cb17a6848>:0 
  at System.Linq.Enumerable.ToDictionary[TSource,TKey,TElement] (System.Collections.Generic.IEnumerable`1[T] source, System.Func`2[T,TResult] keySelector, System.Func`2[T,TResult] elementSelector, System.Collections.Generic.IEqualityComparer`1[T] comparer) [0x00051] in <ea489521390f48908a7ce45cb17a6848>:0 
  at System.Linq.Enumerable.ToDictionary[TSource,TKey,TElement] (System.Collections.Generic.IEnumerable`1[T] source, System.Func`2[T,TResult] keySelector, System.Func`2[T,TResult] elementSelector) [0x00000] in <ea489521390f48908a7ce45cb17a6848>:0 
  at UnityEditor.Scripting.ScriptCompilation.AssemblyGraphBuilder.Initialize (System.Collections.Generic.IReadOnlyCollection`1[T] assemblies, System.Collections.Generic.IReadOnlyCollection`1[T] customScriptAssemblyReferences) [0x00046] in <4b8f645257c94d1296f440a10c6f388e>:0 
  at UnityEditor.Scripting.ScriptCompilation.AssemblyGraphBuilderFactory.GetOrCreate (System.String projectPath, System.Collections.Generic.IReadOnlyCollection`1[T] assemblies, System.Collections.Generic.IReadOnlyCollection`1[T] customScriptAssemblyReferences) [0x00038] in <4b8f645257c94d1296f440a10c6f388e>:0 
  at UnityEditor.Scripting.ScriptCompilation.EditorCompilation.GetAssemblyGraphBuilder () [0x00027] in <4b8f645257c94d1296f440a10c6f388e>:0 
  at UnityEditor.Scripting.ScriptCompilation.EditorCompilation.SetAllScripts (System.String[] allScripts) [0x0000d] in <4b8f645257c94d1296f440a10c6f388e>:0 
  at UnityEditor.Scripting.ScriptCompilation.EditorCompilationInterface.SetAllScripts (System.String[] allScripts) [0x00006] in <4b8f645257c94d1296f440a10c6f388e>:0 

Mono: successfully reloaded assembly
- Finished resetting the current domain, in  0.592 seconds
Domain Reload Profiling: 830ms
	BeginReloadAssembly (91ms)
		ExecutionOrderSort (0ms)
		DisableScriptedObjects (2ms)
		BackupInstance (0ms)
		ReleaseScriptingObjects (0ms)
		CreateAndSetChildDomain (20ms)
	RebuildCommonClasses (18ms)
	RebuildNativeTypeToScriptingClass (7ms)
	initialDomainReloadingComplete (14ms)
	LoadAllAssembliesAndSetupDomain (109ms)
		LoadAssemblies (148ms)
		RebuildTransferFunctionScriptingTraits (0ms)
		AnalyzeDomain (8ms)
			TypeCache.Refresh (3ms)
				TypeCache.ScanAssembly (0ms)
			ScanForSourceGeneratedMonoScriptInfo (0ms)
			ResolveRequiredComponents (3ms)
	FinalizeReload (592ms)
		ReleaseScriptCaches (0ms)
		RebuildScriptCaches (0ms)
		SetupLoadedEditorAssemblies (262ms)
			LogAssemblyErrors (0ms)
			InitializePlatformSupportModulesInManaged (3ms)
			SetLoadedEditorAssemblies (2ms)
			RefreshPlugins (0ms)
			BeforeProcessingInitializeOnLoad (40ms)
			ProcessInitializeOnLoadAttributes (201ms)
			ProcessInitializeOnLoadMethodAttributes (15ms)
			AfterProcessingInitializeOnLoad (2ms)
			EditorAssembliesLoaded (0ms)
		ExecutionOrderSort2 (0ms)
		AwakeInstancesAfterBackupRestoration (5ms)
Refreshing native plugins compatible for Editor in 2.32 ms, found 3 plugins.
Preloading 0 native plugins for Editor in 0.00 ms.
Unloading 3754 Unused Serialized files (Serialized files now loaded: 0)
Unloading 31 unused Assets / (2.6 MB). Loaded Objects now: 4378.
Memory consumption went from 152.6 MB to 150.0 MB.
Total: 3.119400 ms (FindLiveObjects: 0.278700 ms CreateObjectMapping: 0.109700 ms MarkObjects: 2.139800 ms  DeleteObjects: 0.590500 ms)

Prepare: number of updated asset objects reloaded= 0
AssetImportParameters requested are different than current active one (requested -> active):
  custom:scripting/monoscript/fileName/Decorators.cs: 4533f6715dc3f8cdabbd37ff77d1dad7 -> 
  custom:scripting/monoscript/fileName/GlobalSettings.cs: e5eb35b80bdfaee4ead1e1630fd77998 -> 
  custom:scripting/monoscript/fileName/PostProcessEffectBaseEditor.cs: 972bdf00f442be0d879dcb6868e25c8e -> 
  custom:scripting/monoscript/fileName/PostProcessRenderContext.cs: 9e034c8bf7d42a1d6c2d4339915eccb0 -> 
  custom:scripting/monoscript/fileName/Spline.cs: f8384952784bb95e08e1e29156fe4db5 -> 4e387ee563fd6b588142d262df330d27
  custom:scripting/monoscript/fileName/ColorGrading.cs: ef67493fb3cf9676ba5f25862510a595 -> 
  custom:scripting/monoscript/fileName/Monitor.cs: e0eb5d32b3aade2e0ce8680b00ac2b78 -> 
  custom:scripting/precompiled-assembly-types:Unity.Postprocessing.Runtime: 655cd018e42ac91ed9a03cfbdae17956 -> 
  custom:scripting/monoscript/fileName/TemporalAntialiasing.cs: 71e40fdab49d34f4e07f83936454d904 -> 
  custom:container-demuxer-ogg: 62fdf1f143b41e24485cea50d1cbac27 -> 
  custom:scripting/monoscript/fileName/AmbientOcclusion.cs: 7a27923f9312611f0b2898a72e3ee96a -> 
  custom:scripting/monoscript/fileName/PostProcessDebugLayer.cs: 6d8a99809398beddf11f92dfbb0e6ad4 -> 
  custom:scripting/monoscript/fileName/ColorUtilities.cs: 47918ebfa890b947a816b80444ee2882 -> 
  custom:scripting/monoscript/fileName/ParameterOverride.cs: 5475497db741ca919df708e5019e593d -> 
  custom:scripting/monoscript/fileName/TextureLerper.cs: 973e800795f77d61d647ea0c3f0cf284 -> 
  custom:scripting/precompiled-assembly-types:Unity.Postprocessing.Editor: 23b49e25b965492466cd147d7735360a -> 
  custom:scripting/monoscript/fileName/Vignette.cs: e0b99ac31b7575ef776e7be56647abb0 -> 
  custom:scripting/monoscript/fileName/DepthOfFieldEditor.cs: 64cce655bf722c851048e2ebbf401a7b -> 
  custom:scripting/monoscript/fileName/DefaultPostProcessEffectEditor.cs: 06a1d8fcea7725e08b95f21cc15fd0a1 -> 
  custom:scripting/monoscript/fileName/PostProcessLayer.cs: aa288976158dcd4c24041d5304f25d07 -> 
  custom:video-codec-MediaFoundation-h265: 746d11721c4dcdbdad8f713fa42b33f4 -> 
  custom:scripting/monoscript/fileName/MaxAttribute.cs: d661645ab8c724f24b3e19978e87b44c -> 
  custom:scripting/monoscript/fileName/PostProcessDebugEditor.cs: 1a0488d8742bf880cc7334e53e2cc73d -> 
  custom:video-decoder-ogg-theora: a1e56fd34408186e4bbccfd4996cb3dc -> 
  custom:scripting/monoscript/fileName/SerializedParameterOverride.cs: 5e4deaf96895d013d32a8e84ec179f8e -> 
  custom:scripting/monoscript/fileName/MeshUtilities.cs: dc5356b699afd34cf9728f4d65b476a0 -> 
  custom:scripting/monoscript/fileName/AmbientOcclusionEditor.cs: 61e5422c29b8f52188d508eb7d382167 -> 
  custom:scripting/monoscript/fileName/FastApproximateAntialiasing.cs: bf5588b2deec2689a812a7d2eacd9bd5 -> 
  custom:scripting/monoscript/fileName/MotionBlur.cs: 823914e335803785a19e5990c6ab2911 -> 
  custom:scripting/monoscript/fileName/DefineSetter.cs: 292ba08e52064b1a72f8d4bb04301dd3 -> 
  custom:framework-win-MediaFoundation: 216162199b28c13a410421893ffa2e32 -> 
  custom:scripting/monoscript/fileName/ShaderIDs.cs: 96024f1f873475da65a783f1404f9117 -> 
  custom:scripting/monoscript/fileName/PostProcessEditorAttribute.cs: 672a58b4d5bab60112487a31c361c481 -> 
  custom:scripting/monoscript/fileName/LensDistortionEditor.cs: dee045d29944d55e8040435a58a7ce90 -> 
  custom:scripting/monoscript/fileName/MotionBlurEditor.cs: 3bd8d3e7e9a7ea94beb2e5517b62d27b -> 
  custom:scripting/monoscript/fileName/Dithering.cs: 3014fffaa718d0ad6dd2c7bb7956ed46 -> 
  custom:scripting/monoscript/fileName/DecoratorAttribute.cs: be5bd39119e1a41ea1a019fdb3818a3f -> 
  custom:scripting/monoscript/fileName/DisplayNameAttribute.cs: 935a6ac504eb8a852fba40cbcae9292c -> 
  custom:scripting/monoscript/fileName/PostProcessEffectSettings.cs: 2ab9d33170e863b1a9c8a9079cdd12aa -> 
  custom:scripting/monoscript/fileName/Fog.cs: 07e271953e2bcf8513b6a72a2737e767 -> 
  custom:scripting/monoscript/fileName/PostProcessManager.cs: 28ef7780d543a8111635e1f5051383d0 -> 
  custom:scripting/monoscript/fileName/VolumeFactory.cs: cc77136700c9e1ff894d234886ccb852 -> 
  custom:CustomObjectIndexerAttribute: 9a22284fe3817be447336de3de66b15e -> 
  custom:scripting/monoscript/fileName/PostProcessEvent.cs: 8fb6e54ff2cf1a8be7ecdd01fbdd78f8 -> 
  custom:scripting/monoscript/fileName/TrackballAttribute.cs: 8dea8f77de7bd03137cc578af1ea6656 -> 
  custom:scripting/monoscript/fileName/TrackballDecorator.cs: 6a2b6c747937d12d8d81be8f5b21fbd2 -> 
  custom:scripting/monoscript/fileName/MultiScaleVO.cs: d4c4732956ffb536e016475d75f04c43 -> 
  custom:scripting/monoscript/fileName/CubeLutAssetFactory.cs: db1961888d7cabf6be94b37e3b663de4 -> 
  custom:container-demuxer-webm: 4f35f7cbe854078d1ac9338744f61a02 -> 
  custom:scripting/monoscript/fileName/PostProcessVolumeEditor.cs: 7aae71821512dcac422c45dc773293c3 -> 
  custom:scripting/monoscript/fileName/ChromaticAberration.cs: 4d59e57f8324f5f986e16678ed451410 -> 
  custom:scripting/monoscript/fileName/VignetteEditor.cs: 345736fc911c5e8ab23e579751a40e4a -> 
  custom:scripting/monoscript/fileName/Styling.cs: d1c4aa14ff93670753edfbb93fc91bfe -> 
  custom:scripting/monoscript/fileName/PostProcessEffectRendererExtensions.cs: e953624d113e7e1739c702512603957d -> 
  custom:scripting/monoscript/fileName/ScalableAO.cs: 2f29d71d59b754086c809cfee1cdce34 -> 
  custom:scripting/monoscript/fileName/PostProcessLayerEditor.cs: d16de665ece05cd6e27dcc8d7bac4b9a -> 
  custom:scripting/monoscript/fileName/MinMaxAttribute.cs: a4b6ac8a4377612c7135a60f905792f1 -> 
  custom:scripting/monoscript/fileName/SubpixelMorphologicalAntialiasing.cs: 02dcb8839824addec278047da0509aea -> 
  custom:scripting/monoscript/fileName/BaseEditor.cs: 90647cc400823b41df847a6cbfc29026 -> 
  custom:container-muxer-webm: aa71ff27fc2769a1b78a27578f13a17b -> 
  custom:scripting/monoscript/fileName/ReadmeEditor.cs: ff7ced1e41c1b99ddf5dfefc88f6bd50 -> 
  custom:video-decoder-webm-vp8: 9c59270c3fd7afecdb556c50c9e8de78 -> 
  custom:SearchIndexIgnoredProperties: e643bd26f0fe6173181afceb89e7c659 -> 
  custom:scripting/monoscript/fileName/ChromaticAberrationEditor.cs: 3043bf57519b71f64b7a6de970c2487b -> 
  custom:scripting/monoscript/fileName/PostProcessEffectRenderer.cs: 577c5acf8157ecea944bb95c8c6d9a95 -> 
  custom:AudioImporter_EditorPlatform: d09bf68614088b80899f8185d706f6e7 -> 
  custom:scripting/monoscript/fileName/TextureFormatUtilities.cs: ba58c57cfaabc0f8201a9ca6902fcb23 -> 
  custom:scripting/monoscript/fileName/PostProcessVolume.cs: 3883cef4be0567c54caf457a416a2095 -> 
  custom:scripting/monoscript/fileName/LightMeterMonitor.cs: a897ae0c731cb153281aea9ecd0efb03 -> 
  custom:scripting/monoscript/fileName/ColorGradingEditor.cs: 25838050e3e1f12ef51713a5dcf60349 -> 
  custom:scripting/monoscript/fileName/AttributeDecorator.cs: 39b465f08cd0a5df82fc2ef70b766ca2 -> 
  custom:scripting/monoscript/fileName/AutoExposureEditor.cs: dfd15824649ea346b717bc72a871d75b -> 
  custom:scripting/monoscript/fileName/LensDistortion.cs: b7963bb1da21ba484a7b59b9f6ea3aec -> 
  custom:scripting/monoscript/fileName/ResourceAssetFactory.cs: bf6acc988648d854bb3c5751325d0d0a -> 
  custom:scripting/monoscript/fileName/PostProcessProfileEditor.cs: 1dcd55858a4126cb33b0f2de53c74fbe -> 
  custom:scripting/monoscript/fileName/PostProcessDebug.cs: a653e9b773649e7452b035b4ce1dae82 -> 
  custom:scripting/monoscript/fileName/PostProcessAttribute.cs: e125947bf72ce7382f3b16f75797c897 -> 
  custom:scripting/monoscript/fileName/Grain.cs: 43f09a87a88d9937fbb9c4dbf3d5508e -> 
  custom:scripting/monoscript/fileName/HistogramMonitor.cs: 6fd024409d6e9db8d4c2c4e26430c2ad -> 
  custom:scripting/monoscript/fileName/PostProcessProfile.cs: f6dc030e2e953b2ed0eca334cce5d5cf -> 
  custom:scripting/monoscript/fileName/ProfileFactory.cs: f835845dfebfed501813f60a1cb006a3 -> 
  custom:scripting/monoscript/fileName/PostProcessEffectEditor.cs: 90647cc400823b41df847a6cbfc29026 -> 
  custom:scripting/monoscript/fileName/CubeLutAssetImporter.cs: 5e94ca4c74dad11cc8880f33d0ba9efb -> 
  custom:scripting/monoscript/fileName/PostProcessBundle.cs: f610f855c8ae8b896b5084e85ede373e -> 
  custom:scripting/monoscript/fileName/ScreenSpaceReflectionsEditor.cs: 59c13ba25de6098e70bafe8be94f609a -> 
  custom:video-encoder-webm-vp8: eb34c28f22e8b96e1ab97ce403110664 -> 
  custom:scripting/monoscript/fileName/RuntimeUtilities.cs: 76964d36e50cc48cfa29643bdde8d9a5 -> 
  custom:scripting/monoscript/fileName/Bloom.cs: 6f6d579a64201b97313a62a1e91b3575 -> 
  custom:audio-decoder-ogg-vorbis: bf7c407c2cedff20999df2af8eb42d56 -> 
  custom:scripting/monoscript/fileName/AutoExposure.cs: 0e7c21b17f53209ee8c5c61ab59d7835 -> 
  custom:scripting/monoscript/fileName/VectorscopeMonitor.cs: cb70c6437b976f01b752cd219cc47f32 -> 
  custom:scripting/monoscript/fileName/PropertySheetFactory.cs: cfc4667cc03e44252fafe18d99f24b25 -> 
  custom:scripting/monoscript/fileName/EditorUtilities.cs: 53a52fb113757c42f9c516115bd845ca -> 
  custom:scripting/monoscript/fileName/HaltonSeq.cs: a7590e55d6fae5328a1c395a2473d0cf -> 
  custom:scripting/monoscript/fileName/MinAttribute.cs: a3e7473301291585f4cca024ce307406 -> 
  custom:scripting/monoscript/fileName/DepthOfField.cs: d62178d8b5619f59fcdd6d24617ef5fd -> 
  custom:scripting/monoscript/fileName/BloomEditor.cs: c341bb26b40744c3a5c2a142ac3e1051 -> 
  custom:scripting/monoscript/fileName/WaveformMonitor.cs: 609651ee3f98f206575f684e9cce655d -> 
  custom:scripting/monoscript/fileName/HableCurve.cs: f244b24d6e7c556a2de06e25b0bbf4c1 -> 
  custom:audio-encoder-webm-vorbis: bf7c407c2cedff20999df2af8eb42d56 -> 
  custom:scripting/precompiled-assembly-types:Assembly-CSharp-Editor: 313400a751e441a2d874eab7f0380857 -> 
  custom:scripting/monoscript/fileName/PropertySheet.cs: e6bb03169eca9d33ea794a47ad6ce213 -> 
  custom:scripting/monoscript/fileName/TargetPool.cs: 6d29560228134c933c12fb1c113fb6ef -> 
  custom:scripting/monoscript/fileName/LogHistogram.cs: bab913d888834a1a8572eb834acec97c -> 
  custom:scripting/monoscript/fileName/ScreenSpaceReflections.cs: 8afa07200328ddfcb2536d4180c62536 -> 
  custom:scripting/monoscript/fileName/CurveEditor.cs: f5e872b2a5a6427a1785818cb10d95d1 -> 
  custom:scripting/monoscript/fileName/PostProcessResources.cs: 5089c17a701ba9b714a1f3d25fb9a9b0 -> 
  custom:scripting/monoscript/fileName/EffectListEditor.cs: 1ecdb4094d9e64024d6eb7725a86197b -> 
========================================================================
Received Import Request.
  Time since last request: 201.443868 seconds.
  path: Assets/Prefab/Enemy.prefab
  artifactKey: Guid(c3bdaf3c6695a924a85eb52b6f156083) Importer(815301076,1909f56bfc062723c751e8b465ee728b)
Start importing Assets/Prefab/Enemy.prefab using Guid(c3bdaf3c6695a924a85eb52b6f156083) Importer(815301076,1909f56bfc062723c751e8b465ee728b) [PhysX] Initialized MultithreadedTaskDispatcher with 16 workers.
[PhysX] Initialized MultithreadedTaskDispatcher with 16 workers.
 -> (artifact id: '7246ad7d6eb3a57abdeb96152e899996') in 0.078275 seconds
Number of updated asset objects reloaded before import = 0
Number of asset objects unloaded after import = 365
========================================================================
Received Import Request.
  Time since last request: 9.058056 seconds.
  path: Assets/Prefab/Enemy.prefab
  artifactKey: Guid(c3bdaf3c6695a924a85eb52b6f156083) Importer(815301076,1909f56bfc062723c751e8b465ee728b)
Start importing Assets/Prefab/Enemy.prefab using Guid(c3bdaf3c6695a924a85eb52b6f156083) Importer(815301076,1909f56bfc062723c751e8b465ee728b) [PhysX] Initialized MultithreadedTaskDispatcher with 16 workers.
[PhysX] Initialized MultithreadedTaskDispatcher with 16 workers.
 -> (artifact id: 'ad2d852a5fb16a0d71ad479811d8e5ed') in 0.056669 seconds
Number of updated asset objects reloaded before import = 0
Number of asset objects unloaded after import = 377
========================================================================
Received Import Request.
  Time since last request: 12.303502 seconds.
  path: Assets/Prefab/Enemy.prefab
  artifactKey: Guid(c3bdaf3c6695a924a85eb52b6f156083) Importer(815301076,1909f56bfc062723c751e8b465ee728b)
Start importing Assets/Prefab/Enemy.prefab using Guid(c3bdaf3c6695a924a85eb52b6f156083) Importer(815301076,1909f56bfc062723c751e8b465ee728b) [PhysX] Initialized MultithreadedTaskDispatcher with 16 workers.
[PhysX] Initialized MultithreadedTaskDispatcher with 16 workers.
 -> (artifact id: '013120de2f42ba7f38a14a1a07a476e4') in 0.023810 seconds
Number of updated asset objects reloaded before import = 0
Number of asset objects unloaded after import = 377
========================================================================
Received Import Request.
  Time since last request: 2.191348 seconds.
  path: Assets/Prefab/Enemy.prefab
  artifactKey: Guid(c3bdaf3c6695a924a85eb52b6f156083) Importer(815301076,1909f56bfc062723c751e8b465ee728b)
Start importing Assets/Prefab/Enemy.prefab using Guid(c3bdaf3c6695a924a85eb52b6f156083) Importer(815301076,1909f56bfc062723c751e8b465ee728b) [PhysX] Initialized MultithreadedTaskDispatcher with 16 workers.
[PhysX] Initialized MultithreadedTaskDispatcher with 16 workers.
 -> (artifact id: 'e37ddd68fbbd8671ac2fa46395f0cecc') in 0.019098 seconds
Number of updated asset objects reloaded before import = 0
Number of asset objects unloaded after import = 375
========================================================================
Received Prepare
Folder 'Packages/com.unity.postprocessing/PostProcessing/Runtime/' contains multiple assembly definition files (Packages/com.unity.postprocessing/PostProcessing/Runtime/Unity.Postprocessing.Runtime.asmdef)
Folder 'Packages/com.unity.postprocessing/PostProcessing/Runtime/' contains multiple assembly definition files (Packages/com.unity.postprocessing/PostProcessing/Runtime/com.unity.postprocessing.Runtime.asmdef)
Folder 'Packages/com.unity.postprocessing/PostProcessing/Editor/' contains multiple assembly definition files (Packages/com.unity.postprocessing/PostProcessing/Editor/com.unity.postprocessing.Editor.asmdef)
Folder 'Packages/com.unity.postprocessing/PostProcessing/Editor/' contains multiple assembly definition files (Packages/com.unity.postprocessing/PostProcessing/Editor/Unity.Postprocessing.Editor.asmdef)
ArgumentException: An item with the same key has already been added. Key: d60799ab2a985554ea1a39cd38695018
  at System.Collections.Generic.Dictionary`2[TKey,TValue].TryInsert (TKey key, TValue value, System.Collections.Generic.InsertionBehavior behavior) [0x0015a] in <1071a2cb0cb3433aae80a793c277a048>:0 
  at System.Collections.Generic.Dictionary`2[TKey,TValue].Add (TKey key, TValue value) [0x00000] in <1071a2cb0cb3433aae80a793c277a048>:0 
  at System.Linq.Enumerable.ToDictionary[TSource,TKey,TElement] (TSource[] source, System.Func`2[T,TResult] keySelector, System.Func`2[T,TResult] elementSelector, System.Collections.Generic.IEqualityComparer`1[T] comparer) [0x00029] in <ea489521390f48908a7ce45cb17a6848>:0 
  at System.Linq.Enumerable.ToDictionary[TSource,TKey,TElement] (System.Collections.Generic.IEnumerable`1[T] source, System.Func`2[T,TResult] keySelector, System.Func`2[T,TResult] elementSelector, System.Collections.Generic.IEqualityComparer`1[T] comparer) [0x00051] in <ea489521390f48908a7ce45cb17a6848>:0 
  at System.Linq.Enumerable.ToDictionary[TSource,TKey,TElement] (System.Collections.Generic.IEnumerable`1[T] source, System.Func`2[T,TResult] keySelector, System.Func`2[T,TResult] elementSelector) [0x00000] in <ea489521390f48908a7ce45cb17a6848>:0 
  at UnityEditor.Scripting.ScriptCompilation.AssemblyGraphBuilder.Initialize (System.Collections.Generic.IReadOnlyCollection`1[T] assemblies, System.Collections.Generic.IReadOnlyCollection`1[T] customScriptAssemblyReferences) [0x00046] in <4b8f645257c94d1296f440a10c6f388e>:0 
  at UnityEditor.Scripting.ScriptCompilation.AssemblyGraphBuilderFactory.GetOrCreate (System.String projectPath, System.Collections.Generic.IReadOnlyCollection`1[T] assemblies, System.Collections.Generic.IReadOnlyCollection`1[T] customScriptAssemblyReferences) [0x00038] in <4b8f645257c94d1296f440a10c6f388e>:0 
  at UnityEditor.Scripting.ScriptCompilation.EditorCompilation.GetAssemblyGraphBuilder () [0x00027] in <4b8f645257c94d1296f440a10c6f388e>:0 
  at UnityEditor.Scripting.ScriptCompilation.EditorCompilation.SetAllScripts (System.String[] allScripts) [0x0000d] in <4b8f645257c94d1296f440a10c6f388e>:0 
  at UnityEditor.Scripting.ScriptCompilation.EditorCompilationInterface.SetAllScripts (System.String[] allScripts) [0x00006] in <4b8f645257c94d1296f440a10c6f388e>:0 

Caller must complete domain reload
Folder 'Packages/com.unity.postprocessing/PostProcessing/Runtime/' contains multiple assembly definition files (Packages/com.unity.postprocessing/PostProcessing/Runtime/Unity.Postprocessing.Runtime.asmdef)
Folder 'Packages/com.unity.postprocessing/PostProcessing/Runtime/' contains multiple assembly definition files (Packages/com.unity.postprocessing/PostProcessing/Runtime/com.unity.postprocessing.Runtime.asmdef)
Folder 'Packages/com.unity.postprocessing/PostProcessing/Editor/' contains multiple assembly definition files (Packages/com.unity.postprocessing/PostProcessing/Editor/com.unity.postprocessing.Editor.asmdef)
Folder 'Packages/com.unity.postprocessing/PostProcessing/Editor/' contains multiple assembly definition files (Packages/com.unity.postprocessing/PostProcessing/Editor/Unity.Postprocessing.Editor.asmdef)
ArgumentException: An item with the same key has already been added. Key: d60799ab2a985554ea1a39cd38695018
  at System.Collections.Generic.Dictionary`2[TKey,TValue].TryInsert (TKey key, TValue value, System.Collections.Generic.InsertionBehavior behavior) [0x0015a] in <1071a2cb0cb3433aae80a793c277a048>:0 
  at System.Collections.Generic.Dictionary`2[TKey,TValue].Add (TKey key, TValue value) [0x00000] in <1071a2cb0cb3433aae80a793c277a048>:0 
  at System.Linq.Enumerable.ToDictionary[TSource,TKey,TElement] (TSource[] source, System.Func`2[T,TResult] keySelector, System.Func`2[T,TResult] elementSelector, System.Collections.Generic.IEqualityComparer`1[T] comparer) [0x00029] in <ea489521390f48908a7ce45cb17a6848>:0 
  at System.Linq.Enumerable.ToDictionary[TSource,TKey,TElement] (System.Collections.Generic.IEnumerable`1[T] source, System.Func`2[T,TResult] keySelector, System.Func`2[T,TResult] elementSelector, System.Collections.Generic.IEqualityComparer`1[T] comparer) [0x00051] in <ea489521390f48908a7ce45cb17a6848>:0 
  at System.Linq.Enumerable.ToDictionary[TSource,TKey,TElement] (System.Collections.Generic.IEnumerable`1[T] source, System.Func`2[T,TResult] keySelector, System.Func`2[T,TResult] elementSelector) [0x00000] in <ea489521390f48908a7ce45cb17a6848>:0 
  at UnityEditor.Scripting.ScriptCompilation.AssemblyGraphBuilder.Initialize (System.Collections.Generic.IReadOnlyCollection`1[T] assemblies, System.Collections.Generic.IReadOnlyCollection`1[T] customScriptAssemblyReferences) [0x00046] in <4b8f645257c94d1296f440a10c6f388e>:0 
  at UnityEditor.Scripting.ScriptCompilation.AssemblyGraphBuilderFactory.GetOrCreate (System.String projectPath, System.Collections.Generic.IReadOnlyCollection`1[T] assemblies, System.Collections.Generic.IReadOnlyCollection`1[T] customScriptAssemblyReferences) [0x00038] in <4b8f645257c94d1296f440a10c6f388e>:0 
  at UnityEditor.Scripting.ScriptCompilation.EditorCompilation.GetAssemblyGraphBuilder () [0x00027] in <4b8f645257c94d1296f440a10c6f388e>:0 
  at UnityEditor.Scripting.ScriptCompilation.EditorCompilation.SetAllScripts (System.String[] allScripts) [0x0000d] in <4b8f645257c94d1296f440a10c6f388e>:0 
  at UnityEditor.Scripting.ScriptCompilation.EditorCompilationInterface.SetAllScripts (System.String[] allScripts) [0x00006] in <4b8f645257c94d1296f440a10c6f388e>:0 

Begin MonoManager ReloadAssembly
- Loaded All Assemblies, in  0.256 seconds
Native extension for WindowsStandalone target not found
Folder 'Packages/com.unity.postprocessing/PostProcessing/Runtime/' contains multiple assembly definition files (Packages/com.unity.postprocessing/PostProcessing/Runtime/Unity.Postprocessing.Runtime.asmdef)
Folder 'Packages/com.unity.postprocessing/PostProcessing/Runtime/' contains multiple assembly definition files (Packages/com.unity.postprocessing/PostProcessing/Runtime/com.unity.postprocessing.Runtime.asmdef)
Folder 'Packages/com.unity.postprocessing/PostProcessing/Editor/' contains multiple assembly definition files (Packages/com.unity.postprocessing/PostProcessing/Editor/com.unity.postprocessing.Editor.asmdef)
Folder 'Packages/com.unity.postprocessing/PostProcessing/Editor/' contains multiple assembly definition files (Packages/com.unity.postprocessing/PostProcessing/Editor/Unity.Postprocessing.Editor.asmdef)
ArgumentException: An item with the same key has already been added. Key: d60799ab2a985554ea1a39cd38695018
  at System.Collections.Generic.Dictionary`2[TKey,TValue].TryInsert (TKey key, TValue value, System.Collections.Generic.InsertionBehavior behavior) [0x0015a] in <1071a2cb0cb3433aae80a793c277a048>:0 
  at System.Collections.Generic.Dictionary`2[TKey,TValue].Add (TKey key, TValue value) [0x00000] in <1071a2cb0cb3433aae80a793c277a048>:0 
  at System.Linq.Enumerable.ToDictionary[TSource,TKey,TElement] (TSource[] source, System.Func`2[T,TResult] keySelector, System.Func`2[T,TResult] elementSelector, System.Collections.Generic.IEqualityComparer`1[T] comparer) [0x00029] in <ea489521390f48908a7ce45cb17a6848>:0 
  at System.Linq.Enumerable.ToDictionary[TSource,TKey,TElement] (System.Collections.Generic.IEnumerable`1[T] source, System.Func`2[T,TResult] keySelector, System.Func`2[T,TResult] elementSelector, System.Collections.Generic.IEqualityComparer`1[T] comparer) [0x00051] in <ea489521390f48908a7ce45cb17a6848>:0 
  at System.Linq.Enumerable.ToDictionary[TSource,TKey,TElement] (System.Collections.Generic.IEnumerable`1[T] source, System.Func`2[T,TResult] keySelector, System.Func`2[T,TResult] elementSelector) [0x00000] in <ea489521390f48908a7ce45cb17a6848>:0 
  at UnityEditor.Scripting.ScriptCompilation.AssemblyGraphBuilder.Initialize (System.Collections.Generic.IReadOnlyCollection`1[T] assemblies, System.Collections.Generic.IReadOnlyCollection`1[T] customScriptAssemblyReferences) [0x00046] in <4b8f645257c94d1296f440a10c6f388e>:0 
  at UnityEditor.Scripting.ScriptCompilation.AssemblyGraphBuilderFactory.GetOrCreate (System.String projectPath, System.Collections.Generic.IReadOnlyCollection`1[T] assemblies, System.Collections.Generic.IReadOnlyCollection`1[T] customScriptAssemblyReferences) [0x00038] in <4b8f645257c94d1296f440a10c6f388e>:0 
  at UnityEditor.Scripting.ScriptCompilation.EditorCompilation.GetAssemblyGraphBuilder () [0x00027] in <4b8f645257c94d1296f440a10c6f388e>:0 
  at UnityEditor.Scripting.ScriptCompilation.EditorCompilation.SetAllScripts (System.String[] allScripts) [0x0000d] in <4b8f645257c94d1296f440a10c6f388e>:0 
  at UnityEditor.Scripting.ScriptCompilation.EditorCompilationInterface.SetAllScripts (System.String[] allScripts) [0x00006] in <4b8f645257c94d1296f440a10c6f388e>:0 

Mono: successfully reloaded assembly
- Finished resetting the current domain, in  0.594 seconds
Domain Reload Profiling: 851ms
	BeginReloadAssembly (98ms)
		ExecutionOrderSort (0ms)
		DisableScriptedObjects (3ms)
		BackupInstance (0ms)
		ReleaseScriptingObjects (0ms)
		CreateAndSetChildDomain (24ms)
	RebuildCommonClasses (21ms)
	RebuildNativeTypeToScriptingClass (7ms)
	initialDomainReloadingComplete (15ms)
	LoadAllAssembliesAndSetupDomain (115ms)
		LoadAssemblies (152ms)
		RebuildTransferFunctionScriptingTraits (0ms)
		AnalyzeDomain (11ms)
			TypeCache.Refresh (5ms)
				TypeCache.ScanAssembly (0ms)
			ScanForSourceGeneratedMonoScriptInfo (0ms)
			ResolveRequiredComponents (5ms)
	FinalizeReload (594ms)
		ReleaseScriptCaches (0ms)
		RebuildScriptCaches (0ms)
		SetupLoadedEditorAssemblies (270ms)
			LogAssemblyErrors (0ms)
			InitializePlatformSupportModulesInManaged (3ms)
			SetLoadedEditorAssemblies (2ms)
			RefreshPlugins (0ms)
			BeforeProcessingInitializeOnLoad (42ms)
			ProcessInitializeOnLoadAttributes (208ms)
			ProcessInitializeOnLoadMethodAttributes (13ms)
			AfterProcessingInitializeOnLoad (2ms)
			EditorAssembliesLoaded (0ms)
		ExecutionOrderSort2 (0ms)
		AwakeInstancesAfterBackupRestoration (4ms)
Refreshing native plugins compatible for Editor in 2.09 ms, found 3 plugins.
Preloading 0 native plugins for Editor in 0.00 ms.
Unloading 3754 Unused Serialized files (Serialized files now loaded: 0)
Unloading 33 unused Assets / (2.6 MB). Loaded Objects now: 4382.
Memory consumption went from 152.7 MB to 150.0 MB.
Total: 2.882900 ms (FindLiveObjects: 0.208900 ms CreateObjectMapping: 0.064700 ms MarkObjects: 2.019100 ms  DeleteObjects: 0.589800 ms)

Prepare: number of updated asset objects reloaded= 0
AssetImportParameters requested are different than current active one (requested -> active):
  custom:scripting/monoscript/fileName/Decorators.cs: 4533f6715dc3f8cdabbd37ff77d1dad7 -> 
  custom:scripting/monoscript/fileName/GlobalSettings.cs: e5eb35b80bdfaee4ead1e1630fd77998 -> 
  custom:scripting/monoscript/fileName/PostProcessEffectBaseEditor.cs: 972bdf00f442be0d879dcb6868e25c8e -> 
  custom:scripting/monoscript/fileName/PostProcessRenderContext.cs: 9e034c8bf7d42a1d6c2d4339915eccb0 -> 
  custom:scripting/monoscript/fileName/Spline.cs: f8384952784bb95e08e1e29156fe4db5 -> 4e387ee563fd6b588142d262df330d27
  custom:scripting/monoscript/fileName/ColorGrading.cs: ef67493fb3cf9676ba5f25862510a595 -> 
  custom:scripting/monoscript/fileName/Monitor.cs: e0eb5d32b3aade2e0ce8680b00ac2b78 -> 
  custom:scripting/precompiled-assembly-types:Unity.Postprocessing.Runtime: 655cd018e42ac91ed9a03cfbdae17956 -> 
  custom:scripting/monoscript/fileName/TemporalAntialiasing.cs: 71e40fdab49d34f4e07f83936454d904 -> 
  custom:container-demuxer-ogg: 62fdf1f143b41e24485cea50d1cbac27 -> 
  custom:scripting/monoscript/fileName/AmbientOcclusion.cs: 7a27923f9312611f0b2898a72e3ee96a -> 
  custom:scripting/monoscript/fileName/PostProcessDebugLayer.cs: 6d8a99809398beddf11f92dfbb0e6ad4 -> 
  custom:scripting/monoscript/fileName/ColorUtilities.cs: 47918ebfa890b947a816b80444ee2882 -> 
  custom:scripting/monoscript/fileName/ParameterOverride.cs: 5475497db741ca919df708e5019e593d -> 
  custom:scripting/monoscript/fileName/TextureLerper.cs: 973e800795f77d61d647ea0c3f0cf284 -> 
  custom:scripting/precompiled-assembly-types:Unity.Postprocessing.Editor: 23b49e25b965492466cd147d7735360a -> 
  custom:scripting/monoscript/fileName/Vignette.cs: e0b99ac31b7575ef776e7be56647abb0 -> 
  custom:scripting/monoscript/fileName/DepthOfFieldEditor.cs: 64cce655bf722c851048e2ebbf401a7b -> 
  custom:scripting/monoscript/fileName/DefaultPostProcessEffectEditor.cs: 06a1d8fcea7725e08b95f21cc15fd0a1 -> 
  custom:scripting/monoscript/fileName/PostProcessLayer.cs: aa288976158dcd4c24041d5304f25d07 -> 
  custom:video-codec-MediaFoundation-h265: 746d11721c4dcdbdad8f713fa42b33f4 -> 
  custom:scripting/monoscript/fileName/MaxAttribute.cs: d661645ab8c724f24b3e19978e87b44c -> 
  custom:scripting/monoscript/fileName/PostProcessDebugEditor.cs: 1a0488d8742bf880cc7334e53e2cc73d -> 
  custom:video-decoder-ogg-theora: a1e56fd34408186e4bbccfd4996cb3dc -> 
  custom:scripting/monoscript/fileName/SerializedParameterOverride.cs: 5e4deaf96895d013d32a8e84ec179f8e -> 
  custom:scripting/monoscript/fileName/MeshUtilities.cs: dc5356b699afd34cf9728f4d65b476a0 -> 
  custom:scripting/monoscript/fileName/AmbientOcclusionEditor.cs: 61e5422c29b8f52188d508eb7d382167 -> 
  custom:scripting/monoscript/fileName/FastApproximateAntialiasing.cs: bf5588b2deec2689a812a7d2eacd9bd5 -> 
  custom:scripting/monoscript/fileName/MotionBlur.cs: 823914e335803785a19e5990c6ab2911 -> 
  custom:scripting/monoscript/fileName/DefineSetter.cs: 292ba08e52064b1a72f8d4bb04301dd3 -> 
  custom:framework-win-MediaFoundation: 216162199b28c13a410421893ffa2e32 -> 
  custom:scripting/monoscript/fileName/ShaderIDs.cs: 96024f1f873475da65a783f1404f9117 -> 
  custom:scripting/monoscript/fileName/PostProcessEditorAttribute.cs: 672a58b4d5bab60112487a31c361c481 -> 
  custom:scripting/monoscript/fileName/LensDistortionEditor.cs: dee045d29944d55e8040435a58a7ce90 -> 
  custom:scripting/monoscript/fileName/MotionBlurEditor.cs: 3bd8d3e7e9a7ea94beb2e5517b62d27b -> 
  custom:scripting/monoscript/fileName/Dithering.cs: 3014fffaa718d0ad6dd2c7bb7956ed46 -> 
  custom:scripting/monoscript/fileName/DecoratorAttribute.cs: be5bd39119e1a41ea1a019fdb3818a3f -> 
  custom:scripting/monoscript/fileName/DisplayNameAttribute.cs: 935a6ac504eb8a852fba40cbcae9292c -> 
  custom:scripting/monoscript/fileName/PostProcessEffectSettings.cs: 2ab9d33170e863b1a9c8a9079cdd12aa -> 
  custom:scripting/monoscript/fileName/Fog.cs: 07e271953e2bcf8513b6a72a2737e767 -> 
  custom:scripting/monoscript/fileName/PostProcessManager.cs: 28ef7780d543a8111635e1f5051383d0 -> 
  custom:scripting/monoscript/fileName/VolumeFactory.cs: cc77136700c9e1ff894d234886ccb852 -> 
  custom:CustomObjectIndexerAttribute: 9a22284fe3817be447336de3de66b15e -> 
  custom:scripting/monoscript/fileName/PostProcessEvent.cs: 8fb6e54ff2cf1a8be7ecdd01fbdd78f8 -> 
  custom:scripting/monoscript/fileName/TrackballAttribute.cs: 8dea8f77de7bd03137cc578af1ea6656 -> 
  custom:scripting/monoscript/fileName/TrackballDecorator.cs: 6a2b6c747937d12d8d81be8f5b21fbd2 -> 
  custom:scripting/monoscript/fileName/MultiScaleVO.cs: d4c4732956ffb536e016475d75f04c43 -> 
  custom:scripting/monoscript/fileName/CubeLutAssetFactory.cs: db1961888d7cabf6be94b37e3b663de4 -> 
  custom:container-demuxer-webm: 4f35f7cbe854078d1ac9338744f61a02 -> 
  custom:scripting/monoscript/fileName/PostProcessVolumeEditor.cs: 7aae71821512dcac422c45dc773293c3 -> 
  custom:scripting/monoscript/fileName/ChromaticAberration.cs: 4d59e57f8324f5f986e16678ed451410 -> 
  custom:scripting/monoscript/fileName/VignetteEditor.cs: 345736fc911c5e8ab23e579751a40e4a -> 
  custom:scripting/monoscript/fileName/Styling.cs: d1c4aa14ff93670753edfbb93fc91bfe -> 
  custom:scripting/monoscript/fileName/PostProcessEffectRendererExtensions.cs: e953624d113e7e1739c702512603957d -> 
  custom:scripting/monoscript/fileName/ScalableAO.cs: 2f29d71d59b754086c809cfee1cdce34 -> 
  custom:scripting/monoscript/fileName/PostProcessLayerEditor.cs: d16de665ece05cd6e27dcc8d7bac4b9a -> 
  custom:scripting/monoscript/fileName/MinMaxAttribute.cs: a4b6ac8a4377612c7135a60f905792f1 -> 
  custom:scripting/monoscript/fileName/SubpixelMorphologicalAntialiasing.cs: 02dcb8839824addec278047da0509aea -> 
  custom:scripting/monoscript/fileName/BaseEditor.cs: 90647cc400823b41df847a6cbfc29026 -> 
  custom:container-muxer-webm: aa71ff27fc2769a1b78a27578f13a17b -> 
  custom:scripting/monoscript/fileName/ReadmeEditor.cs: ff7ced1e41c1b99ddf5dfefc88f6bd50 -> 
  custom:video-decoder-webm-vp8: 9c59270c3fd7afecdb556c50c9e8de78 -> 
  custom:SearchIndexIgnoredProperties: e643bd26f0fe6173181afceb89e7c659 -> 
  custom:scripting/monoscript/fileName/ChromaticAberrationEditor.cs: 3043bf57519b71f64b7a6de970c2487b -> 
  custom:scripting/monoscript/fileName/PostProcessEffectRenderer.cs: 577c5acf8157ecea944bb95c8c6d9a95 -> 
  custom:AudioImporter_EditorPlatform: d09bf68614088b80899f8185d706f6e7 -> 
  custom:scripting/monoscript/fileName/TextureFormatUtilities.cs: ba58c57cfaabc0f8201a9ca6902fcb23 -> 
  custom:scripting/monoscript/fileName/PostProcessVolume.cs: 3883cef4be0567c54caf457a416a2095 -> 
  custom:scripting/monoscript/fileName/LightMeterMonitor.cs: a897ae0c731cb153281aea9ecd0efb03 -> 
  custom:scripting/monoscript/fileName/ColorGradingEditor.cs: 25838050e3e1f12ef51713a5dcf60349 -> 
  custom:scripting/monoscript/fileName/AttributeDecorator.cs: 39b465f08cd0a5df82fc2ef70b766ca2 -> 
  custom:scripting/monoscript/fileName/AutoExposureEditor.cs: dfd15824649ea346b717bc72a871d75b -> 
  custom:scripting/monoscript/fileName/LensDistortion.cs: b7963bb1da21ba484a7b59b9f6ea3aec -> 
  custom:scripting/monoscript/fileName/ResourceAssetFactory.cs: bf6acc988648d854bb3c5751325d0d0a -> 
  custom:scripting/monoscript/fileName/PostProcessProfileEditor.cs: 1dcd55858a4126cb33b0f2de53c74fbe -> 
  custom:scripting/monoscript/fileName/PostProcessDebug.cs: a653e9b773649e7452b035b4ce1dae82 -> 
  custom:scripting/monoscript/fileName/PostProcessAttribute.cs: e125947bf72ce7382f3b16f75797c897 -> 
  custom:scripting/monoscript/fileName/Grain.cs: 43f09a87a88d9937fbb9c4dbf3d5508e -> 
  custom:scripting/monoscript/fileName/HistogramMonitor.cs: 6fd024409d6e9db8d4c2c4e26430c2ad -> 
  custom:scripting/monoscript/fileName/PostProcessProfile.cs: f6dc030e2e953b2ed0eca334cce5d5cf -> 
  custom:scripting/monoscript/fileName/ProfileFactory.cs: f835845dfebfed501813f60a1cb006a3 -> 
  custom:scripting/monoscript/fileName/PostProcessEffectEditor.cs: 90647cc400823b41df847a6cbfc29026 -> 
  custom:scripting/monoscript/fileName/CubeLutAssetImporter.cs: 5e94ca4c74dad11cc8880f33d0ba9efb -> 
  custom:scripting/monoscript/fileName/PostProcessBundle.cs: f610f855c8ae8b896b5084e85ede373e -> 
  custom:scripting/monoscript/fileName/ScreenSpaceReflectionsEditor.cs: 59c13ba25de6098e70bafe8be94f609a -> 
  custom:video-encoder-webm-vp8: eb34c28f22e8b96e1ab97ce403110664 -> 
  custom:scripting/monoscript/fileName/RuntimeUtilities.cs: 76964d36e50cc48cfa29643bdde8d9a5 -> 
  custom:scripting/monoscript/fileName/Bloom.cs: 6f6d579a64201b97313a62a1e91b3575 -> 
  custom:audio-decoder-ogg-vorbis: bf7c407c2cedff20999df2af8eb42d56 -> 
  custom:scripting/monoscript/fileName/AutoExposure.cs: 0e7c21b17f53209ee8c5c61ab59d7835 -> 
  custom:scripting/monoscript/fileName/VectorscopeMonitor.cs: cb70c6437b976f01b752cd219cc47f32 -> 
  custom:scripting/monoscript/fileName/PropertySheetFactory.cs: cfc4667cc03e44252fafe18d99f24b25 -> 
  custom:scripting/monoscript/fileName/EditorUtilities.cs: 53a52fb113757c42f9c516115bd845ca -> 
  custom:scripting/monoscript/fileName/HaltonSeq.cs: a7590e55d6fae5328a1c395a2473d0cf -> 
  custom:scripting/monoscript/fileName/MinAttribute.cs: a3e7473301291585f4cca024ce307406 -> 
  custom:scripting/monoscript/fileName/DepthOfField.cs: d62178d8b5619f59fcdd6d24617ef5fd -> 
  custom:scripting/monoscript/fileName/BloomEditor.cs: c341bb26b40744c3a5c2a142ac3e1051 -> 
  custom:scripting/monoscript/fileName/WaveformMonitor.cs: 609651ee3f98f206575f684e9cce655d -> 
  custom:scripting/monoscript/fileName/HableCurve.cs: f244b24d6e7c556a2de06e25b0bbf4c1 -> 
  custom:audio-encoder-webm-vorbis: bf7c407c2cedff20999df2af8eb42d56 -> 
  custom:scripting/precompiled-assembly-types:Assembly-CSharp-Editor: 313400a751e441a2d874eab7f0380857 -> 
  custom:scripting/monoscript/fileName/PropertySheet.cs: e6bb03169eca9d33ea794a47ad6ce213 -> 
  custom:scripting/monoscript/fileName/TargetPool.cs: 6d29560228134c933c12fb1c113fb6ef -> 
  custom:scripting/monoscript/fileName/LogHistogram.cs: bab913d888834a1a8572eb834acec97c -> 
  custom:scripting/monoscript/fileName/ScreenSpaceReflections.cs: 8afa07200328ddfcb2536d4180c62536 -> 
  custom:scripting/monoscript/fileName/CurveEditor.cs: f5e872b2a5a6427a1785818cb10d95d1 -> 
  custom:scripting/monoscript/fileName/PostProcessResources.cs: 5089c17a701ba9b714a1f3d25fb9a9b0 -> 
  custom:scripting/monoscript/fileName/EffectListEditor.cs: 1ecdb4094d9e64024d6eb7725a86197b -> 
========================================================================
Received Import Request.
  Time since last request: 47.429221 seconds.
  path: Assets/Prefab/Enemy.prefab
  artifactKey: Guid(c3bdaf3c6695a924a85eb52b6f156083) Importer(815301076,1909f56bfc062723c751e8b465ee728b)
Start importing Assets/Prefab/Enemy.prefab using Guid(c3bdaf3c6695a924a85eb52b6f156083) Importer(815301076,1909f56bfc062723c751e8b465ee728b) [PhysX] Initialized MultithreadedTaskDispatcher with 16 workers.
[PhysX] Initialized MultithreadedTaskDispatcher with 16 workers.
 -> (artifact id: '94d7a96ef4da90ddf51fc5066a6a7380') in 0.068714 seconds
Number of updated asset objects reloaded before import = 0
Number of asset objects unloaded after import = 365
========================================================================
Received Import Request.
  Time since last request: 2.504585 seconds.
  path: Assets/Prefab/Enemy.prefab
  artifactKey: Guid(c3bdaf3c6695a924a85eb52b6f156083) Importer(815301076,1909f56bfc062723c751e8b465ee728b)
Start importing Assets/Prefab/Enemy.prefab using Guid(c3bdaf3c6695a924a85eb52b6f156083) Importer(815301076,1909f56bfc062723c751e8b465ee728b) [PhysX] Initialized MultithreadedTaskDispatcher with 16 workers.
[PhysX] Initialized MultithreadedTaskDispatcher with 16 workers.
 -> (artifact id: '1a9cc59622c64c32008fc7817c6f3e08') in 0.023368 seconds
Number of updated asset objects reloaded before import = 0
Number of asset objects unloaded after import = 365
========================================================================
Received Prepare
Folder 'Packages/com.unity.postprocessing/PostProcessing/Runtime/' contains multiple assembly definition files (Packages/com.unity.postprocessing/PostProcessing/Runtime/Unity.Postprocessing.Runtime.asmdef)
Folder 'Packages/com.unity.postprocessing/PostProcessing/Runtime/' contains multiple assembly definition files (Packages/com.unity.postprocessing/PostProcessing/Runtime/com.unity.postprocessing.Runtime.asmdef)
Folder 'Packages/com.unity.postprocessing/PostProcessing/Editor/' contains multiple assembly definition files (Packages/com.unity.postprocessing/PostProcessing/Editor/com.unity.postprocessing.Editor.asmdef)
Folder 'Packages/com.unity.postprocessing/PostProcessing/Editor/' contains multiple assembly definition files (Packages/com.unity.postprocessing/PostProcessing/Editor/Unity.Postprocessing.Editor.asmdef)
ArgumentException: An item with the same key has already been added. Key: d60799ab2a985554ea1a39cd38695018
  at System.Collections.Generic.Dictionary`2[TKey,TValue].TryInsert (TKey key, TValue value, System.Collections.Generic.InsertionBehavior behavior) [0x0015a] in <1071a2cb0cb3433aae80a793c277a048>:0 
  at System.Collections.Generic.Dictionary`2[TKey,TValue].Add (TKey key, TValue value) [0x00000] in <1071a2cb0cb3433aae80a793c277a048>:0 
  at System.Linq.Enumerable.ToDictionary[TSource,TKey,TElement] (TSource[] source, System.Func`2[T,TResult] keySelector, System.Func`2[T,TResult] elementSelector, System.Collections.Generic.IEqualityComparer`1[T] comparer) [0x00029] in <ea489521390f48908a7ce45cb17a6848>:0 
  at System.Linq.Enumerable.ToDictionary[TSource,TKey,TElement] (System.Collections.Generic.IEnumerable`1[T] source, System.Func`2[T,TResult] keySelector, System.Func`2[T,TResult] elementSelector, System.Collections.Generic.IEqualityComparer`1[T] comparer) [0x00051] in <ea489521390f48908a7ce45cb17a6848>:0 
  at System.Linq.Enumerable.ToDictionary[TSource,TKey,TElement] (System.Collections.Generic.IEnumerable`1[T] source, System.Func`2[T,TResult] keySelector, System.Func`2[T,TResult] elementSelector) [0x00000] in <ea489521390f48908a7ce45cb17a6848>:0 
  at UnityEditor.Scripting.ScriptCompilation.AssemblyGraphBuilder.Initialize (System.Collections.Generic.IReadOnlyCollection`1[T] assemblies, System.Collections.Generic.IReadOnlyCollection`1[T] customScriptAssemblyReferences) [0x00046] in <4b8f645257c94d1296f440a10c6f388e>:0 
  at UnityEditor.Scripting.ScriptCompilation.AssemblyGraphBuilderFactory.GetOrCreate (System.String projectPath, System.Collections.Generic.IReadOnlyCollection`1[T] assemblies, System.Collections.Generic.IReadOnlyCollection`1[T] customScriptAssemblyReferences) [0x00038] in <4b8f645257c94d1296f440a10c6f388e>:0 
  at UnityEditor.Scripting.ScriptCompilation.EditorCompilation.GetAssemblyGraphBuilder () [0x00027] in <4b8f645257c94d1296f440a10c6f388e>:0 
  at UnityEditor.Scripting.ScriptCompilation.EditorCompilation.SetAllScripts (System.String[] allScripts) [0x0000d] in <4b8f645257c94d1296f440a10c6f388e>:0 
  at UnityEditor.Scripting.ScriptCompilation.EditorCompilationInterface.SetAllScripts (System.String[] allScripts) [0x00006] in <4b8f645257c94d1296f440a10c6f388e>:0 

Caller must complete domain reload
Folder 'Packages/com.unity.postprocessing/PostProcessing/Runtime/' contains multiple assembly definition files (Packages/com.unity.postprocessing/PostProcessing/Runtime/Unity.Postprocessing.Runtime.asmdef)
Folder 'Packages/com.unity.postprocessing/PostProcessing/Runtime/' contains multiple assembly definition files (Packages/com.unity.postprocessing/PostProcessing/Runtime/com.unity.postprocessing.Runtime.asmdef)
Folder 'Packages/com.unity.postprocessing/PostProcessing/Editor/' contains multiple assembly definition files (Packages/com.unity.postprocessing/PostProcessing/Editor/com.unity.postprocessing.Editor.asmdef)
Folder 'Packages/com.unity.postprocessing/PostProcessing/Editor/' contains multiple assembly definition files (Packages/com.unity.postprocessing/PostProcessing/Editor/Unity.Postprocessing.Editor.asmdef)
ArgumentException: An item with the same key has already been added. Key: d60799ab2a985554ea1a39cd38695018
  at System.Collections.Generic.Dictionary`2[TKey,TValue].TryInsert (TKey key, TValue value, System.Collections.Generic.InsertionBehavior behavior) [0x0015a] in <1071a2cb0cb3433aae80a793c277a048>:0 
  at System.Collections.Generic.Dictionary`2[TKey,TValue].Add (TKey key, TValue value) [0x00000] in <1071a2cb0cb3433aae80a793c277a048>:0 
  at System.Linq.Enumerable.ToDictionary[TSource,TKey,TElement] (TSource[] source, System.Func`2[T,TResult] keySelector, System.Func`2[T,TResult] elementSelector, System.Collections.Generic.IEqualityComparer`1[T] comparer) [0x00029] in <ea489521390f48908a7ce45cb17a6848>:0 
  at System.Linq.Enumerable.ToDictionary[TSource,TKey,TElement] (System.Collections.Generic.IEnumerable`1[T] source, System.Func`2[T,TResult] keySelector, System.Func`2[T,TResult] elementSelector, System.Collections.Generic.IEqualityComparer`1[T] comparer) [0x00051] in <ea489521390f48908a7ce45cb17a6848>:0 
  at System.Linq.Enumerable.ToDictionary[TSource,TKey,TElement] (System.Collections.Generic.IEnumerable`1[T] source, System.Func`2[T,TResult] keySelector, System.Func`2[T,TResult] elementSelector) [0x00000] in <ea489521390f48908a7ce45cb17a6848>:0 
  at UnityEditor.Scripting.ScriptCompilation.AssemblyGraphBuilder.Initialize (System.Collections.Generic.IReadOnlyCollection`1[T] assemblies, System.Collections.Generic.IReadOnlyCollection`1[T] customScriptAssemblyReferences) [0x00046] in <4b8f645257c94d1296f440a10c6f388e>:0 
  at UnityEditor.Scripting.ScriptCompilation.AssemblyGraphBuilderFactory.GetOrCreate (System.String projectPath, System.Collections.Generic.IReadOnlyCollection`1[T] assemblies, System.Collections.Generic.IReadOnlyCollection`1[T] customScriptAssemblyReferences) [0x00038] in <4b8f645257c94d1296f440a10c6f388e>:0 
  at UnityEditor.Scripting.ScriptCompilation.EditorCompilation.GetAssemblyGraphBuilder () [0x00027] in <4b8f645257c94d1296f440a10c6f388e>:0 
  at UnityEditor.Scripting.ScriptCompilation.EditorCompilation.SetAllScripts (System.String[] allScripts) [0x0000d] in <4b8f645257c94d1296f440a10c6f388e>:0 
  at UnityEditor.Scripting.ScriptCompilation.EditorCompilationInterface.SetAllScripts (System.String[] allScripts) [0x00006] in <4b8f645257c94d1296f440a10c6f388e>:0 

Begin MonoManager ReloadAssembly
- Loaded All Assemblies, in  0.239 seconds
Native extension for WindowsStandalone target not found
Folder 'Packages/com.unity.postprocessing/PostProcessing/Runtime/' contains multiple assembly definition files (Packages/com.unity.postprocessing/PostProcessing/Runtime/Unity.Postprocessing.Runtime.asmdef)
Folder 'Packages/com.unity.postprocessing/PostProcessing/Runtime/' contains multiple assembly definition files (Packages/com.unity.postprocessing/PostProcessing/Runtime/com.unity.postprocessing.Runtime.asmdef)
Folder 'Packages/com.unity.postprocessing/PostProcessing/Editor/' contains multiple assembly definition files (Packages/com.unity.postprocessing/PostProcessing/Editor/com.unity.postprocessing.Editor.asmdef)
Folder 'Packages/com.unity.postprocessing/PostProcessing/Editor/' contains multiple assembly definition files (Packages/com.unity.postprocessing/PostProcessing/Editor/Unity.Postprocessing.Editor.asmdef)
ArgumentException: An item with the same key has already been added. Key: d60799ab2a985554ea1a39cd38695018
  at System.Collections.Generic.Dictionary`2[TKey,TValue].TryInsert (TKey key, TValue value, System.Collections.Generic.InsertionBehavior behavior) [0x0015a] in <1071a2cb0cb3433aae80a793c277a048>:0 
  at System.Collections.Generic.Dictionary`2[TKey,TValue].Add (TKey key, TValue value) [0x00000] in <1071a2cb0cb3433aae80a793c277a048>:0 
  at System.Linq.Enumerable.ToDictionary[TSource,TKey,TElement] (TSource[] source, System.Func`2[T,TResult] keySelector, System.Func`2[T,TResult] elementSelector, System.Collections.Generic.IEqualityComparer`1[T] comparer) [0x00029] in <ea489521390f48908a7ce45cb17a6848>:0 
  at System.Linq.Enumerable.ToDictionary[TSource,TKey,TElement] (System.Collections.Generic.IEnumerable`1[T] source, System.Func`2[T,TResult] keySelector, System.Func`2[T,TResult] elementSelector, System.Collections.Generic.IEqualityComparer`1[T] comparer) [0x00051] in <ea489521390f48908a7ce45cb17a6848>:0 
  at System.Linq.Enumerable.ToDictionary[TSource,TKey,TElement] (System.Collections.Generic.IEnumerable`1[T] source, System.Func`2[T,TResult] keySelector, System.Func`2[T,TResult] elementSelector) [0x00000] in <ea489521390f48908a7ce45cb17a6848>:0 
  at UnityEditor.Scripting.ScriptCompilation.AssemblyGraphBuilder.Initialize (System.Collections.Generic.IReadOnlyCollection`1[T] assemblies, System.Collections.Generic.IReadOnlyCollection`1[T] customScriptAssemblyReferences) [0x00046] in <4b8f645257c94d1296f440a10c6f388e>:0 
  at UnityEditor.Scripting.ScriptCompilation.AssemblyGraphBuilderFactory.GetOrCreate (System.String projectPath, System.Collections.Generic.IReadOnlyCollection`1[T] assemblies, System.Collections.Generic.IReadOnlyCollection`1[T] customScriptAssemblyReferences) [0x00038] in <4b8f645257c94d1296f440a10c6f388e>:0 
  at UnityEditor.Scripting.ScriptCompilation.EditorCompilation.GetAssemblyGraphBuilder () [0x00027] in <4b8f645257c94d1296f440a10c6f388e>:0 
  at UnityEditor.Scripting.ScriptCompilation.EditorCompilation.SetAllScripts (System.String[] allScripts) [0x0000d] in <4b8f645257c94d1296f440a10c6f388e>:0 
  at UnityEditor.Scripting.ScriptCompilation.EditorCompilationInterface.SetAllScripts (System.String[] allScripts) [0x00006] in <4b8f645257c94d1296f440a10c6f388e>:0 

Mono: successfully reloaded assembly
- Finished resetting the current domain, in  0.574 seconds
Domain Reload Profiling: 814ms
	BeginReloadAssembly (91ms)
		ExecutionOrderSort (0ms)
		DisableScriptedObjects (2ms)
		BackupInstance (0ms)
		ReleaseScriptingObjects (0ms)
		CreateAndSetChildDomain (21ms)
	RebuildCommonClasses (19ms)
	RebuildNativeTypeToScriptingClass (7ms)
	initialDomainReloadingComplete (14ms)
	LoadAllAssembliesAndSetupDomain (108ms)
		LoadAssemblies (145ms)
		RebuildTransferFunctionScriptingTraits (0ms)
		AnalyzeDomain (8ms)
			TypeCache.Refresh (4ms)
				TypeCache.ScanAssembly (0ms)
			ScanForSourceGeneratedMonoScriptInfo (0ms)
			ResolveRequiredComponents (3ms)
	FinalizeReload (575ms)
		ReleaseScriptCaches (0ms)
		RebuildScriptCaches (0ms)
		SetupLoadedEditorAssemblies (265ms)
			LogAssemblyErrors (0ms)
			InitializePlatformSupportModulesInManaged (3ms)
			SetLoadedEditorAssemblies (2ms)
			RefreshPlugins (0ms)
			BeforeProcessingInitializeOnLoad (42ms)
			ProcessInitializeOnLoadAttributes (205ms)
			ProcessInitializeOnLoadMethodAttributes (12ms)
			AfterProcessingInitializeOnLoad (2ms)
			EditorAssembliesLoaded (0ms)
		ExecutionOrderSort2 (0ms)
		AwakeInstancesAfterBackupRestoration (4ms)
Refreshing native plugins compatible for Editor in 2.29 ms, found 3 plugins.
Preloading 0 native plugins for Editor in 0.00 ms.
Unloading 3754 Unused Serialized files (Serialized files now loaded: 0)
Unloading 33 unused Assets / (2.6 MB). Loaded Objects now: 4386.
Memory consumption went from 152.7 MB to 150.1 MB.
Total: 3.457100 ms (FindLiveObjects: 0.256600 ms CreateObjectMapping: 0.127600 ms MarkObjects: 2.349300 ms  DeleteObjects: 0.722900 ms)

Prepare: number of updated asset objects reloaded= 0
AssetImportParameters requested are different than current active one (requested -> active):
  custom:scripting/monoscript/fileName/Decorators.cs: 4533f6715dc3f8cdabbd37ff77d1dad7 -> 
  custom:scripting/monoscript/fileName/GlobalSettings.cs: e5eb35b80bdfaee4ead1e1630fd77998 -> 
  custom:scripting/monoscript/fileName/PostProcessEffectBaseEditor.cs: 972bdf00f442be0d879dcb6868e25c8e -> 
  custom:scripting/monoscript/fileName/PostProcessRenderContext.cs: 9e034c8bf7d42a1d6c2d4339915eccb0 -> 
  custom:scripting/monoscript/fileName/Spline.cs: f8384952784bb95e08e1e29156fe4db5 -> 4e387ee563fd6b588142d262df330d27
  custom:scripting/monoscript/fileName/ColorGrading.cs: ef67493fb3cf9676ba5f25862510a595 -> 
  custom:scripting/monoscript/fileName/Monitor.cs: e0eb5d32b3aade2e0ce8680b00ac2b78 -> 
  custom:scripting/precompiled-assembly-types:Unity.Postprocessing.Runtime: 655cd018e42ac91ed9a03cfbdae17956 -> 
  custom:scripting/monoscript/fileName/TemporalAntialiasing.cs: 71e40fdab49d34f4e07f83936454d904 -> 
  custom:container-demuxer-ogg: 62fdf1f143b41e24485cea50d1cbac27 -> 
  custom:scripting/monoscript/fileName/AmbientOcclusion.cs: 7a27923f9312611f0b2898a72e3ee96a -> 
  custom:scripting/monoscript/fileName/PostProcessDebugLayer.cs: 6d8a99809398beddf11f92dfbb0e6ad4 -> 
  custom:scripting/monoscript/fileName/ColorUtilities.cs: 47918ebfa890b947a816b80444ee2882 -> 
  custom:scripting/monoscript/fileName/ParameterOverride.cs: 5475497db741ca919df708e5019e593d -> 
  custom:scripting/monoscript/fileName/TextureLerper.cs: 973e800795f77d61d647ea0c3f0cf284 -> 
  custom:scripting/precompiled-assembly-types:Unity.Postprocessing.Editor: 23b49e25b965492466cd147d7735360a -> 
  custom:scripting/monoscript/fileName/Vignette.cs: e0b99ac31b7575ef776e7be56647abb0 -> 
  custom:scripting/monoscript/fileName/DepthOfFieldEditor.cs: 64cce655bf722c851048e2ebbf401a7b -> 
  custom:scripting/monoscript/fileName/DefaultPostProcessEffectEditor.cs: 06a1d8fcea7725e08b95f21cc15fd0a1 -> 
  custom:scripting/monoscript/fileName/PostProcessLayer.cs: aa288976158dcd4c24041d5304f25d07 -> 
  custom:video-codec-MediaFoundation-h265: 746d11721c4dcdbdad8f713fa42b33f4 -> 
  custom:scripting/monoscript/fileName/MaxAttribute.cs: d661645ab8c724f24b3e19978e87b44c -> 
  custom:scripting/monoscript/fileName/PostProcessDebugEditor.cs: 1a0488d8742bf880cc7334e53e2cc73d -> 
  custom:video-decoder-ogg-theora: a1e56fd34408186e4bbccfd4996cb3dc -> 
  custom:scripting/monoscript/fileName/SerializedParameterOverride.cs: 5e4deaf96895d013d32a8e84ec179f8e -> 
  custom:scripting/monoscript/fileName/MeshUtilities.cs: dc5356b699afd34cf9728f4d65b476a0 -> 
  custom:scripting/monoscript/fileName/AmbientOcclusionEditor.cs: 61e5422c29b8f52188d508eb7d382167 -> 
  custom:scripting/monoscript/fileName/FastApproximateAntialiasing.cs: bf5588b2deec2689a812a7d2eacd9bd5 -> 
  custom:scripting/monoscript/fileName/MotionBlur.cs: 823914e335803785a19e5990c6ab2911 -> 
  custom:scripting/monoscript/fileName/DefineSetter.cs: 292ba08e52064b1a72f8d4bb04301dd3 -> 
  custom:framework-win-MediaFoundation: 216162199b28c13a410421893ffa2e32 -> 
  custom:scripting/monoscript/fileName/ShaderIDs.cs: 96024f1f873475da65a783f1404f9117 -> 
  custom:scripting/monoscript/fileName/PostProcessEditorAttribute.cs: 672a58b4d5bab60112487a31c361c481 -> 
  custom:scripting/monoscript/fileName/LensDistortionEditor.cs: dee045d29944d55e8040435a58a7ce90 -> 
  custom:scripting/monoscript/fileName/MotionBlurEditor.cs: 3bd8d3e7e9a7ea94beb2e5517b62d27b -> 
  custom:scripting/monoscript/fileName/Dithering.cs: 3014fffaa718d0ad6dd2c7bb7956ed46 -> 
  custom:scripting/monoscript/fileName/DecoratorAttribute.cs: be5bd39119e1a41ea1a019fdb3818a3f -> 
  custom:scripting/monoscript/fileName/DisplayNameAttribute.cs: 935a6ac504eb8a852fba40cbcae9292c -> 
  custom:scripting/monoscript/fileName/PostProcessEffectSettings.cs: 2ab9d33170e863b1a9c8a9079cdd12aa -> 
  custom:scripting/monoscript/fileName/Fog.cs: 07e271953e2bcf8513b6a72a2737e767 -> 
  custom:scripting/monoscript/fileName/PostProcessManager.cs: 28ef7780d543a8111635e1f5051383d0 -> 
  custom:scripting/monoscript/fileName/VolumeFactory.cs: cc77136700c9e1ff894d234886ccb852 -> 
  custom:CustomObjectIndexerAttribute: 9a22284fe3817be447336de3de66b15e -> 
  custom:scripting/monoscript/fileName/PostProcessEvent.cs: 8fb6e54ff2cf1a8be7ecdd01fbdd78f8 -> 
  custom:scripting/monoscript/fileName/TrackballAttribute.cs: 8dea8f77de7bd03137cc578af1ea6656 -> 
  custom:scripting/monoscript/fileName/TrackballDecorator.cs: 6a2b6c747937d12d8d81be8f5b21fbd2 -> 
  custom:scripting/monoscript/fileName/MultiScaleVO.cs: d4c4732956ffb536e016475d75f04c43 -> 
  custom:scripting/monoscript/fileName/CubeLutAssetFactory.cs: db1961888d7cabf6be94b37e3b663de4 -> 
  custom:container-demuxer-webm: 4f35f7cbe854078d1ac9338744f61a02 -> 
  custom:scripting/monoscript/fileName/PostProcessVolumeEditor.cs: 7aae71821512dcac422c45dc773293c3 -> 
  custom:scripting/monoscript/fileName/ChromaticAberration.cs: 4d59e57f8324f5f986e16678ed451410 -> 
  custom:scripting/monoscript/fileName/VignetteEditor.cs: 345736fc911c5e8ab23e579751a40e4a -> 
  custom:scripting/monoscript/fileName/Styling.cs: d1c4aa14ff93670753edfbb93fc91bfe -> 
  custom:scripting/monoscript/fileName/PostProcessEffectRendererExtensions.cs: e953624d113e7e1739c702512603957d -> 
  custom:scripting/monoscript/fileName/ScalableAO.cs: 2f29d71d59b754086c809cfee1cdce34 -> 
  custom:scripting/monoscript/fileName/PostProcessLayerEditor.cs: d16de665ece05cd6e27dcc8d7bac4b9a -> 
  custom:scripting/monoscript/fileName/MinMaxAttribute.cs: a4b6ac8a4377612c7135a60f905792f1 -> 
  custom:scripting/monoscript/fileName/SubpixelMorphologicalAntialiasing.cs: 02dcb8839824addec278047da0509aea -> 
  custom:scripting/monoscript/fileName/BaseEditor.cs: 90647cc400823b41df847a6cbfc29026 -> 
  custom:container-muxer-webm: aa71ff27fc2769a1b78a27578f13a17b -> 
  custom:scripting/monoscript/fileName/ReadmeEditor.cs: ff7ced1e41c1b99ddf5dfefc88f6bd50 -> 
  custom:video-decoder-webm-vp8: 9c59270c3fd7afecdb556c50c9e8de78 -> 
  custom:SearchIndexIgnoredProperties: e643bd26f0fe6173181afceb89e7c659 -> 
  custom:scripting/monoscript/fileName/ChromaticAberrationEditor.cs: 3043bf57519b71f64b7a6de970c2487b -> 
  custom:scripting/monoscript/fileName/PostProcessEffectRenderer.cs: 577c5acf8157ecea944bb95c8c6d9a95 -> 
  custom:AudioImporter_EditorPlatform: d09bf68614088b80899f8185d706f6e7 -> 
  custom:scripting/monoscript/fileName/TextureFormatUtilities.cs: ba58c57cfaabc0f8201a9ca6902fcb23 -> 
  custom:scripting/monoscript/fileName/PostProcessVolume.cs: 3883cef4be0567c54caf457a416a2095 -> 
  custom:scripting/monoscript/fileName/LightMeterMonitor.cs: a897ae0c731cb153281aea9ecd0efb03 -> 
  custom:scripting/monoscript/fileName/ColorGradingEditor.cs: 25838050e3e1f12ef51713a5dcf60349 -> 
  custom:scripting/monoscript/fileName/AttributeDecorator.cs: 39b465f08cd0a5df82fc2ef70b766ca2 -> 
  custom:scripting/monoscript/fileName/AutoExposureEditor.cs: dfd15824649ea346b717bc72a871d75b -> 
  custom:scripting/monoscript/fileName/LensDistortion.cs: b7963bb1da21ba484a7b59b9f6ea3aec -> 
  custom:scripting/monoscript/fileName/ResourceAssetFactory.cs: bf6acc988648d854bb3c5751325d0d0a -> 
  custom:scripting/monoscript/fileName/PostProcessProfileEditor.cs: 1dcd55858a4126cb33b0f2de53c74fbe -> 
  custom:scripting/monoscript/fileName/PostProcessDebug.cs: a653e9b773649e7452b035b4ce1dae82 -> 
  custom:scripting/monoscript/fileName/PostProcessAttribute.cs: e125947bf72ce7382f3b16f75797c897 -> 
  custom:scripting/monoscript/fileName/Grain.cs: 43f09a87a88d9937fbb9c4dbf3d5508e -> 
  custom:scripting/monoscript/fileName/HistogramMonitor.cs: 6fd024409d6e9db8d4c2c4e26430c2ad -> 
  custom:scripting/monoscript/fileName/PostProcessProfile.cs: f6dc030e2e953b2ed0eca334cce5d5cf -> 
  custom:scripting/monoscript/fileName/ProfileFactory.cs: f835845dfebfed501813f60a1cb006a3 -> 
  custom:scripting/monoscript/fileName/PostProcessEffectEditor.cs: 90647cc400823b41df847a6cbfc29026 -> 
  custom:scripting/monoscript/fileName/CubeLutAssetImporter.cs: 5e94ca4c74dad11cc8880f33d0ba9efb -> 
  custom:scripting/monoscript/fileName/PostProcessBundle.cs: f610f855c8ae8b896b5084e85ede373e -> 
  custom:scripting/monoscript/fileName/ScreenSpaceReflectionsEditor.cs: 59c13ba25de6098e70bafe8be94f609a -> 
  custom:video-encoder-webm-vp8: eb34c28f22e8b96e1ab97ce403110664 -> 
  custom:scripting/monoscript/fileName/RuntimeUtilities.cs: 76964d36e50cc48cfa29643bdde8d9a5 -> 
  custom:scripting/monoscript/fileName/Bloom.cs: 6f6d579a64201b97313a62a1e91b3575 -> 
  custom:audio-decoder-ogg-vorbis: bf7c407c2cedff20999df2af8eb42d56 -> 
  custom:scripting/monoscript/fileName/AutoExposure.cs: 0e7c21b17f53209ee8c5c61ab59d7835 -> 
  custom:scripting/monoscript/fileName/VectorscopeMonitor.cs: cb70c6437b976f01b752cd219cc47f32 -> 
  custom:scripting/monoscript/fileName/PropertySheetFactory.cs: cfc4667cc03e44252fafe18d99f24b25 -> 
  custom:scripting/monoscript/fileName/EditorUtilities.cs: 53a52fb113757c42f9c516115bd845ca -> 
  custom:scripting/monoscript/fileName/HaltonSeq.cs: a7590e55d6fae5328a1c395a2473d0cf -> 
  custom:scripting/monoscript/fileName/MinAttribute.cs: a3e7473301291585f4cca024ce307406 -> 
  custom:scripting/monoscript/fileName/DepthOfField.cs: d62178d8b5619f59fcdd6d24617ef5fd -> 
  custom:scripting/monoscript/fileName/BloomEditor.cs: c341bb26b40744c3a5c2a142ac3e1051 -> 
  custom:scripting/monoscript/fileName/WaveformMonitor.cs: 609651ee3f98f206575f684e9cce655d -> 
  custom:scripting/monoscript/fileName/HableCurve.cs: f244b24d6e7c556a2de06e25b0bbf4c1 -> 
  custom:audio-encoder-webm-vorbis: bf7c407c2cedff20999df2af8eb42d56 -> 
  custom:scripting/precompiled-assembly-types:Assembly-CSharp-Editor: 313400a751e441a2d874eab7f0380857 -> 
  custom:scripting/monoscript/fileName/PropertySheet.cs: e6bb03169eca9d33ea794a47ad6ce213 -> 
  custom:scripting/monoscript/fileName/TargetPool.cs: 6d29560228134c933c12fb1c113fb6ef -> 
  custom:scripting/monoscript/fileName/LogHistogram.cs: bab913d888834a1a8572eb834acec97c -> 
  custom:scripting/monoscript/fileName/ScreenSpaceReflections.cs: 8afa07200328ddfcb2536d4180c62536 -> 
  custom:scripting/monoscript/fileName/CurveEditor.cs: f5e872b2a5a6427a1785818cb10d95d1 -> 
  custom:scripting/monoscript/fileName/PostProcessResources.cs: 5089c17a701ba9b714a1f3d25fb9a9b0 -> 
  custom:scripting/monoscript/fileName/EffectListEditor.cs: 1ecdb4094d9e64024d6eb7725a86197b -> 
========================================================================
Received Import Request.
  Time since last request: 82.273002 seconds.
  path: Assets/Prefab/Enemy.prefab
  artifactKey: Guid(c3bdaf3c6695a924a85eb52b6f156083) Importer(815301076,1909f56bfc062723c751e8b465ee728b)
Start importing Assets/Prefab/Enemy.prefab using Guid(c3bdaf3c6695a924a85eb52b6f156083) Importer(815301076,1909f56bfc062723c751e8b465ee728b) [PhysX] Initialized MultithreadedTaskDispatcher with 16 workers.
[PhysX] Initialized MultithreadedTaskDispatcher with 16 workers.
 -> (artifact id: '04fa15abb3b9769670f6341d3296c7ac') in 0.069124 seconds
Number of updated asset objects reloaded before import = 0
Number of asset objects unloaded after import = 365
========================================================================
Received Import Request.
  Time since last request: 13.527639 seconds.
  path: Assets/Prefab/Enemy.prefab
  artifactKey: Guid(c3bdaf3c6695a924a85eb52b6f156083) Importer(815301076,1909f56bfc062723c751e8b465ee728b)
Start importing Assets/Prefab/Enemy.prefab using Guid(c3bdaf3c6695a924a85eb52b6f156083) Importer(815301076,1909f56bfc062723c751e8b465ee728b) [PhysX] Initialized MultithreadedTaskDispatcher with 16 workers.
[PhysX] Initialized MultithreadedTaskDispatcher with 16 workers.
 -> (artifact id: '3e986394b9237e7d0258d1fefe6fa83d') in 0.027624 seconds
Number of updated asset objects reloaded before import = 0
Number of asset objects unloaded after import = 365
========================================================================
Received Import Request.
  Time since last request: 10.638445 seconds.
  path: Assets/Prefab/Enemy.prefab
  artifactKey: Guid(c3bdaf3c6695a924a85eb52b6f156083) Importer(815301076,1909f56bfc062723c751e8b465ee728b)
Start importing Assets/Prefab/Enemy.prefab using Guid(c3bdaf3c6695a924a85eb52b6f156083) Importer(815301076,1909f56bfc062723c751e8b465ee728b) [PhysX] Initialized MultithreadedTaskDispatcher with 16 workers.
[PhysX] Initialized MultithreadedTaskDispatcher with 16 workers.
 -> (artifact id: 'cbcea4928d73dab007f501c0f36f2837') in 0.028897 seconds
Number of updated asset objects reloaded before import = 0
Number of asset objects unloaded after import = 365
========================================================================
Received Import Request.
  Time since last request: 15.267777 seconds.
  path: Assets/Prefab/Enemy.prefab
  artifactKey: Guid(c3bdaf3c6695a924a85eb52b6f156083) Importer(815301076,1909f56bfc062723c751e8b465ee728b)
Start importing Assets/Prefab/Enemy.prefab using Guid(c3bdaf3c6695a924a85eb52b6f156083) Importer(815301076,1909f56bfc062723c751e8b465ee728b) [PhysX] Initialized MultithreadedTaskDispatcher with 16 workers.
[PhysX] Initialized MultithreadedTaskDispatcher with 16 workers.
 -> (artifact id: 'a9d7f12e646d17faf67e20f1de345060') in 0.029636 seconds
Number of updated asset objects reloaded before import = 0
Number of asset objects unloaded after import = 365
========================================================================
Received Import Request.
  Time since last request: 7.861416 seconds.
  path: Assets/Prefab/Enemy.prefab
  artifactKey: Guid(c3bdaf3c6695a924a85eb52b6f156083) Importer(815301076,1909f56bfc062723c751e8b465ee728b)
Start importing Assets/Prefab/Enemy.prefab using Guid(c3bdaf3c6695a924a85eb52b6f156083) Importer(815301076,1909f56bfc062723c751e8b465ee728b) [PhysX] Initialized MultithreadedTaskDispatcher with 16 workers.
[PhysX] Initialized MultithreadedTaskDispatcher with 16 workers.
 -> (artifact id: '2f6ab370fe1b174add5ac858fdfbac03') in 0.026865 seconds
Number of updated asset objects reloaded before import = 0
Number of asset objects unloaded after import = 365
========================================================================
Received Import Request.
  Time since last request: 1.975888 seconds.
  path: Assets/Prefab/Enemy.prefab
  artifactKey: Guid(c3bdaf3c6695a924a85eb52b6f156083) Importer(815301076,1909f56bfc062723c751e8b465ee728b)
Start importing Assets/Prefab/Enemy.prefab using Guid(c3bdaf3c6695a924a85eb52b6f156083) Importer(815301076,1909f56bfc062723c751e8b465ee728b) [PhysX] Initialized MultithreadedTaskDispatcher with 16 workers.
[PhysX] Initialized MultithreadedTaskDispatcher with 16 workers.
 -> (artifact id: '332819bdddc29247b141bd6d41637480') in 0.033850 seconds
Number of updated asset objects reloaded before import = 0
Number of asset objects unloaded after import = 365
========================================================================
Received Prepare
Folder 'Packages/com.unity.postprocessing/PostProcessing/Runtime/' contains multiple assembly definition files (Packages/com.unity.postprocessing/PostProcessing/Runtime/Unity.Postprocessing.Runtime.asmdef)
Folder 'Packages/com.unity.postprocessing/PostProcessing/Runtime/' contains multiple assembly definition files (Packages/com.unity.postprocessing/PostProcessing/Runtime/com.unity.postprocessing.Runtime.asmdef)
Folder 'Packages/com.unity.postprocessing/PostProcessing/Editor/' contains multiple assembly definition files (Packages/com.unity.postprocessing/PostProcessing/Editor/com.unity.postprocessing.Editor.asmdef)
Folder 'Packages/com.unity.postprocessing/PostProcessing/Editor/' contains multiple assembly definition files (Packages/com.unity.postprocessing/PostProcessing/Editor/Unity.Postprocessing.Editor.asmdef)
ArgumentException: An item with the same key has already been added. Key: d60799ab2a985554ea1a39cd38695018
  at System.Collections.Generic.Dictionary`2[TKey,TValue].TryInsert (TKey key, TValue value, System.Collections.Generic.InsertionBehavior behavior) [0x0015a] in <1071a2cb0cb3433aae80a793c277a048>:0 
  at System.Collections.Generic.Dictionary`2[TKey,TValue].Add (TKey key, TValue value) [0x00000] in <1071a2cb0cb3433aae80a793c277a048>:0 
  at System.Linq.Enumerable.ToDictionary[TSource,TKey,TElement] (TSource[] source, System.Func`2[T,TResult] keySelector, System.Func`2[T,TResult] elementSelector, System.Collections.Generic.IEqualityComparer`1[T] comparer) [0x00029] in <ea489521390f48908a7ce45cb17a6848>:0 
  at System.Linq.Enumerable.ToDictionary[TSource,TKey,TElement] (System.Collections.Generic.IEnumerable`1[T] source, System.Func`2[T,TResult] keySelector, System.Func`2[T,TResult] elementSelector, System.Collections.Generic.IEqualityComparer`1[T] comparer) [0x00051] in <ea489521390f48908a7ce45cb17a6848>:0 
  at System.Linq.Enumerable.ToDictionary[TSource,TKey,TElement] (System.Collections.Generic.IEnumerable`1[T] source, System.Func`2[T,TResult] keySelector, System.Func`2[T,TResult] elementSelector) [0x00000] in <ea489521390f48908a7ce45cb17a6848>:0 
  at UnityEditor.Scripting.ScriptCompilation.AssemblyGraphBuilder.Initialize (System.Collections.Generic.IReadOnlyCollection`1[T] assemblies, System.Collections.Generic.IReadOnlyCollection`1[T] customScriptAssemblyReferences) [0x00046] in <4b8f645257c94d1296f440a10c6f388e>:0 
  at UnityEditor.Scripting.ScriptCompilation.AssemblyGraphBuilderFactory.GetOrCreate (System.String projectPath, System.Collections.Generic.IReadOnlyCollection`1[T] assemblies, System.Collections.Generic.IReadOnlyCollection`1[T] customScriptAssemblyReferences) [0x00038] in <4b8f645257c94d1296f440a10c6f388e>:0 
  at UnityEditor.Scripting.ScriptCompilation.EditorCompilation.GetAssemblyGraphBuilder () [0x00027] in <4b8f645257c94d1296f440a10c6f388e>:0 
  at UnityEditor.Scripting.ScriptCompilation.EditorCompilation.SetAllScripts (System.String[] allScripts) [0x0000d] in <4b8f645257c94d1296f440a10c6f388e>:0 
  at UnityEditor.Scripting.ScriptCompilation.EditorCompilationInterface.SetAllScripts (System.String[] allScripts) [0x00006] in <4b8f645257c94d1296f440a10c6f388e>:0 

Caller must complete domain reload
Folder 'Packages/com.unity.postprocessing/PostProcessing/Runtime/' contains multiple assembly definition files (Packages/com.unity.postprocessing/PostProcessing/Runtime/Unity.Postprocessing.Runtime.asmdef)
Folder 'Packages/com.unity.postprocessing/PostProcessing/Runtime/' contains multiple assembly definition files (Packages/com.unity.postprocessing/PostProcessing/Runtime/com.unity.postprocessing.Runtime.asmdef)
Folder 'Packages/com.unity.postprocessing/PostProcessing/Editor/' contains multiple assembly definition files (Packages/com.unity.postprocessing/PostProcessing/Editor/com.unity.postprocessing.Editor.asmdef)
Folder 'Packages/com.unity.postprocessing/PostProcessing/Editor/' contains multiple assembly definition files (Packages/com.unity.postprocessing/PostProcessing/Editor/Unity.Postprocessing.Editor.asmdef)
ArgumentException: An item with the same key has already been added. Key: d60799ab2a985554ea1a39cd38695018
  at System.Collections.Generic.Dictionary`2[TKey,TValue].TryInsert (TKey key, TValue value, System.Collections.Generic.InsertionBehavior behavior) [0x0015a] in <1071a2cb0cb3433aae80a793c277a048>:0 
  at System.Collections.Generic.Dictionary`2[TKey,TValue].Add (TKey key, TValue value) [0x00000] in <1071a2cb0cb3433aae80a793c277a048>:0 
  at System.Linq.Enumerable.ToDictionary[TSource,TKey,TElement] (TSource[] source, System.Func`2[T,TResult] keySelector, System.Func`2[T,TResult] elementSelector, System.Collections.Generic.IEqualityComparer`1[T] comparer) [0x00029] in <ea489521390f48908a7ce45cb17a6848>:0 
  at System.Linq.Enumerable.ToDictionary[TSource,TKey,TElement] (System.Collections.Generic.IEnumerable`1[T] source, System.Func`2[T,TResult] keySelector, System.Func`2[T,TResult] elementSelector, System.Collections.Generic.IEqualityComparer`1[T] comparer) [0x00051] in <ea489521390f48908a7ce45cb17a6848>:0 
  at System.Linq.Enumerable.ToDictionary[TSource,TKey,TElement] (System.Collections.Generic.IEnumerable`1[T] source, System.Func`2[T,TResult] keySelector, System.Func`2[T,TResult] elementSelector) [0x00000] in <ea489521390f48908a7ce45cb17a6848>:0 
  at UnityEditor.Scripting.ScriptCompilation.AssemblyGraphBuilder.Initialize (System.Collections.Generic.IReadOnlyCollection`1[T] assemblies, System.Collections.Generic.IReadOnlyCollection`1[T] customScriptAssemblyReferences) [0x00046] in <4b8f645257c94d1296f440a10c6f388e>:0 
  at UnityEditor.Scripting.ScriptCompilation.AssemblyGraphBuilderFactory.GetOrCreate (System.String projectPath, System.Collections.Generic.IReadOnlyCollection`1[T] assemblies, System.Collections.Generic.IReadOnlyCollection`1[T] customScriptAssemblyReferences) [0x00038] in <4b8f645257c94d1296f440a10c6f388e>:0 
  at UnityEditor.Scripting.ScriptCompilation.EditorCompilation.GetAssemblyGraphBuilder () [0x00027] in <4b8f645257c94d1296f440a10c6f388e>:0 
  at UnityEditor.Scripting.ScriptCompilation.EditorCompilation.SetAllScripts (System.String[] allScripts) [0x0000d] in <4b8f645257c94d1296f440a10c6f388e>:0 
  at UnityEditor.Scripting.ScriptCompilation.EditorCompilationInterface.SetAllScripts (System.String[] allScripts) [0x00006] in <4b8f645257c94d1296f440a10c6f388e>:0 

Begin MonoManager ReloadAssembly
- Loaded All Assemblies, in  0.243 seconds
Native extension for WindowsStandalone target not found
Folder 'Packages/com.unity.postprocessing/PostProcessing/Runtime/' contains multiple assembly definition files (Packages/com.unity.postprocessing/PostProcessing/Runtime/Unity.Postprocessing.Runtime.asmdef)
Folder 'Packages/com.unity.postprocessing/PostProcessing/Runtime/' contains multiple assembly definition files (Packages/com.unity.postprocessing/PostProcessing/Runtime/com.unity.postprocessing.Runtime.asmdef)
Folder 'Packages/com.unity.postprocessing/PostProcessing/Editor/' contains multiple assembly definition files (Packages/com.unity.postprocessing/PostProcessing/Editor/com.unity.postprocessing.Editor.asmdef)
Folder 'Packages/com.unity.postprocessing/PostProcessing/Editor/' contains multiple assembly definition files (Packages/com.unity.postprocessing/PostProcessing/Editor/Unity.Postprocessing.Editor.asmdef)
ArgumentException: An item with the same key has already been added. Key: d60799ab2a985554ea1a39cd38695018
  at System.Collections.Generic.Dictionary`2[TKey,TValue].TryInsert (TKey key, TValue value, System.Collections.Generic.InsertionBehavior behavior) [0x0015a] in <1071a2cb0cb3433aae80a793c277a048>:0 
  at System.Collections.Generic.Dictionary`2[TKey,TValue].Add (TKey key, TValue value) [0x00000] in <1071a2cb0cb3433aae80a793c277a048>:0 
  at System.Linq.Enumerable.ToDictionary[TSource,TKey,TElement] (TSource[] source, System.Func`2[T,TResult] keySelector, System.Func`2[T,TResult] elementSelector, System.Collections.Generic.IEqualityComparer`1[T] comparer) [0x00029] in <ea489521390f48908a7ce45cb17a6848>:0 
  at System.Linq.Enumerable.ToDictionary[TSource,TKey,TElement] (System.Collections.Generic.IEnumerable`1[T] source, System.Func`2[T,TResult] keySelector, System.Func`2[T,TResult] elementSelector, System.Collections.Generic.IEqualityComparer`1[T] comparer) [0x00051] in <ea489521390f48908a7ce45cb17a6848>:0 
  at System.Linq.Enumerable.ToDictionary[TSource,TKey,TElement] (System.Collections.Generic.IEnumerable`1[T] source, System.Func`2[T,TResult] keySelector, System.Func`2[T,TResult] elementSelector) [0x00000] in <ea489521390f48908a7ce45cb17a6848>:0 
  at UnityEditor.Scripting.ScriptCompilation.AssemblyGraphBuilder.Initialize (System.Collections.Generic.IReadOnlyCollection`1[T] assemblies, System.Collections.Generic.IReadOnlyCollection`1[T] customScriptAssemblyReferences) [0x00046] in <4b8f645257c94d1296f440a10c6f388e>:0 
  at UnityEditor.Scripting.ScriptCompilation.AssemblyGraphBuilderFactory.GetOrCreate (System.String projectPath, System.Collections.Generic.IReadOnlyCollection`1[T] assemblies, System.Collections.Generic.IReadOnlyCollection`1[T] customScriptAssemblyReferences) [0x00038] in <4b8f645257c94d1296f440a10c6f388e>:0 
  at UnityEditor.Scripting.ScriptCompilation.EditorCompilation.GetAssemblyGraphBuilder () [0x00027] in <4b8f645257c94d1296f440a10c6f388e>:0 
  at UnityEditor.Scripting.ScriptCompilation.EditorCompilation.SetAllScripts (System.String[] allScripts) [0x0000d] in <4b8f645257c94d1296f440a10c6f388e>:0 
  at UnityEditor.Scripting.ScriptCompilation.EditorCompilationInterface.SetAllScripts (System.String[] allScripts) [0x00006] in <4b8f645257c94d1296f440a10c6f388e>:0 

Mono: successfully reloaded assembly
- Finished resetting the current domain, in  0.581 seconds
Domain Reload Profiling: 824ms
	BeginReloadAssembly (93ms)
		ExecutionOrderSort (0ms)
		DisableScriptedObjects (2ms)
		BackupInstance (0ms)
		ReleaseScriptingObjects (0ms)
		CreateAndSetChildDomain (23ms)
	RebuildCommonClasses (19ms)
	RebuildNativeTypeToScriptingClass (7ms)
	initialDomainReloadingComplete (14ms)
	LoadAllAssembliesAndSetupDomain (109ms)
		LoadAssemblies (148ms)
		RebuildTransferFunctionScriptingTraits (0ms)
		AnalyzeDomain (8ms)
			TypeCache.Refresh (4ms)
				TypeCache.ScanAssembly (0ms)
			ScanForSourceGeneratedMonoScriptInfo (0ms)
			ResolveRequiredComponents (3ms)
	FinalizeReload (581ms)
		ReleaseScriptCaches (0ms)
		RebuildScriptCaches (0ms)
		SetupLoadedEditorAssemblies (258ms)
			LogAssemblyErrors (0ms)
			InitializePlatformSupportModulesInManaged (3ms)
			SetLoadedEditorAssemblies (2ms)
			RefreshPlugins (0ms)
			BeforeProcessingInitializeOnLoad (41ms)
			ProcessInitializeOnLoadAttributes (199ms)
			ProcessInitializeOnLoadMethodAttributes (12ms)
			AfterProcessingInitializeOnLoad (2ms)
			EditorAssembliesLoaded (0ms)
		ExecutionOrderSort2 (0ms)
		AwakeInstancesAfterBackupRestoration (4ms)
Refreshing native plugins compatible for Editor in 1.85 ms, found 3 plugins.
Preloading 0 native plugins for Editor in 0.00 ms.
Unloading 3754 Unused Serialized files (Serialized files now loaded: 0)
Unloading 33 unused Assets / (2.6 MB). Loaded Objects now: 4390.
Memory consumption went from 152.8 MB to 150.1 MB.
Total: 2.921000 ms (FindLiveObjects: 0.273800 ms CreateObjectMapping: 0.126000 ms MarkObjects: 1.950200 ms  DeleteObjects: 0.570400 ms)

Prepare: number of updated asset objects reloaded= 0
AssetImportParameters requested are different than current active one (requested -> active):
  custom:scripting/monoscript/fileName/Decorators.cs: 4533f6715dc3f8cdabbd37ff77d1dad7 -> 
  custom:scripting/monoscript/fileName/GlobalSettings.cs: e5eb35b80bdfaee4ead1e1630fd77998 -> 
  custom:scripting/monoscript/fileName/PostProcessEffectBaseEditor.cs: 972bdf00f442be0d879dcb6868e25c8e -> 
  custom:scripting/monoscript/fileName/PostProcessRenderContext.cs: 9e034c8bf7d42a1d6c2d4339915eccb0 -> 
  custom:scripting/monoscript/fileName/Spline.cs: f8384952784bb95e08e1e29156fe4db5 -> 4e387ee563fd6b588142d262df330d27
  custom:scripting/monoscript/fileName/ColorGrading.cs: ef67493fb3cf9676ba5f25862510a595 -> 
  custom:scripting/monoscript/fileName/Monitor.cs: e0eb5d32b3aade2e0ce8680b00ac2b78 -> 
  custom:scripting/precompiled-assembly-types:Unity.Postprocessing.Runtime: 655cd018e42ac91ed9a03cfbdae17956 -> 
  custom:scripting/monoscript/fileName/TemporalAntialiasing.cs: 71e40fdab49d34f4e07f83936454d904 -> 
  custom:container-demuxer-ogg: 62fdf1f143b41e24485cea50d1cbac27 -> 
  custom:scripting/monoscript/fileName/AmbientOcclusion.cs: 7a27923f9312611f0b2898a72e3ee96a -> 
  custom:scripting/monoscript/fileName/PostProcessDebugLayer.cs: 6d8a99809398beddf11f92dfbb0e6ad4 -> 
  custom:scripting/monoscript/fileName/ColorUtilities.cs: 47918ebfa890b947a816b80444ee2882 -> 
  custom:scripting/monoscript/fileName/ParameterOverride.cs: 5475497db741ca919df708e5019e593d -> 
  custom:scripting/monoscript/fileName/TextureLerper.cs: 973e800795f77d61d647ea0c3f0cf284 -> 
  custom:scripting/precompiled-assembly-types:Unity.Postprocessing.Editor: 23b49e25b965492466cd147d7735360a -> 
  custom:scripting/monoscript/fileName/Vignette.cs: e0b99ac31b7575ef776e7be56647abb0 -> 
  custom:scripting/monoscript/fileName/DepthOfFieldEditor.cs: 64cce655bf722c851048e2ebbf401a7b -> 
  custom:scripting/monoscript/fileName/DefaultPostProcessEffectEditor.cs: 06a1d8fcea7725e08b95f21cc15fd0a1 -> 
  custom:scripting/monoscript/fileName/PostProcessLayer.cs: aa288976158dcd4c24041d5304f25d07 -> 
  custom:video-codec-MediaFoundation-h265: 746d11721c4dcdbdad8f713fa42b33f4 -> 
  custom:scripting/monoscript/fileName/MaxAttribute.cs: d661645ab8c724f24b3e19978e87b44c -> 
  custom:scripting/monoscript/fileName/PostProcessDebugEditor.cs: 1a0488d8742bf880cc7334e53e2cc73d -> 
  custom:video-decoder-ogg-theora: a1e56fd34408186e4bbccfd4996cb3dc -> 
  custom:scripting/monoscript/fileName/SerializedParameterOverride.cs: 5e4deaf96895d013d32a8e84ec179f8e -> 
  custom:scripting/monoscript/fileName/MeshUtilities.cs: dc5356b699afd34cf9728f4d65b476a0 -> 
  custom:scripting/monoscript/fileName/AmbientOcclusionEditor.cs: 61e5422c29b8f52188d508eb7d382167 -> 
  custom:scripting/monoscript/fileName/FastApproximateAntialiasing.cs: bf5588b2deec2689a812a7d2eacd9bd5 -> 
  custom:scripting/monoscript/fileName/MotionBlur.cs: 823914e335803785a19e5990c6ab2911 -> 
  custom:scripting/monoscript/fileName/DefineSetter.cs: 292ba08e52064b1a72f8d4bb04301dd3 -> 
  custom:framework-win-MediaFoundation: 216162199b28c13a410421893ffa2e32 -> 
  custom:scripting/monoscript/fileName/ShaderIDs.cs: 96024f1f873475da65a783f1404f9117 -> 
  custom:scripting/monoscript/fileName/PostProcessEditorAttribute.cs: 672a58b4d5bab60112487a31c361c481 -> 
  custom:scripting/monoscript/fileName/LensDistortionEditor.cs: dee045d29944d55e8040435a58a7ce90 -> 
  custom:scripting/monoscript/fileName/MotionBlurEditor.cs: 3bd8d3e7e9a7ea94beb2e5517b62d27b -> 
  custom:scripting/monoscript/fileName/Dithering.cs: 3014fffaa718d0ad6dd2c7bb7956ed46 -> 
  custom:scripting/monoscript/fileName/DecoratorAttribute.cs: be5bd39119e1a41ea1a019fdb3818a3f -> 
  custom:scripting/monoscript/fileName/DisplayNameAttribute.cs: 935a6ac504eb8a852fba40cbcae9292c -> 
  custom:scripting/monoscript/fileName/PostProcessEffectSettings.cs: 2ab9d33170e863b1a9c8a9079cdd12aa -> 
  custom:scripting/monoscript/fileName/Fog.cs: 07e271953e2bcf8513b6a72a2737e767 -> 
  custom:scripting/monoscript/fileName/PostProcessManager.cs: 28ef7780d543a8111635e1f5051383d0 -> 
  custom:scripting/monoscript/fileName/VolumeFactory.cs: cc77136700c9e1ff894d234886ccb852 -> 
  custom:CustomObjectIndexerAttribute: 9a22284fe3817be447336de3de66b15e -> 
  custom:scripting/monoscript/fileName/PostProcessEvent.cs: 8fb6e54ff2cf1a8be7ecdd01fbdd78f8 -> 
  custom:scripting/monoscript/fileName/TrackballAttribute.cs: 8dea8f77de7bd03137cc578af1ea6656 -> 
  custom:scripting/monoscript/fileName/TrackballDecorator.cs: 6a2b6c747937d12d8d81be8f5b21fbd2 -> 
  custom:scripting/monoscript/fileName/MultiScaleVO.cs: d4c4732956ffb536e016475d75f04c43 -> 
  custom:scripting/monoscript/fileName/CubeLutAssetFactory.cs: db1961888d7cabf6be94b37e3b663de4 -> 
  custom:container-demuxer-webm: 4f35f7cbe854078d1ac9338744f61a02 -> 
  custom:scripting/monoscript/fileName/PostProcessVolumeEditor.cs: 7aae71821512dcac422c45dc773293c3 -> 
  custom:scripting/monoscript/fileName/ChromaticAberration.cs: 4d59e57f8324f5f986e16678ed451410 -> 
  custom:scripting/monoscript/fileName/VignetteEditor.cs: 345736fc911c5e8ab23e579751a40e4a -> 
  custom:scripting/monoscript/fileName/Styling.cs: d1c4aa14ff93670753edfbb93fc91bfe -> 
  custom:scripting/monoscript/fileName/PostProcessEffectRendererExtensions.cs: e953624d113e7e1739c702512603957d -> 
  custom:scripting/monoscript/fileName/ScalableAO.cs: 2f29d71d59b754086c809cfee1cdce34 -> 
  custom:scripting/monoscript/fileName/PostProcessLayerEditor.cs: d16de665ece05cd6e27dcc8d7bac4b9a -> 
  custom:scripting/monoscript/fileName/MinMaxAttribute.cs: a4b6ac8a4377612c7135a60f905792f1 -> 
  custom:scripting/monoscript/fileName/SubpixelMorphologicalAntialiasing.cs: 02dcb8839824addec278047da0509aea -> 
  custom:scripting/monoscript/fileName/BaseEditor.cs: 90647cc400823b41df847a6cbfc29026 -> 
  custom:container-muxer-webm: aa71ff27fc2769a1b78a27578f13a17b -> 
  custom:scripting/monoscript/fileName/ReadmeEditor.cs: ff7ced1e41c1b99ddf5dfefc88f6bd50 -> 
  custom:video-decoder-webm-vp8: 9c59270c3fd7afecdb556c50c9e8de78 -> 
  custom:SearchIndexIgnoredProperties: e643bd26f0fe6173181afceb89e7c659 -> 
  custom:scripting/monoscript/fileName/ChromaticAberrationEditor.cs: 3043bf57519b71f64b7a6de970c2487b -> 
  custom:scripting/monoscript/fileName/PostProcessEffectRenderer.cs: 577c5acf8157ecea944bb95c8c6d9a95 -> 
  custom:AudioImporter_EditorPlatform: d09bf68614088b80899f8185d706f6e7 -> 
  custom:scripting/monoscript/fileName/TextureFormatUtilities.cs: ba58c57cfaabc0f8201a9ca6902fcb23 -> 
  custom:scripting/monoscript/fileName/PostProcessVolume.cs: 3883cef4be0567c54caf457a416a2095 -> 
  custom:scripting/monoscript/fileName/LightMeterMonitor.cs: a897ae0c731cb153281aea9ecd0efb03 -> 
  custom:scripting/monoscript/fileName/ColorGradingEditor.cs: 25838050e3e1f12ef51713a5dcf60349 -> 
  custom:scripting/monoscript/fileName/AttributeDecorator.cs: 39b465f08cd0a5df82fc2ef70b766ca2 -> 
  custom:scripting/monoscript/fileName/AutoExposureEditor.cs: dfd15824649ea346b717bc72a871d75b -> 
  custom:scripting/monoscript/fileName/LensDistortion.cs: b7963bb1da21ba484a7b59b9f6ea3aec -> 
  custom:scripting/monoscript/fileName/ResourceAssetFactory.cs: bf6acc988648d854bb3c5751325d0d0a -> 
  custom:scripting/monoscript/fileName/PostProcessProfileEditor.cs: 1dcd55858a4126cb33b0f2de53c74fbe -> 
  custom:scripting/monoscript/fileName/PostProcessDebug.cs: a653e9b773649e7452b035b4ce1dae82 -> 
  custom:scripting/monoscript/fileName/PostProcessAttribute.cs: e125947bf72ce7382f3b16f75797c897 -> 
  custom:scripting/monoscript/fileName/Grain.cs: 43f09a87a88d9937fbb9c4dbf3d5508e -> 
  custom:scripting/monoscript/fileName/HistogramMonitor.cs: 6fd024409d6e9db8d4c2c4e26430c2ad -> 
  custom:scripting/monoscript/fileName/PostProcessProfile.cs: f6dc030e2e953b2ed0eca334cce5d5cf -> 
  custom:scripting/monoscript/fileName/ProfileFactory.cs: f835845dfebfed501813f60a1cb006a3 -> 
  custom:scripting/monoscript/fileName/PostProcessEffectEditor.cs: 90647cc400823b41df847a6cbfc29026 -> 
  custom:scripting/monoscript/fileName/CubeLutAssetImporter.cs: 5e94ca4c74dad11cc8880f33d0ba9efb -> 
  custom:scripting/monoscript/fileName/PostProcessBundle.cs: f610f855c8ae8b896b5084e85ede373e -> 
  custom:scripting/monoscript/fileName/ScreenSpaceReflectionsEditor.cs: 59c13ba25de6098e70bafe8be94f609a -> 
  custom:video-encoder-webm-vp8: eb34c28f22e8b96e1ab97ce403110664 -> 
  custom:scripting/monoscript/fileName/RuntimeUtilities.cs: 76964d36e50cc48cfa29643bdde8d9a5 -> 
  custom:scripting/monoscript/fileName/Bloom.cs: 6f6d579a64201b97313a62a1e91b3575 -> 
  custom:audio-decoder-ogg-vorbis: bf7c407c2cedff20999df2af8eb42d56 -> 
  custom:scripting/monoscript/fileName/AutoExposure.cs: 0e7c21b17f53209ee8c5c61ab59d7835 -> 
  custom:scripting/monoscript/fileName/VectorscopeMonitor.cs: cb70c6437b976f01b752cd219cc47f32 -> 
  custom:scripting/monoscript/fileName/PropertySheetFactory.cs: cfc4667cc03e44252fafe18d99f24b25 -> 
  custom:scripting/monoscript/fileName/EditorUtilities.cs: 53a52fb113757c42f9c516115bd845ca -> 
  custom:scripting/monoscript/fileName/HaltonSeq.cs: a7590e55d6fae5328a1c395a2473d0cf -> 
  custom:scripting/monoscript/fileName/MinAttribute.cs: a3e7473301291585f4cca024ce307406 -> 
  custom:scripting/monoscript/fileName/DepthOfField.cs: d62178d8b5619f59fcdd6d24617ef5fd -> 
  custom:scripting/monoscript/fileName/BloomEditor.cs: c341bb26b40744c3a5c2a142ac3e1051 -> 
  custom:scripting/monoscript/fileName/WaveformMonitor.cs: 609651ee3f98f206575f684e9cce655d -> 
  custom:scripting/monoscript/fileName/HableCurve.cs: f244b24d6e7c556a2de06e25b0bbf4c1 -> 
  custom:audio-encoder-webm-vorbis: bf7c407c2cedff20999df2af8eb42d56 -> 
  custom:scripting/precompiled-assembly-types:Assembly-CSharp-Editor: 313400a751e441a2d874eab7f0380857 -> 
  custom:scripting/monoscript/fileName/PropertySheet.cs: e6bb03169eca9d33ea794a47ad6ce213 -> 
  custom:scripting/monoscript/fileName/TargetPool.cs: 6d29560228134c933c12fb1c113fb6ef -> 
  custom:scripting/monoscript/fileName/LogHistogram.cs: bab913d888834a1a8572eb834acec97c -> 
  custom:scripting/monoscript/fileName/ScreenSpaceReflections.cs: 8afa07200328ddfcb2536d4180c62536 -> 
  custom:scripting/monoscript/fileName/CurveEditor.cs: f5e872b2a5a6427a1785818cb10d95d1 -> 
  custom:scripting/monoscript/fileName/PostProcessResources.cs: 5089c17a701ba9b714a1f3d25fb9a9b0 -> 
  custom:scripting/monoscript/fileName/EffectListEditor.cs: 1ecdb4094d9e64024d6eb7725a86197b -> 
========================================================================
Received Prepare
Folder 'Packages/com.unity.postprocessing/PostProcessing/Runtime/' contains multiple assembly definition files (Packages/com.unity.postprocessing/PostProcessing/Runtime/Unity.Postprocessing.Runtime.asmdef)
Folder 'Packages/com.unity.postprocessing/PostProcessing/Runtime/' contains multiple assembly definition files (Packages/com.unity.postprocessing/PostProcessing/Runtime/com.unity.postprocessing.Runtime.asmdef)
Folder 'Packages/com.unity.postprocessing/PostProcessing/Editor/' contains multiple assembly definition files (Packages/com.unity.postprocessing/PostProcessing/Editor/com.unity.postprocessing.Editor.asmdef)
Folder 'Packages/com.unity.postprocessing/PostProcessing/Editor/' contains multiple assembly definition files (Packages/com.unity.postprocessing/PostProcessing/Editor/Unity.Postprocessing.Editor.asmdef)
ArgumentException: An item with the same key has already been added. Key: d60799ab2a985554ea1a39cd38695018
  at System.Collections.Generic.Dictionary`2[TKey,TValue].TryInsert (TKey key, TValue value, System.Collections.Generic.InsertionBehavior behavior) [0x0015a] in <1071a2cb0cb3433aae80a793c277a048>:0 
  at System.Collections.Generic.Dictionary`2[TKey,TValue].Add (TKey key, TValue value) [0x00000] in <1071a2cb0cb3433aae80a793c277a048>:0 
  at System.Linq.Enumerable.ToDictionary[TSource,TKey,TElement] (TSource[] source, System.Func`2[T,TResult] keySelector, System.Func`2[T,TResult] elementSelector, System.Collections.Generic.IEqualityComparer`1[T] comparer) [0x00029] in <ea489521390f48908a7ce45cb17a6848>:0 
  at System.Linq.Enumerable.ToDictionary[TSource,TKey,TElement] (System.Collections.Generic.IEnumerable`1[T] source, System.Func`2[T,TResult] keySelector, System.Func`2[T,TResult] elementSelector, System.Collections.Generic.IEqualityComparer`1[T] comparer) [0x00051] in <ea489521390f48908a7ce45cb17a6848>:0 
  at System.Linq.Enumerable.ToDictionary[TSource,TKey,TElement] (System.Collections.Generic.IEnumerable`1[T] source, System.Func`2[T,TResult] keySelector, System.Func`2[T,TResult] elementSelector) [0x00000] in <ea489521390f48908a7ce45cb17a6848>:0 
  at UnityEditor.Scripting.ScriptCompilation.AssemblyGraphBuilder.Initialize (System.Collections.Generic.IReadOnlyCollection`1[T] assemblies, System.Collections.Generic.IReadOnlyCollection`1[T] customScriptAssemblyReferences) [0x00046] in <4b8f645257c94d1296f440a10c6f388e>:0 
  at UnityEditor.Scripting.ScriptCompilation.AssemblyGraphBuilderFactory.GetOrCreate (System.String projectPath, System.Collections.Generic.IReadOnlyCollection`1[T] assemblies, System.Collections.Generic.IReadOnlyCollection`1[T] customScriptAssemblyReferences) [0x00038] in <4b8f645257c94d1296f440a10c6f388e>:0 
  at UnityEditor.Scripting.ScriptCompilation.EditorCompilation.GetAssemblyGraphBuilder () [0x00027] in <4b8f645257c94d1296f440a10c6f388e>:0 
  at UnityEditor.Scripting.ScriptCompilation.EditorCompilation.SetAllScripts (System.String[] allScripts) [0x0000d] in <4b8f645257c94d1296f440a10c6f388e>:0 
  at UnityEditor.Scripting.ScriptCompilation.EditorCompilationInterface.SetAllScripts (System.String[] allScripts) [0x00006] in <4b8f645257c94d1296f440a10c6f388e>:0 

Caller must complete domain reload
Folder 'Packages/com.unity.postprocessing/PostProcessing/Runtime/' contains multiple assembly definition files (Packages/com.unity.postprocessing/PostProcessing/Runtime/Unity.Postprocessing.Runtime.asmdef)
Folder 'Packages/com.unity.postprocessing/PostProcessing/Runtime/' contains multiple assembly definition files (Packages/com.unity.postprocessing/PostProcessing/Runtime/com.unity.postprocessing.Runtime.asmdef)
Folder 'Packages/com.unity.postprocessing/PostProcessing/Editor/' contains multiple assembly definition files (Packages/com.unity.postprocessing/PostProcessing/Editor/com.unity.postprocessing.Editor.asmdef)
Folder 'Packages/com.unity.postprocessing/PostProcessing/Editor/' contains multiple assembly definition files (Packages/com.unity.postprocessing/PostProcessing/Editor/Unity.Postprocessing.Editor.asmdef)
ArgumentException: An item with the same key has already been added. Key: d60799ab2a985554ea1a39cd38695018
  at System.Collections.Generic.Dictionary`2[TKey,TValue].TryInsert (TKey key, TValue value, System.Collections.Generic.InsertionBehavior behavior) [0x0015a] in <1071a2cb0cb3433aae80a793c277a048>:0 
  at System.Collections.Generic.Dictionary`2[TKey,TValue].Add (TKey key, TValue value) [0x00000] in <1071a2cb0cb3433aae80a793c277a048>:0 
  at System.Linq.Enumerable.ToDictionary[TSource,TKey,TElement] (TSource[] source, System.Func`2[T,TResult] keySelector, System.Func`2[T,TResult] elementSelector, System.Collections.Generic.IEqualityComparer`1[T] comparer) [0x00029] in <ea489521390f48908a7ce45cb17a6848>:0 
  at System.Linq.Enumerable.ToDictionary[TSource,TKey,TElement] (System.Collections.Generic.IEnumerable`1[T] source, System.Func`2[T,TResult] keySelector, System.Func`2[T,TResult] elementSelector, System.Collections.Generic.IEqualityComparer`1[T] comparer) [0x00051] in <ea489521390f48908a7ce45cb17a6848>:0 
  at System.Linq.Enumerable.ToDictionary[TSource,TKey,TElement] (System.Collections.Generic.IEnumerable`1[T] source, System.Func`2[T,TResult] keySelector, System.Func`2[T,TResult] elementSelector) [0x00000] in <ea489521390f48908a7ce45cb17a6848>:0 
  at UnityEditor.Scripting.ScriptCompilation.AssemblyGraphBuilder.Initialize (System.Collections.Generic.IReadOnlyCollection`1[T] assemblies, System.Collections.Generic.IReadOnlyCollection`1[T] customScriptAssemblyReferences) [0x00046] in <4b8f645257c94d1296f440a10c6f388e>:0 
  at UnityEditor.Scripting.ScriptCompilation.AssemblyGraphBuilderFactory.GetOrCreate (System.String projectPath, System.Collections.Generic.IReadOnlyCollection`1[T] assemblies, System.Collections.Generic.IReadOnlyCollection`1[T] customScriptAssemblyReferences) [0x00038] in <4b8f645257c94d1296f440a10c6f388e>:0 
  at UnityEditor.Scripting.ScriptCompilation.EditorCompilation.GetAssemblyGraphBuilder () [0x00027] in <4b8f645257c94d1296f440a10c6f388e>:0 
  at UnityEditor.Scripting.ScriptCompilation.EditorCompilation.SetAllScripts (System.String[] allScripts) [0x0000d] in <4b8f645257c94d1296f440a10c6f388e>:0 
  at UnityEditor.Scripting.ScriptCompilation.EditorCompilationInterface.SetAllScripts (System.String[] allScripts) [0x00006] in <4b8f645257c94d1296f440a10c6f388e>:0 

Begin MonoManager ReloadAssembly
- Loaded All Assemblies, in  0.235 seconds
Native extension for WindowsStandalone target not found
Folder 'Packages/com.unity.postprocessing/PostProcessing/Runtime/' contains multiple assembly definition files (Packages/com.unity.postprocessing/PostProcessing/Runtime/Unity.Postprocessing.Runtime.asmdef)
Folder 'Packages/com.unity.postprocessing/PostProcessing/Runtime/' contains multiple assembly definition files (Packages/com.unity.postprocessing/PostProcessing/Runtime/com.unity.postprocessing.Runtime.asmdef)
Folder 'Packages/com.unity.postprocessing/PostProcessing/Editor/' contains multiple assembly definition files (Packages/com.unity.postprocessing/PostProcessing/Editor/com.unity.postprocessing.Editor.asmdef)
Folder 'Packages/com.unity.postprocessing/PostProcessing/Editor/' contains multiple assembly definition files (Packages/com.unity.postprocessing/PostProcessing/Editor/Unity.Postprocessing.Editor.asmdef)
ArgumentException: An item with the same key has already been added. Key: d60799ab2a985554ea1a39cd38695018
  at System.Collections.Generic.Dictionary`2[TKey,TValue].TryInsert (TKey key, TValue value, System.Collections.Generic.InsertionBehavior behavior) [0x0015a] in <1071a2cb0cb3433aae80a793c277a048>:0 
  at System.Collections.Generic.Dictionary`2[TKey,TValue].Add (TKey key, TValue value) [0x00000] in <1071a2cb0cb3433aae80a793c277a048>:0 
  at System.Linq.Enumerable.ToDictionary[TSource,TKey,TElement] (TSource[] source, System.Func`2[T,TResult] keySelector, System.Func`2[T,TResult] elementSelector, System.Collections.Generic.IEqualityComparer`1[T] comparer) [0x00029] in <ea489521390f48908a7ce45cb17a6848>:0 
  at System.Linq.Enumerable.ToDictionary[TSource,TKey,TElement] (System.Collections.Generic.IEnumerable`1[T] source, System.Func`2[T,TResult] keySelector, System.Func`2[T,TResult] elementSelector, System.Collections.Generic.IEqualityComparer`1[T] comparer) [0x00051] in <ea489521390f48908a7ce45cb17a6848>:0 
  at System.Linq.Enumerable.ToDictionary[TSource,TKey,TElement] (System.Collections.Generic.IEnumerable`1[T] source, System.Func`2[T,TResult] keySelector, System.Func`2[T,TResult] elementSelector) [0x00000] in <ea489521390f48908a7ce45cb17a6848>:0 
  at UnityEditor.Scripting.ScriptCompilation.AssemblyGraphBuilder.Initialize (System.Collections.Generic.IReadOnlyCollection`1[T] assemblies, System.Collections.Generic.IReadOnlyCollection`1[T] customScriptAssemblyReferences) [0x00046] in <4b8f645257c94d1296f440a10c6f388e>:0 
  at UnityEditor.Scripting.ScriptCompilation.AssemblyGraphBuilderFactory.GetOrCreate (System.String projectPath, System.Collections.Generic.IReadOnlyCollection`1[T] assemblies, System.Collections.Generic.IReadOnlyCollection`1[T] customScriptAssemblyReferences) [0x00038] in <4b8f645257c94d1296f440a10c6f388e>:0 
  at UnityEditor.Scripting.ScriptCompilation.EditorCompilation.GetAssemblyGraphBuilder () [0x00027] in <4b8f645257c94d1296f440a10c6f388e>:0 
  at UnityEditor.Scripting.ScriptCompilation.EditorCompilation.SetAllScripts (System.String[] allScripts) [0x0000d] in <4b8f645257c94d1296f440a10c6f388e>:0 
  at UnityEditor.Scripting.ScriptCompilation.EditorCompilationInterface.SetAllScripts (System.String[] allScripts) [0x00006] in <4b8f645257c94d1296f440a10c6f388e>:0 

Mono: successfully reloaded assembly
- Finished resetting the current domain, in  0.574 seconds
Domain Reload Profiling: 808ms
	BeginReloadAssembly (89ms)
		ExecutionOrderSort (0ms)
		DisableScriptedObjects (2ms)
		BackupInstance (0ms)
		ReleaseScriptingObjects (0ms)
		CreateAndSetChildDomain (20ms)
	RebuildCommonClasses (18ms)
	RebuildNativeTypeToScriptingClass (7ms)
	initialDomainReloadingComplete (16ms)
	LoadAllAssembliesAndSetupDomain (104ms)
		LoadAssemblies (141ms)
		RebuildTransferFunctionScriptingTraits (0ms)
		AnalyzeDomain (8ms)
			TypeCache.Refresh (3ms)
				TypeCache.ScanAssembly (0ms)
			ScanForSourceGeneratedMonoScriptInfo (0ms)
			ResolveRequiredComponents (3ms)
	FinalizeReload (574ms)
		ReleaseScriptCaches (0ms)
		RebuildScriptCaches (0ms)
		SetupLoadedEditorAssemblies (264ms)
			LogAssemblyErrors (0ms)
			InitializePlatformSupportModulesInManaged (3ms)
			SetLoadedEditorAssemblies (2ms)
			RefreshPlugins (0ms)
			BeforeProcessingInitializeOnLoad (45ms)
			ProcessInitializeOnLoadAttributes (200ms)
			ProcessInitializeOnLoadMethodAttributes (12ms)
			AfterProcessingInitializeOnLoad (2ms)
			EditorAssembliesLoaded (0ms)
		ExecutionOrderSort2 (0ms)
		AwakeInstancesAfterBackupRestoration (4ms)
Refreshing native plugins compatible for Editor in 1.83 ms, found 3 plugins.
Preloading 0 native plugins for Editor in 0.00 ms.
Unloading 3754 Unused Serialized files (Serialized files now loaded: 0)
Unloading 31 unused Assets / (2.6 MB). Loaded Objects now: 4394.
Memory consumption went from 152.8 MB to 150.2 MB.
Total: 3.058600 ms (FindLiveObjects: 0.221500 ms CreateObjectMapping: 0.067100 ms MarkObjects: 2.140400 ms  DeleteObjects: 0.629100 ms)

Prepare: number of updated asset objects reloaded= 0
AssetImportParameters requested are different than current active one (requested -> active):
  custom:scripting/monoscript/fileName/Decorators.cs: 4533f6715dc3f8cdabbd37ff77d1dad7 -> 
  custom:scripting/monoscript/fileName/GlobalSettings.cs: e5eb35b80bdfaee4ead1e1630fd77998 -> 
  custom:scripting/monoscript/fileName/PostProcessEffectBaseEditor.cs: 972bdf00f442be0d879dcb6868e25c8e -> 
  custom:scripting/monoscript/fileName/PostProcessRenderContext.cs: 9e034c8bf7d42a1d6c2d4339915eccb0 -> 
  custom:scripting/monoscript/fileName/Spline.cs: f8384952784bb95e08e1e29156fe4db5 -> 4e387ee563fd6b588142d262df330d27
  custom:scripting/monoscript/fileName/ColorGrading.cs: ef67493fb3cf9676ba5f25862510a595 -> 
  custom:scripting/monoscript/fileName/Monitor.cs: e0eb5d32b3aade2e0ce8680b00ac2b78 -> 
  custom:scripting/precompiled-assembly-types:Unity.Postprocessing.Runtime: 655cd018e42ac91ed9a03cfbdae17956 -> 
  custom:scripting/monoscript/fileName/TemporalAntialiasing.cs: 71e40fdab49d34f4e07f83936454d904 -> 
  custom:container-demuxer-ogg: 62fdf1f143b41e24485cea50d1cbac27 -> 
  custom:scripting/monoscript/fileName/AmbientOcclusion.cs: 7a27923f9312611f0b2898a72e3ee96a -> 
  custom:scripting/monoscript/fileName/PostProcessDebugLayer.cs: 6d8a99809398beddf11f92dfbb0e6ad4 -> 
  custom:scripting/monoscript/fileName/ColorUtilities.cs: 47918ebfa890b947a816b80444ee2882 -> 
  custom:scripting/monoscript/fileName/ParameterOverride.cs: 5475497db741ca919df708e5019e593d -> 
  custom:scripting/monoscript/fileName/TextureLerper.cs: 973e800795f77d61d647ea0c3f0cf284 -> 
  custom:scripting/precompiled-assembly-types:Unity.Postprocessing.Editor: 23b49e25b965492466cd147d7735360a -> 
  custom:scripting/monoscript/fileName/Vignette.cs: e0b99ac31b7575ef776e7be56647abb0 -> 
  custom:scripting/monoscript/fileName/DepthOfFieldEditor.cs: 64cce655bf722c851048e2ebbf401a7b -> 
  custom:scripting/monoscript/fileName/DefaultPostProcessEffectEditor.cs: 06a1d8fcea7725e08b95f21cc15fd0a1 -> 
  custom:scripting/monoscript/fileName/PostProcessLayer.cs: aa288976158dcd4c24041d5304f25d07 -> 
  custom:video-codec-MediaFoundation-h265: 746d11721c4dcdbdad8f713fa42b33f4 -> 
  custom:scripting/monoscript/fileName/MaxAttribute.cs: d661645ab8c724f24b3e19978e87b44c -> 
  custom:scripting/monoscript/fileName/PostProcessDebugEditor.cs: 1a0488d8742bf880cc7334e53e2cc73d -> 
  custom:video-decoder-ogg-theora: a1e56fd34408186e4bbccfd4996cb3dc -> 
  custom:scripting/monoscript/fileName/SerializedParameterOverride.cs: 5e4deaf96895d013d32a8e84ec179f8e -> 
  custom:scripting/monoscript/fileName/MeshUtilities.cs: dc5356b699afd34cf9728f4d65b476a0 -> 
  custom:scripting/monoscript/fileName/AmbientOcclusionEditor.cs: 61e5422c29b8f52188d508eb7d382167 -> 
  custom:scripting/monoscript/fileName/FastApproximateAntialiasing.cs: bf5588b2deec2689a812a7d2eacd9bd5 -> 
  custom:scripting/monoscript/fileName/MotionBlur.cs: 823914e335803785a19e5990c6ab2911 -> 
  custom:scripting/monoscript/fileName/DefineSetter.cs: 292ba08e52064b1a72f8d4bb04301dd3 -> 
  custom:framework-win-MediaFoundation: 216162199b28c13a410421893ffa2e32 -> 
  custom:scripting/monoscript/fileName/ShaderIDs.cs: 96024f1f873475da65a783f1404f9117 -> 
  custom:scripting/monoscript/fileName/PostProcessEditorAttribute.cs: 672a58b4d5bab60112487a31c361c481 -> 
  custom:scripting/monoscript/fileName/LensDistortionEditor.cs: dee045d29944d55e8040435a58a7ce90 -> 
  custom:scripting/monoscript/fileName/MotionBlurEditor.cs: 3bd8d3e7e9a7ea94beb2e5517b62d27b -> 
  custom:scripting/monoscript/fileName/Dithering.cs: 3014fffaa718d0ad6dd2c7bb7956ed46 -> 
  custom:scripting/monoscript/fileName/DecoratorAttribute.cs: be5bd39119e1a41ea1a019fdb3818a3f -> 
  custom:scripting/monoscript/fileName/DisplayNameAttribute.cs: 935a6ac504eb8a852fba40cbcae9292c -> 
  custom:scripting/monoscript/fileName/PostProcessEffectSettings.cs: 2ab9d33170e863b1a9c8a9079cdd12aa -> 
  custom:scripting/monoscript/fileName/Fog.cs: 07e271953e2bcf8513b6a72a2737e767 -> 
  custom:scripting/monoscript/fileName/PostProcessManager.cs: 28ef7780d543a8111635e1f5051383d0 -> 
  custom:scripting/monoscript/fileName/VolumeFactory.cs: cc77136700c9e1ff894d234886ccb852 -> 
  custom:CustomObjectIndexerAttribute: 9a22284fe3817be447336de3de66b15e -> 
  custom:scripting/monoscript/fileName/PostProcessEvent.cs: 8fb6e54ff2cf1a8be7ecdd01fbdd78f8 -> 
  custom:scripting/monoscript/fileName/TrackballAttribute.cs: 8dea8f77de7bd03137cc578af1ea6656 -> 
  custom:scripting/monoscript/fileName/TrackballDecorator.cs: 6a2b6c747937d12d8d81be8f5b21fbd2 -> 
  custom:scripting/monoscript/fileName/MultiScaleVO.cs: d4c4732956ffb536e016475d75f04c43 -> 
  custom:scripting/monoscript/fileName/CubeLutAssetFactory.cs: db1961888d7cabf6be94b37e3b663de4 -> 
  custom:container-demuxer-webm: 4f35f7cbe854078d1ac9338744f61a02 -> 
  custom:scripting/monoscript/fileName/PostProcessVolumeEditor.cs: 7aae71821512dcac422c45dc773293c3 -> 
  custom:scripting/monoscript/fileName/ChromaticAberration.cs: 4d59e57f8324f5f986e16678ed451410 -> 
  custom:scripting/monoscript/fileName/VignetteEditor.cs: 345736fc911c5e8ab23e579751a40e4a -> 
  custom:scripting/monoscript/fileName/Styling.cs: d1c4aa14ff93670753edfbb93fc91bfe -> 
  custom:scripting/monoscript/fileName/PostProcessEffectRendererExtensions.cs: e953624d113e7e1739c702512603957d -> 
  custom:scripting/monoscript/fileName/ScalableAO.cs: 2f29d71d59b754086c809cfee1cdce34 -> 
  custom:scripting/monoscript/fileName/PostProcessLayerEditor.cs: d16de665ece05cd6e27dcc8d7bac4b9a -> 
  custom:scripting/monoscript/fileName/MinMaxAttribute.cs: a4b6ac8a4377612c7135a60f905792f1 -> 
  custom:scripting/monoscript/fileName/SubpixelMorphologicalAntialiasing.cs: 02dcb8839824addec278047da0509aea -> 
  custom:scripting/monoscript/fileName/BaseEditor.cs: 90647cc400823b41df847a6cbfc29026 -> 
  custom:container-muxer-webm: aa71ff27fc2769a1b78a27578f13a17b -> 
  custom:scripting/monoscript/fileName/ReadmeEditor.cs: ff7ced1e41c1b99ddf5dfefc88f6bd50 -> 
  custom:video-decoder-webm-vp8: 9c59270c3fd7afecdb556c50c9e8de78 -> 
  custom:SearchIndexIgnoredProperties: e643bd26f0fe6173181afceb89e7c659 -> 
  custom:scripting/monoscript/fileName/ChromaticAberrationEditor.cs: 3043bf57519b71f64b7a6de970c2487b -> 
  custom:scripting/monoscript/fileName/PostProcessEffectRenderer.cs: 577c5acf8157ecea944bb95c8c6d9a95 -> 
  custom:AudioImporter_EditorPlatform: d09bf68614088b80899f8185d706f6e7 -> 
  custom:scripting/monoscript/fileName/TextureFormatUtilities.cs: ba58c57cfaabc0f8201a9ca6902fcb23 -> 
  custom:scripting/monoscript/fileName/PostProcessVolume.cs: 3883cef4be0567c54caf457a416a2095 -> 
  custom:scripting/monoscript/fileName/LightMeterMonitor.cs: a897ae0c731cb153281aea9ecd0efb03 -> 
  custom:scripting/monoscript/fileName/ColorGradingEditor.cs: 25838050e3e1f12ef51713a5dcf60349 -> 
  custom:scripting/monoscript/fileName/AttributeDecorator.cs: 39b465f08cd0a5df82fc2ef70b766ca2 -> 
  custom:scripting/monoscript/fileName/AutoExposureEditor.cs: dfd15824649ea346b717bc72a871d75b -> 
  custom:scripting/monoscript/fileName/LensDistortion.cs: b7963bb1da21ba484a7b59b9f6ea3aec -> 
  custom:scripting/monoscript/fileName/ResourceAssetFactory.cs: bf6acc988648d854bb3c5751325d0d0a -> 
  custom:scripting/monoscript/fileName/PostProcessProfileEditor.cs: 1dcd55858a4126cb33b0f2de53c74fbe -> 
  custom:scripting/monoscript/fileName/PostProcessDebug.cs: a653e9b773649e7452b035b4ce1dae82 -> 
  custom:scripting/monoscript/fileName/PostProcessAttribute.cs: e125947bf72ce7382f3b16f75797c897 -> 
  custom:scripting/monoscript/fileName/Grain.cs: 43f09a87a88d9937fbb9c4dbf3d5508e -> 
  custom:scripting/monoscript/fileName/HistogramMonitor.cs: 6fd024409d6e9db8d4c2c4e26430c2ad -> 
  custom:scripting/monoscript/fileName/PostProcessProfile.cs: f6dc030e2e953b2ed0eca334cce5d5cf -> 
  custom:scripting/monoscript/fileName/ProfileFactory.cs: f835845dfebfed501813f60a1cb006a3 -> 
  custom:scripting/monoscript/fileName/PostProcessEffectEditor.cs: 90647cc400823b41df847a6cbfc29026 -> 
  custom:scripting/monoscript/fileName/CubeLutAssetImporter.cs: 5e94ca4c74dad11cc8880f33d0ba9efb -> 
  custom:scripting/monoscript/fileName/PostProcessBundle.cs: f610f855c8ae8b896b5084e85ede373e -> 
  custom:scripting/monoscript/fileName/ScreenSpaceReflectionsEditor.cs: 59c13ba25de6098e70bafe8be94f609a -> 
  custom:video-encoder-webm-vp8: eb34c28f22e8b96e1ab97ce403110664 -> 
  custom:scripting/monoscript/fileName/RuntimeUtilities.cs: 76964d36e50cc48cfa29643bdde8d9a5 -> 
  custom:scripting/monoscript/fileName/Bloom.cs: 6f6d579a64201b97313a62a1e91b3575 -> 
  custom:audio-decoder-ogg-vorbis: bf7c407c2cedff20999df2af8eb42d56 -> 
  custom:scripting/monoscript/fileName/AutoExposure.cs: 0e7c21b17f53209ee8c5c61ab59d7835 -> 
  custom:scripting/monoscript/fileName/VectorscopeMonitor.cs: cb70c6437b976f01b752cd219cc47f32 -> 
  custom:scripting/monoscript/fileName/PropertySheetFactory.cs: cfc4667cc03e44252fafe18d99f24b25 -> 
  custom:scripting/monoscript/fileName/EditorUtilities.cs: 53a52fb113757c42f9c516115bd845ca -> 
  custom:scripting/monoscript/fileName/HaltonSeq.cs: a7590e55d6fae5328a1c395a2473d0cf -> 
  custom:scripting/monoscript/fileName/MinAttribute.cs: a3e7473301291585f4cca024ce307406 -> 
  custom:scripting/monoscript/fileName/DepthOfField.cs: d62178d8b5619f59fcdd6d24617ef5fd -> 
  custom:scripting/monoscript/fileName/BloomEditor.cs: c341bb26b40744c3a5c2a142ac3e1051 -> 
  custom:scripting/monoscript/fileName/WaveformMonitor.cs: 609651ee3f98f206575f684e9cce655d -> 
  custom:scripting/monoscript/fileName/HableCurve.cs: f244b24d6e7c556a2de06e25b0bbf4c1 -> 
  custom:audio-encoder-webm-vorbis: bf7c407c2cedff20999df2af8eb42d56 -> 
  custom:scripting/precompiled-assembly-types:Assembly-CSharp-Editor: 313400a751e441a2d874eab7f0380857 -> 
  custom:scripting/monoscript/fileName/PropertySheet.cs: e6bb03169eca9d33ea794a47ad6ce213 -> 
  custom:scripting/monoscript/fileName/TargetPool.cs: 6d29560228134c933c12fb1c113fb6ef -> 
  custom:scripting/monoscript/fileName/LogHistogram.cs: bab913d888834a1a8572eb834acec97c -> 
  custom:scripting/monoscript/fileName/ScreenSpaceReflections.cs: 8afa07200328ddfcb2536d4180c62536 -> 
  custom:scripting/monoscript/fileName/CurveEditor.cs: f5e872b2a5a6427a1785818cb10d95d1 -> 
  custom:scripting/monoscript/fileName/PostProcessResources.cs: 5089c17a701ba9b714a1f3d25fb9a9b0 -> 
  custom:scripting/monoscript/fileName/EffectListEditor.cs: 1ecdb4094d9e64024d6eb7725a86197b -> 
